compound_inchikey,compound_firstblock,drugbank_inchikey,drugbank_id,compound_name,match_type,cpie_targets,n_cpie_targets,drugbank_targets,n_drugbank_targets,mean_ave_pchembl,median_ave_pchembl,n_cpie_associations,atc_codes,drugbank_targets_original,n_drugbank_targets_original
ADEBPBSSDYVVLD-UHFFFAOYSA-N,ADEBPBSSDYVVLD,ADEBPBSSDYVVLD-UHFFFAOYSA-N,DB00843,Donepezil,full_inchikey,ABCB1|ABCB11|ABCC3|ABCC4|ABCG2|ACHE|ADRA1A|ADRA2C|APP|BACE1|BCHE|CACNA1C|CEL|CES1|CES2|CES3|CES4A|CES5A|CHAT|CHRM1|CHRM2|CHRNE|CPT1A|CPT1B|CPT1C|CPT2|CRAT|CYP2C9|CYP2D6|CYP3A4|DRD4|GRIN1|GSK3B|HRH3|HTR2A|HTR2B|IL1B|KCNH2|MAOA|MAOB|NFKB2|NLGN1|NLGN2|NLGN3|NLGN4X|NLGN4Y|NOS1|PDE4D|PDE5A|SIGMAR1|SLC6A2|SLC6A3|SLC6A4|TG|TNFAIP6,55,ACHE|BCHE|GRIN1|HTR2A|IL1B|NFKB2|NOS1|TNFAIP6,8,5.024610363821461,5.009812153184474,55,N06DA02|N06DA52|N06DA53,ACHE|BCHE|GRIN1|HTR2A|IL1B|NFKB2|NOS1|TNFAIP6,8
AFSDNFLWKVMVRB-UHFFFAOYSA-N,AFSDNFLWKVMVRB,AFSDNFLWKVMVRB-UHFFFAOYSA-N,DB08846,Ellagic acid,full_inchikey,ACE|ACHE|AKR1A1|AKR1B1|AKR1B10|AKR1B15|AKR1C1|AKR1C2|AKR1C3|AKR1C4|AKR1D1|AKR1E2|AKT1|ALB|ALK|APOBEC3G|APP|ATG4B|AURKA|AURKB|BACE1|BAZ2B|BLM|BRAF|CA1|CA12|CA13|CA14|CA2|CA3|CA4|CA5A|CA5B|CA6|CA7|CA9|CARM1|CBFB|CCNA1|CCND1|CDK2|CDK4|CSNK2A1|CSNK2A2|CSNK2B|CYP1A1|CYP2C19|CYP2E1|DUSP3|DYRK1A|EGFR|EIF4G1|ELAVL3|EPHB4|EPHX2|ERBB2|FEN1|FLT3|FLT4|GALNT2|GCLM|GLS|GPR35|GSK3B|GSR|GSTP1|HBB|HPGD|HSPA1A|HSPA1B|HSPA8|IGF1R|IKBKB|INSR|KDR|MAOA|MAP3K8|MAPK1|MAPT|MCL1|MET|MIF|NT5E|NTMT1|NUAK1|PDGFRB|PLK1|PLK4|POLB|POLH|POLI|POLK|PRKACA|PRKACB|PRKACG|PRKCA|PRKCB|PTK2|PTPN1|RAPGEF3|RAPGEF4|RET|RUNX1|SLC22A11|SLC22A6|SMAD3|SPHK1|SQLE|SRC|SYK|TEK|TOP2B|TSNAX|USP2|VDR,115,CA1|CA12|CA14|CA2|CA3|CA4|CA5A|CA5B|CA6|CA7|CA9|CSNK2A1|GSK3B|HSPA1A|HSPA1B|PRKACA|PRKCA|PRKCB|SQLE|SYK,20,5.551196672626847,5.538620460254801,115,,CA1|CA12|CA14|CA2|CA3|CA4|CA5A|CA5B|CA6|CA7|CA9|CSNK2A1|GSK3B|HSPA1A|HSPA1B|PRKACA|PRKCA|PRKCB|SQLE|SYK,20
AGPKZVBTJJNPAG-WHFBIAKZSA-N,AGPKZVBTJJNPAG,AGPKZVBTJJNPAG-WHFBIAKZSA-N,DB00167,Isoleucine,full_inchikey,ACADSB|ACR|APLP2|APP|AZU1|BCAT1|BCAT2|C1RL|C1S|C2|CBS|CELA1|CELA2A|CELA2B|CELA3A|CELA3B|CFB|CFD|CFI|CMA1|CORIN|CTRB1|CTRB2|CTRC|CTRL|CTSG|ELANE|ENOSF1|F10|F11|F12|F2|F7|F9|GZMA|GZMB|GZMH|GZMK|GZMM|HABP2|HGF|HGFAC|HMGCL|HMGCLL1|HP|HPN|HPR|IARS1|IARS2|KLK1|KLK10|KLK11|KLK12|KLK13|KLK14|KLK15|KLK2|KLK3|KLK4|KLK5|KLK6|KLK7|KLK8|KLKB1|LARS1|LARS2|LPA|MASP1|MASP2|MST1|OTC|OVCH1|PLAT|PLAU|PLG|PROC|PROZ|PRSS1|PRSS12|PRSS21|PRSS22|PRSS27|PRSS3|PRSS33|PRSS36|PRSS37|PRSS38|PRSS48|PRSS50|PRSS53|PRSS54|PRSS55|PRSS57|PRSS58|PRSS8|PRTN3|PVR|SLC16A10|SLC36A1|ST14|TMPRSS11A|TMPRSS11B|TMPRSS11D|TMPRSS11E|TMPRSS11F|TMPRSS12|TMPRSS13|TMPRSS15|TMPRSS2|TMPRSS4|TMPRSS5|TMPRSS6|TMPRSS7|TPSAB1|TPSD1|TPSG1,116,ACADSB|BCAT1|BCAT2|IARS1|IARS2,5,1.431798275933005,1.431798275933005,116,,ACADSB|BCAT1|BCAT2|IARS1|IARS2,5
AHLPHDHHMVZTML-BYPYZUCNSA-N,AHLPHDHHMVZTML,AHLPHDHHMVZTML-BYPYZUCNSA-N,DB00129,Ornithine,full_inchikey,AGMAT|ARG1|ARG2|CAD|CPS1|CRYM|GATM|GPRC6A|OAT|OAZ1|ODC1|OTC|SLC25A15|SLC25A2|SLC7A1|SLC7A2,16,ARG1|ARG2|GATM|OAT|OAZ1|OTC|SLC25A15|SLC25A2|SLC7A1|SLC7A2,10,6.0,6.0,16,A05BA06,ARG1|ARG2|GATM|OAT|OAZ1|OTC|SLC25A15|SLC25A2|SLC7A1|SLC7A2,10
AHOUBRCZNHFOSL-YOEHRIQHSA-N,AHOUBRCZNHFOSL,AHOUBRCZNHFOSL-YOEHRIQHSA-N,DB00715,Paroxetine,full_inchikey,ABCB1|ABCC3|ABCC4|ADRA1A|ADRA2A|ADRA2C|ADRB1|ADRB2|AR|ATXN2|CACNA1C|CACNA1D|CACNA1F|CACNA1S|CHRM1|CHRM2|CHRM3|CHRM4|CHRM5|CNR1|CYP11A1|CYP11B1|CYP11B2|CYP17A1|CYP1A1|CYP1A2|CYP20A1|CYP24A1|CYP26A1|CYP26B1|CYP27A1|CYP27B1|CYP27C1|CYP2A13|CYP2A6|CYP2A7|CYP2B6|CYP2C18|CYP2C19|CYP2C8|CYP2C9|CYP2D6|CYP2E1|CYP2F1|CYP2J2|CYP2R1|CYP2S1|CYP2U1|CYP2W1|CYP39A1|CYP3A4|CYP3A43|CYP3A5|CYP3A7|CYP46A1|CYP4A11|CYP4A22|CYP4B1|CYP4F11|CYP4F12|CYP4F2|CYP4F22|CYP4F3|CYP4V2|CYP4X1|CYP4Z1|CYP51A1|CYP7A1|CYP7B1|CYP8B1|DRD1|DRD2|ESR2|GLI3|GNB2|GNB3|GNB4|GNG10|GNG11|GNG12|GNG13|GNG2|GNG3|GNG4|GNG5|GNG7|GNG8|GNGT1|GNGT2|GRK1|GRK2|GRK5|HRH1|HRH2|HTR1A|HTR2A|HTR2B|HTR2C|HTR3A|HTR5A|KCNA3|KCNH2|MPO|MTOR|P2RX3|P2RX4|P2RX5|P2RX6|PRKCA|PTGIS|SIGMAR1|SLC6A1|SLC6A11|SLC6A12|SLC6A13|SLC6A15|SLC6A16|SLC6A17|SLC6A18|SLC6A19|SLC6A2|SLC6A20|SLC6A3|SLC6A4|SLC6A5|SLC6A7|SLC6A8|SLC6A9|TACR1,129,ADRA1A|ADRA2A|ADRB1|CHRM1|DRD1|DRD2|HRH1|HTR1A|HTR2A|HTR2B|SLC6A2|SLC6A4,12,5.374845573338391,5.200065631553182,129,N06AB05,ADRA1A|ADRA2A|ADRB1|CHRM1|DRD1|DRD2|HRH1|HTR1A|HTR2A|HTR2B|SLC6A2|SLC6A4,12
AIONOLUJZLIMTK-AWEZNQCLSA-N,AIONOLUJZLIMTK,AIONOLUJZLIMTK-AWEZNQCLSA-N,DB01094,Hesperetin,full_inchikey,ABCG2|ACHE|CA1|CA12|CA2|CA4|CA7|CYP1A1|CYP1A2|CYP1B1|CYP2C19|CYP2C9|DGAT1|DPP4|GSK3B|HDAC6|HIF1A|KDM1A|MAPK14|MTTP|PTGS2|SHBG|SOAT1|SOAT2|XDH,25,DGAT1|MTTP|SHBG|SOAT1|SOAT2,5,5.645109740882074,5.299997602857746,25,,DGAT1|MTTP|SHBG|SOAT1|SOAT2,5
AOJJSUZBOXZQNB-TZSSRYMLSA-N,AOJJSUZBOXZQNB,AOJJSUZBOXZQNB-TZSSRYMLSA-N,DB00997,Doxorubicin,full_inchikey,ABCB1|ABCB11|ABCB8|ABCC1|ABCC10|ABCC2|ABCC3|ABCC4|ABCC6|ABCG2|AKR1A1|AKR1B1|AKR1B10|AKR1C3|AKR1C4|ALB|APAF1|AURKA|BCL2|BCL2L1|CASP1|CASP9|CBR1|CBR3|CHRM1|CISD1|CYP1B1|CYP2B6|CYP2D6|CYP3A4|DHCR7|EBP|EPAS1|ERBB2|ESR1|FYN|HIF1A|HLA-B|HSP90AA1|IFNB1|KCNH2|LCK|MMP2|NDUFS2|NDUFS3|NDUFS7|NOLC1|NOS1|NOS2|NOS3|NQO1|NR3C1|NR5A1|NSD2|P2RY12|PGR|POLK|POR|RAD51|RALBP1|RORA|SLC22A16|SLCO1B1|SLCO1B3|SLCO2B1|SOS1|TERT|TOP1|TOP2A|TOP2B|XDH|YWHAG,72,NOLC1|TERT|TOP1|TOP2A|TOP2B,5,5.298218417500535,5.28844583174983,72,L01DB01,NOLC1|TERT|TOP1|TOP2A|TOP2B,5
APIXJSLKIYYUKG-UHFFFAOYSA-N,APIXJSLKIYYUKG,APIXJSLKIYYUKG-UHFFFAOYSA-N,DB07954,3-isobutyl-1-methyl-7H-xanthine,full_inchikey,ADORA1|ADORA2A|ADORA2B|ADORA3|CACNA1C|CFTR|CYP3A4|PDE1A|PDE1B|PDE1C|PDE2A|PDE3A|PDE3B|PDE4A|PDE4B|PDE4D|PDE5A|PDE6C|PDE6G|PDE7A|PDE7B|PDE8A|PDE9A|SCN1A|SCN2A|SCN3A|SLC16A3,27,ADORA1|ADORA2A|ADORA2B|ADORA3|PDE2A|PDE3A|PDE3B|PDE4A|PDE4B|PDE4D|PDE5A|PDE6G|PDE7A|PDE8A|PDE9A,15,4.870417826421883,5.070581074285707,27,,ADORA1|ADORA2A|ADORA2B|ADORA3|PDE2A|PDE3A|PDE3B|PDE4A|PDE4B|PDE4D|PDE5A|PDE6G|PDE7A|PDE8A|PDE9A,15
AQHHHDLHHXJYJD-UHFFFAOYSA-N,AQHHHDLHHXJYJD,AQHHHDLHHXJYJD-UHFFFAOYSA-N,DB00571,Propranolol,full_inchikey,ABCB1|ABCB11|ABCC3|ABCC4|ACKR3|ADORA1|ADORA2A|ADORA2B|ADORA3|ADRA1A|ADRA1B|ADRA1D|ADRA2A|ADRA2C|ADRB1|ADRB2|ADRB3|AGTR1|AGTR2|ALB|APLNR|AVPR1A|AVPR1B|AVPR2|BDKRB1|BRS3|CACNA1C|CCKAR|CCKBR|CCR1|CCR3|CCR4|CCR5|CCR9|CHRM1|CHRM2|CHRM3|CNR1|CNR2|CXCR4|CXCR6|CYP11A1|CYP11B1|CYP11B2|CYP17A1|CYP1A1|CYP1A2|CYP20A1|CYP24A1|CYP26A1|CYP26B1|CYP27A1|CYP27B1|CYP27C1|CYP2A13|CYP2A6|CYP2A7|CYP2B6|CYP2C18|CYP2C19|CYP2C8|CYP2C9|CYP2D6|CYP2E1|CYP2F1|CYP2J2|CYP2R1|CYP2S1|CYP2U1|CYP2W1|CYP39A1|CYP3A4|CYP3A43|CYP3A5|CYP3A7|CYP46A1|CYP4A11|CYP4A22|CYP4B1|CYP4F11|CYP4F12|CYP4F2|CYP4F22|CYP4F3|CYP4V2|CYP4X1|CYP4Z1|CYP51A1|CYP7A1|CYP7B1|CYP8B1|DRD1|DRD2|DRD3|DRD4|DRD5|EDNRA|EDNRB|FFAR4|GALR1|GALR2|GALR3|GHSR|GNRHR|GPR119|GPR12|GPR135|GPR139|GPR142|GPR148|GPR150|GPR151|GPR161|GPR173|GPR176|GPR19|GPR22|GPR26|GPR27|GPR3|GPR37|GPR37L1|GPR39|GPR45|GPR52|GPR6|GPR61|GPR62|GPR63|GPR65|GPR78|GPR83|GPR84|GPR85|GPR88|GRPR|HCRTR1|HCRTR2|HRH1|HRH2|HRH3|HRH4|HTR1A|HTR1B|HTR1E|HTR1F|HTR2A|HTR2B|HTR2C|HTR3A|HTR4|HTR5A|HTR6|HTR7|KCNH2|KISS1R|LPAR1|LPAR2|LPAR3|LSP1|LTB4R|LTB4R2|MAOA|MC1R|MC2R|MC3R|MC4R|MC5R|MCHR1|MCHR2|MLNR|NMBR|NMUR1|NMUR2|NPBWR2|NPFFR1|NPFFR2|NPSR1|NPY1R|NPY2R|NPY4R|NPY5R|NR2E1|NTSR1|NTSR2|OPN1LW|OPN1MW2|OPN1SW|OPN3|OPN4|OPN5|OPRD1|OPRK1|OPRL1|OPRM1|ORM1|OXTR|PRLHR|PROKR1|PROKR2|PTGDR|PTGER1|PTGER2|PTGER3|PTGER4|PTGFR|PTGIR|PTGIS|QRFPR|RGR|RHO|RRH|RXFP3|RXFP4|SCN5A|SIGMAR1|SLC10A1|SLC22A1|SLC22A2|SLC6A4|SSTR1|SSTR2|SSTR4|SSTR5|TAAR1|TAAR2|TAAR5|TAAR6|TAAR8|TBXA2R|TMIGD3|TRHR|UTS2R,233,ADRB1|ADRB2|ADRB3|HTR1A|HTR1B,5,5.318964492397974,5.299994570061653,233,C07AA05|C07BA05|C07FX01,ADRB1|ADRB2|ADRB3|HTR1A|HTR1B,5
ASCFNMCAHFUBCO-UHFFFAOYSA-N,ASCFNMCAHFUBCO,ASCFNMCAHFUBCO-UHFFFAOYSA-N,DB02726,2-Phosphoglycolic Acid,full_inchikey,ENO1|ENO2|ENO3|ENO4|GNPDA1|GNPDA2|H6PD|PCK1|PCK2|PGLS|PKLR|PKM|PUDP|TPI1,14,ENO2|ENO3|PKLR|PKM|TPI1,5,,,14,,ENO2|ENO3|PKLR|PKM|TPI1,5
AURFZBICLPNKBZ-SYBPFIFISA-N,AURFZBICLPNKBZ,AURFZBICLPNKBZ-SYBPFIFISA-N,DB11859,Brexanolone,full_inchikey,AKR1B1|G6PD|GABRA1|GABRA2|GABRA3|GABRA4|GABRA5|GABRA6|GABRB1|GABRB2|GABRB3|GABRD|GABRE|GABRG1|GABRG2|GABRG3|GABRP|GABRQ,18,GABRA1|GABRB2|GABRD|GABRG2|GABRG3,5,7.113486581083964,7.134960673846167,18,N06AX29,GABRA1|GABRB2|GABRD|GABRG2|GABRG3,5
BAWFJGJZGIEFAR-NNYOXOHSSA-N,BAWFJGJZGIEFAR,BAWFJGJZGIEFAR-NNYOXOHSSA-N,DB14128,Nadide,full_inchikey,AASS|ACLY|ACTA1|ACTA2|ACTBL2|ACTC1|ACTG2|ACTL6A|ACTL6B|ACTL7A|ACTL7B|ACTL8|ACTL9|ACTR10|ACTR1A|ACTR1B|ACTR2|ACTR3|ACTR3B|ACTR3C|ACTR8|ACTRT1|ACTRT2|ACTRT3|ADH1A|ADH1B|ADH4|ADH5|ADH7|ADHFE1|AHCY|AHCYL1|AHCYL2|AIFM1|AIFM2|AKR1A1|AKR1B1|AKR1B10|AKR1B15|AKR1C1|AKR1C2|AKR1C3|AKR1C4|AKR1D1|AKR1E2|ALDH16A1|ALDH1A1|ALDH1A2|ALDH1A3|ALDH1B1|ALDH1L1|ALDH1L2|ALDH2|ALDH3A1|ALDH3A2|ALDH3B2|ALDH4A1|ALDH5A1|ALDH7A1|ALDH8A1|ALDH9A1|AOX1|ARF6|ATP7A|ATP7B|BDH2|BLVRA|BTD|C2ORF81|CACNA1H|CACNA1I|CATSPER4|CBR1|CBR3|CBR4|CD38|CRYL1|CRYM|CRYZ|CRYZL1|CS|CTBP1|CTBP2|CYB5R1|CYB5R2|CYB5R3|CYB5R4|DECR1|DECR2|DHDH|DHPS|DHRS1|DHRS12|DHRS13|DHRS2|DHRS4|DHRS4L2|DHRS7B|DHRS7C|DHRSX|DLD|EDC3|EEF2|EFL1|EFTUD2|EHHADH|ETFA|ETFB|G6PD|GAA|GALE|GALM|GANAB|GANC|GAPDH|GAPDHS|GATA1|GATA2|GATA3|GATA4|GATA5|GATA6|GCLM|GFM1|GFM2|GFOD1|GFOD2|GFUS|GLUD1|GLUD2|GMPR|GMPR2|GPD1|GPD1L|GRHPR|GSR|H6PD|HADH|HADHA|HIBADH|HMGCL|HMGCLL1|HMGCR|HPGD|HSD11B1|HSD11B1L|HSD17B1|HSD17B10|HSD17B11|HSD17B13|HSD17B14|HSD17B8|HSD3B1|HSD3B2|HSD3B7|HSDL2|IDH1|IDH2|IDH3A|IDH3B|IDH3G|IFFO2|IMPDH1|IMPDH2|ISYNA1|KCNA1|KCNA10|KCNA2|KCNA3|KCNA4|KCNA5|KCNA6|KCNA7|KCNB1|KCNB2|KCNC1|KCNC2|KCNC3|KCNC4|KCND1|KCND2|KCND3|KCNF1|KCNG1|KCNG2|KCNG3|KCNG4|KCNK1|KCNK10|KCNK16|KCNK17|KCNK18|KCNK2|KCNK4|KCNK5|KCNK6|KCNK7|KCNQ1|KCNQ2|KCNQ3|KCNQ4|KCNQ5|KCNS1|KCNS2|KCNS3|KCNV1|KCNV2|LDHAL6A|LDHAL6B|LDHB|LDHC|LGALS8|MDH1|MDH1B|MDH2|ME1|ME2|MECR|MGAM|MTHFD1|MTHFD1L|MTHFD2|MTHFD2L|MTHFR|NADSYN1|NAXD|NAXE|NIT1|NIT2|NMNAT1|NMNAT3|NNT|NOS1|NOS2|NOS3|NSDHL|OXNAD1|PECR|PHGDH|PNMA8B|POTEE|POTEI|POTEJ|PRODH|PRODH2|PYCR1|QDPR|RALA|RDH10|RDH11|RDH12|RDH13|RDH14|RTN4IP1|SCN1A|SCN2A|SCN4A|SDR16C5|SDR42E1|SIRT1|SIRT2|SIRT3|SIRT4|SIRT5|SIRT6|SIRT7|SORD|TGDS|TMCO3|TP53I3|TRPS1|TXNRD1|TXNRD2|TXNRD3|UEVLD|UGDH|UPB1|UROC1|UXS1|VAT1|VAT1L|VNN1|VNN2|XDH|YJEFN3|ZGLP1,286,ALDH2|BLVRA|GAA|GANAB|GANC|GSR|HMGCR|HSD17B1|IMPDH2|MGAM,10,5.814264065359549,5.814264065359549,286,,ALDH2|BLVRA|GAA|GANAB|GANC|GSR|HMGCR|HSD17B1|IMPDH2|MGAM,10
BCGWQEUPMDMJNV-UHFFFAOYSA-N,BCGWQEUPMDMJNV,BCGWQEUPMDMJNV-UHFFFAOYSA-N,DB00458,Imipramine,full_inchikey,ABCB1|ABCC3|ABCC4|ACKR3|ADORA1|ADORA2A|ADORA2B|ADORA3|ADRA1A|ADRA1B|ADRA1D|ADRA2A|ADRA2B|ADRA2C|ADRB1|ADRB2|ADRB3|AGTR1|AGTR2|ALB|APLNR|AVPR1A|AVPR1B|AVPR2|BDKRB1|BRS3|CACNA1B|CACNA1C|CACNA1D|CACNA1F|CACNA1S|CCKAR|CCKBR|CCR1|CCR3|CCR4|CCR5|CCR9|CHRM1|CHRM2|CHRM3|CHRM4|CHRM5|CNR1|CNR2|CXCR4|CXCR6|CYP1A2|CYP2B6|CYP2C18|CYP2C19|CYP2D6|CYP2E1|CYP2J2|CYP3A4|CYP3A7|DRD1|DRD2|DRD3|DRD4|DRD5|EDNRA|EDNRB|FFAR4|GALR1|GALR2|GALR3|GHSR|GLI3|GNRHR|GPR119|GPR12|GPR135|GPR139|GPR142|GPR148|GPR150|GPR151|GPR161|GPR173|GPR176|GPR19|GPR22|GPR26|GPR27|GPR3|GPR37|GPR37L1|GPR39|GPR45|GPR52|GPR6|GPR61|GPR62|GPR63|GPR65|GPR78|GPR83|GPR84|GPR85|GPR88|GRPR|HCRTR1|HCRTR2|HRH1|HRH2|HRH3|HRH4|HTR1A|HTR1B|HTR1E|HTR1F|HTR2A|HTR2B|HTR2C|HTR3A|HTR4|HTR5A|HTR6|HTR7|JUN|KCND2|KCND3|KCNH1|KCNH2|KISS1R|LPAR1|LPAR2|LPAR3|LSP1|LTB4R|LTB4R2|MC1R|MC2R|MC3R|MC4R|MC5R|MCHR1|MCHR2|MLNR|NMBR|NMUR1|NMUR2|NPBWR2|NPFFR1|NPFFR2|NPR2|NPSR1|NPY1R|NPY2R|NPY4R|NPY5R|NTSR1|NTSR2|OPN1LW|OPN1MW2|OPN1SW|OPN3|OPN4|OPN5|OPRD1|OPRK1|OPRL1|OPRM1|ORM1|ORM2|OXTR|PRLHR|PRNP|PROKR1|PROKR2|PTGDR|PTGER1|PTGER2|PTGER3|PTGER4|PTGFR|PTGIR|QRFPR|RGR|RHO|RRH|RXFP3|RXFP4|SCN10A|SCN11A|SCN1A|SCN2A|SCN3A|SCN4A|SCN5A|SCN7A|SCN8A|SIGMAR1|SLC22A1|SLC22A2|SLC22A3|SLC22A4|SLC47A1|SLC47A2|SLC6A1|SLC6A11|SLC6A12|SLC6A13|SLC6A15|SLC6A16|SLC6A17|SLC6A18|SLC6A19|SLC6A2|SLC6A20|SLC6A3|SLC6A4|SLC6A5|SLC6A7|SLC6A8|SLC6A9|SMPD1|SSTR1|SSTR2|SSTR4|SSTR5|TAAR1|TAAR2|TAAR5|TAAR6|TAAR8|TBXA2R|TMIGD3|TRHR|UTS2R,231,ADRA1A|ADRA1B|ADRA1D|CHRM1|CHRM2|CHRM3|CHRM4|CHRM5|DRD1|DRD2|HRH1|HTR1A|HTR2A|HTR2C|HTR6|HTR7|KCND2|KCND3|KCNH1|KCNH2|ORM2|SLC6A2|SLC6A3|SLC6A4,24,5.732496683631283,5.443697499232712,231,N06AA02,ADRA1A|ADRA1B|ADRA1D|CHRM1|CHRM2|CHRM3|CHRM4|CHRM5|DRD1|DRD2|HRH1|HTR1A|HTR2A|HTR2C|HTR6|HTR7|KCND2|KCND3|KCNH1|KCNH2|ORM2|SLC6A2|SLC6A3|SLC6A4,24
BDAGIHXWWSANSR-UHFFFAOYSA-N,BDAGIHXWWSANSR,BDAGIHXWWSANSR-UHFFFAOYSA-N,DB01942,Formic acid,full_inchikey,ACYP2|ALAD|CA2|CASK|CTBP1|CYTH2|FGF1|GGACT|GPHN|HCAR3|HMOX1|HPGDS|NOS1|NR1H3|PVALB|RNASE1|SLC16A3,17,ACYP2|ALAD|CA2|CASK|CTBP1|CYTH2|FGF1|GGACT|GPHN|HMOX1|HPGDS|NOS1|PVALB|RNASE1,14,,,17,,ACYP2|ALAD|CA2|CASK|CTBP1|CYTH2|FGF1|GGACT|GPHN|HMOX1|HPGDS|NOS1|PVALB|RNASE1,14
BDJRBEYXGGNYIS-UHFFFAOYSA-N,BDJRBEYXGGNYIS,BDJRBEYXGGNYIS-UHFFFAOYSA-N,DB00548,Azelaic acid,full_inchikey,AKR1D1|AZIN1|AZIN2|ESR1|MBNL1|ODC1|SRD5A1|SRD5A2|SRD5A3|TYR,10,AKR1D1|SRD5A1|SRD5A2|SRD5A3|TYR,5,4.537064644224538,4.537064644224538,10,D10AX03,AKR1D1|SRD5A1|SRD5A2|SRD5A3|TYR,5
BHMBVRSPMRCCGG-OUTUXVNYSA-N,BHMBVRSPMRCCGG,BHMBVRSPMRCCGG-OUTUXVNYSA-N,DB02056,Prostaglandin D2,full_inchikey,AKR1C3|PTGDR|PTGDR2|PTGER1|PTGER2|PTGER3|PTGER4|PTGFR|SLCO1A2|SLCO1B1|SLCO1B3|SLCO1B3-SLCO1B7|SLCO2A1|SLCO2B1|SLCO3A1|SLCO4A1|SLCO4C1|SLCO5A1|SLCO6A1,19,AKR1C3|PTGDR|PTGDR2|PTGER1|PTGER2|PTGER3|PTGER4|PTGFR,8,7.250569155503558,7.250569155503558,19,,AKR1C3|PTGDR|PTGDR2|PTGER1|PTGER2|PTGER3|PTGER4|PTGFR,8
BHQCQFFYRZLCQQ-OELDTZBJSA-N,BHQCQFFYRZLCQQ,BHQCQFFYRZLCQQ-OELDTZBJSA-N,DB02659,Cholic Acid,full_inchikey,ABCB1|ABCB11|ABCC1|ABCC2|ABCC3|ABCC4|ADH1A|ADH1B|ADH1C|ADH4|ADH5|ADH6|ADH7|AR|CA2|CES1|COA6|COX4I1|COX4I2|COX5A|COX5B|COX6A1|COX6A2|COX6B1|COX6B2|COX6C|COX7A1|COX7B|COX7C|COX8A|CRABP1|CRABP2|ESR1|ESR2|ESRRA|ESRRB|ESRRG|FABP1|FABP12|FABP2|FABP3|FABP4|FABP5|FABP6|FABP7|FABP9|FECH|GPBAR1|KMT2A|MT-CO1|MT-CO2|MT-CO3|NR0B1|NR0B2|NR1H2|NR1H3|NR1H4|NR1I2|NR1I3|NR2C1|NR2C2|NR2E1|NR2F1|NR2F2|NR2F6|NR3C1|NR3C2|NR6A1|OC90|PGR|PLA2G10|PLA2G1B|PLA2G2A|PLA2G2C|PLA2G2D|PLA2G2E|PLA2G2F|PLA2G5|PMP2|PPARD|PPARG|PSIP1|RARA|RARB|RARG|RBP2|RBP5|RBP7|RXRA|RXRB|RXRG|SLC10A1|SLC10A2|SLC22A7|SLC22A8|SLCO1A2|SLCO1B1|SLCO1B3|THRA|THRB|VDR,101,ADH1C|CES1|COX4I1|COX5A|COX5B|COX6A2|COX6B1|COX6C|COX7A1|COX7B|COX7C|COX8A|ESRRG|FABP6|FECH|GPBAR1|MT-CO1|MT-CO2|MT-CO3|NR1H4|PLA2G1B,21,4.842796301671434,4.7050120368824135,101,A05AA03,ADH1C|CES1|COX4I1|COX5A|COX5B|COX6A2|COX6B1|COX6C|COX7A1|COX7B|COX7C|COX8A|ESRRG|FABP6|FECH|GPBAR1|MT-CO1|MT-CO2|MT-CO3|NR1H4|PLA2G1B,21
BNRNXUUZRGQAQC-UHFFFAOYSA-N,BNRNXUUZRGQAQC,BNRNXUUZRGQAQC-UHFFFAOYSA-N,DB00203,Sildenafil,full_inchikey,ABCB1|ABCB11|ABCC10|ABCC2|ABCC3|ABCC4|ABCC5|ADORA1|ADORA2A|ADRA1A|CACNA1C|CD274|CYP2C19|CYP2C9|CYP2D6|CYP2E1|CYP3A4|CYP3A5|CYP3A7|KCND3|KCNE1|KCNH2|ODC1|PDE10A|PDE11A|PDE1A|PDE1B|PDE1C|PDE2A|PDE3A|PDE3B|PDE4A|PDE4B|PDE4D|PDE5A|PDE6A|PDE6B|PDE6C|PDE6D|PDE6G|PDE6H|PDE7A|PDE7B|PDE8A|PDE9A|SCN5A|SERPING1|SLCO1B1|SLCO1B3|SYK,50,CD274|ODC1|PDE5A|PDE6G|PDE6H|SERPING1,6,5.481325835291568,5.205978887243767,50,G01AE10|G04BE03,CD274|ODC1|PDE5A|PDE6G|PDE6H|SERPING1,6
BOJKULTULYSRAS-OTESTREVSA-N,BOJKULTULYSRAS,BOJKULTULYSRAS-OTESTREVSA-N,DB05767,Andrographolide,full_inchikey,AR|CYP3A7|IDO1|IFNB1|IL1B|IL6|NFKB1|NFKB2|NR1H4|NSD2|SYK|TNF,12,IL1B|IL6|NFKB1|NFKB2|TNF,5,5.289606257388965,5.045549745751831,12,,IL1B|IL6|NFKB1|NFKB2|TNF,5
BOPGDPNILDQYTO-NNYOXOHSSA-N,BOPGDPNILDQYTO,BOPGDPNILDQYTO-NNYOXOHSSA-N,DB00157,NADH,full_inchikey,AASS|ACADS|ACLY|ADH1A|ADH1B|ADH1C|ADH4|ADH5|ADH6|ADH7|AHCY|AHCYL1|AHCYL2|AIFM2|AKR1A1|AKR1B1|AKR1C1|AKR1C2|AKR1C3|AKR1C4|ALDH16A1|ALDH1A1|ALDH1A2|ALDH1A3|ALDH1B1|ALDH1L1|ALDH1L2|ALDH2|ALDH3A1|ALDH3A2|ALDH3B1|ALDH3B2|ALDH4A1|ALDH5A1|ALDH6A1|ALDH7A1|ALDH8A1|ALDH9A1|AMT|AOX1|BDH1|BDH2|BLVRA|BLVRB|BRSK1|BRSK2|C2ORF81|CBR1|CBR3|CBR4|CDO1|COA6|COX4I1|COX4I2|COX5A|COX5B|COX6A1|COX6A2|COX6B2|COX6C|COX7A1|COX7C|CRYL1|CRYM|CS|CTBP1|CTBP2|CYB5R3|CYC1|CYCS|CYP17A1|CYP4A11|DECR1|DECR2|DHCR7|DHDH|DHFR|DHRS1|DHRS12|DHRS13|DHRS2|DHRS4|DHRS4L2|DHRS7B|DHRS7C|DHRSX|DLAT|DLD|EDC3|EHHADH|GALE|GAPDH|GAPDHS|GFOD1|GFOD2|GFUS|GLUD1|GLUD2|GPD1|GRHPR|GSR|H6PD|HADH|HADHA|HIBADH|HMGCR|HMOX1|HMOX2|HPGD|HSD11B1|HSD11B1L|HSD11B2|HSD17B1|HSD17B10|HSD17B11|HSD17B13|HSD17B14|HSD17B2|HSD17B3|HSD17B4|HSD17B7|HSD17B8|HSD3B1|HSD3B2|HSD3B7|HSDL2|IDH3A|IDH3B|IDH3G|IFFO2|IMPDH1|IMPDH2|ISYNA1|LDHA|LDHAL6A|LDHAL6B|LDHB|LDHC|MARK1|MARK2|MARK3|MARK4|MAT2B|MDH1|MDH1B|MDH2|ME1|ME2|ME3|MSMO1|MT-CO1|MT-CO2|MT-CO3|MT-CYB|MT-ND1|MT-ND2|MT-ND3|MT-ND4|MT-ND4L|MT-ND5|MT-ND6|MTHFD1|MTHFD2|MTHFR|NAXD|NAXE|NDUFA1|NDUFA10|NDUFA11|NDUFA12|NDUFA13|NDUFA2|NDUFA3|NDUFA4|NDUFA4L2|NDUFA5|NDUFA6|NDUFA7|NDUFA8|NDUFA9|NDUFAB1|NDUFB1|NDUFB10|NDUFB2|NDUFB3|NDUFB4|NDUFB5|NDUFB6|NDUFB7|NDUFB8|NDUFB9|NDUFC1|NDUFC2|NDUFS1|NDUFS2|NDUFS3|NDUFS4|NDUFS5|NDUFS6|NDUFS7|NDUFS8|NDUFV1|NDUFV2|NDUFV3|NNT|NQO2|NSDHL|OGDH|PDHA1|PDHA2|PDHB|PECR|PHGDH|PMPCA|PMPCB|PPOX|PRKAA1|PRKAA2|PRKAB1|PRKAB2|PRKAG1|PRKAG2|PYCR1|PYCR2|QDPR|RDH10|RDH11|RDH12|RDH13|RDH14|RDH5|SDR16C5|SDR42E1|SIK1|SIK2|SORD|TYR|UEVLD|UGDH|UQCR10|UQCR11|UQCRB|UQCRC1|UQCRC2|UQCRFS1|UQCRH|UQCRQ|UXS1|XDH|YJEFN3,250,AASS|ACADS|ADH1A|ADH1B|ADH1C|ADH4|ADH5|ADH7|AKR1B1|AKR1C1|AKR1C2|AKR1C3|AKR1C4|ALDH1A1|ALDH1A2|ALDH1A3|ALDH1B1|ALDH2|ALDH3A1|ALDH3A2|ALDH3B1|ALDH3B2|ALDH4A1|ALDH5A1|ALDH6A1|ALDH7A1|ALDH9A1|AMT|BDH1|BLVRA|BLVRB|CDO1|CYB5R3|CYP17A1|CYP4A11|DHCR7|DHFR|DLAT|DLD|EHHADH|GAPDH|GAPDHS|GFUS|GLUD1|GLUD2|GPD1|GSR|H6PD|HADH|HADHA|HIBADH|HMGCR|HMOX1|HMOX2|HPGD|HSD11B1|HSD11B2|HSD17B1|HSD17B10|HSD17B2|HSD17B3|HSD17B4|HSD17B7|HSD17B8|HSD3B1|HSD3B2|IDH3A|IDH3B|IDH3G|IMPDH1|IMPDH2|LDHA|LDHAL6A|LDHAL6B|LDHB|LDHC|MDH1|MDH2|ME1|ME2|ME3|MSMO1|MT-ND1|MT-ND2|MT-ND3|MT-ND4|MT-ND4L|MT-ND5|MT-ND6|MTHFD1|MTHFD2|NDUFA1|NDUFA10|NDUFA11|NDUFA12|NDUFA13|NDUFA2|NDUFA3|NDUFA4|NDUFA4L2|NDUFA5|NDUFA6|NDUFA7|NDUFA8|NDUFA9|NDUFAB1|NDUFB1|NDUFB10|NDUFB2|NDUFB3|NDUFB4|NDUFB5|NDUFB6|NDUFB7|NDUFB8|NDUFB9|NDUFC1|NDUFC2|NDUFS1|NDUFS2|NDUFS3|NDUFS4|NDUFS5|NDUFS6|NDUFS7|NDUFS8|NDUFV1|NDUFV2|NDUFV3|NNT|NQO2|NSDHL|OGDH|PDHA1|PDHA2|PDHB|PHGDH|PYCR1|PYCR2|QDPR|RDH5|SORD|TYR|UGDH,144,,,250,,AASS|ACADS|ADH1A|ADH1B|ADH1C|ADH4|ADH5|ADH7|AKR1B1|AKR1C1|AKR1C2|AKR1C3|AKR1C4|ALDH1A1|ALDH1A2|ALDH1A3|ALDH1B1|ALDH2|ALDH3A1|ALDH3A2|ALDH3B1|ALDH3B2|ALDH4A1|ALDH5A1|ALDH6A1|ALDH7A1|ALDH9A1|AMT|BDH1|BLVRA|BLVRB|CDO1|CYB5R3|CYP17A1|CYP4A11|DHCR7|DHFR|DLAT|DLD|EHHADH|GAPDH|GAPDHS|GFUS|GLUD1|GLUD2|GPD1|GSR|H6PD|HADH|HADHA|HIBADH|HMGCR|HMOX1|HMOX2|HPGD|HSD11B1|HSD11B2|HSD17B1|HSD17B10|HSD17B2|HSD17B3|HSD17B4|HSD17B7|HSD17B8|HSD3B1|HSD3B2|IDH3A|IDH3B|IDH3G|IMPDH1|IMPDH2|LDHA|LDHAL6A|LDHAL6B|LDHB|LDHC|MDH1|MDH2|ME1|ME2|ME3|MSMO1|MT-ND1|MT-ND2|MT-ND3|MT-ND4|MT-ND4L|MT-ND5|MT-ND6|MTHFD1|MTHFD2|NDUFA1|NDUFA10|NDUFA11|NDUFA12|NDUFA13|NDUFA2|NDUFA3|NDUFA4|NDUFA4L2|NDUFA5|NDUFA6|NDUFA7|NDUFA8|NDUFA9|NDUFAB1|NDUFB1|NDUFB10|NDUFB2|NDUFB3|NDUFB4|NDUFB5|NDUFB6|NDUFB7|NDUFB8|NDUFB9|NDUFC1|NDUFC2|NDUFS1|NDUFS2|NDUFS3|NDUFS4|NDUFS5|NDUFS6|NDUFS7|NDUFS8|NDUFV1|NDUFV2|NDUFV3|NNT|NQO2|NSDHL|OGDH|PDHA1|PDHA2|PDHB|PHGDH|PYCR1|PYCR2|QDPR|RDH5|SORD|TYR|UGDH,144
BSYNRYMUTXBXSQ-UHFFFAOYSA-N,BSYNRYMUTXBXSQ,BSYNRYMUTXBXSQ-UHFFFAOYSA-N,DB00945,Acetylsalicylic acid,full_inchikey,ABCB1|ABCC3|ABCC4|AKR1C1|ALB|ASIC3|CA1|CA2|CALM1|CASP1|CASP3|CCND1|CDC42|CEBPB|CYP1A2|CYP2C19|CYP2C9|CYP2D6|CYP3A7|E2F1|EDNRA|EGFR|EPX|FOSL1|GGT1|H4C16|HDAC3|HMGCR|HSPA5|IFNG|IKBKB|IL12A|IL12B|ITGA2B|ITGB2|ITGB3|JUN|LDLR|LPO|LTF|MAPK1|MELTF|MPO|MYC|NAPRT|NAT2|NEU1|NFKB1|NFKBIA|NOS3|PCNA|PRKAA1|PTGES|PTGS1|PTGS2|PXDN|PXDNL|RELA|RPS6KA3|SLC22A6|SLC22A8|TF|TNF|TNFAIP6|TP53|TPO|UGT1A6,67,AKR1C1|CASP1|CASP3|CCND1|EDNRA|HMGCR|HSPA5|IKBKB|MAPK1|MYC|NEU1|NFKBIA|PCNA|PRKAA1|PTGS1|PTGS2|RPS6KA3|TNFAIP6|TP53,19,4.778779465500274,4.610029886099158,67,A01AD05|B01AC06|B01AC56|B01AF51|C07FX02|C07FX03|C07FX04|C10BX01|C10BX02|C10BX04|C10BX05|C10BX06|C10BX08|C10BX12|M01BA03|N02AJ02|N02AJ07|N02AJ18|N02BA01|N02BA51|N02BA71,AKR1C1|CASP1|CASP3|CCND1|EDNRA|HMGCR|HSPA5|IKBKB|MAPK1|MYC|NEU1|NFKBIA|PCNA|PRKAA1|PTGS1|PTGS2|RPS6KA3|TNFAIP6|TP53,19
BTCSSZJGUNDROE-UHFFFAOYSA-N,BTCSSZJGUNDROE,BTCSSZJGUNDROE-UHFFFAOYSA-N,DB02530,gamma-Aminobutyric acid,full_inchikey,ABAT|AGXT2|CARMIL1|CARMIL2|CNR1|ETNPPL|GABBR1|GABBR2|GABRA1|GABRA2|GABRA3|GABRA4|GABRA5|GABRA6|GABRB1|GABRB2|GABRB3|GABRD|GABRE|GABRG1|GABRG2|GABRG3|GABRP|GABRQ|GABRR1|GABRR2|GABRR3|GAD1|GAD2|GATM|GP6|HDAC1|HDAC10|HDAC11|HDAC4|HDAC5|HDAC7|HDAC9|ITGA4|LTF|MELTF|PHYKPL|SLC36A1|SLC6A1|SLC6A11|SLC6A12|SLC6A13|SLC6A15|SLC6A17|SLC6A2|SLC6A3|SLC6A4|SLC6A5|SLC6A6|TF,55,GABBR1|GABBR2|GABRA1|GABRA2|GABRA3|GABRA5|GABRB2|GABRG2|GATM|ITGA4|SLC6A1|SLC6A11,12,5.8712294844907404,6.144472992447843,55,,GABBR1|GABBR2|GABRA1|GABRA2|GABRA3|GABRA5|GABRB2|GABRG2|GATM|ITGA4|SLC6A1|SLC6A11,12
BYBLEWFAAKGYCD-UHFFFAOYSA-N,BYBLEWFAAKGYCD,BYBLEWFAAKGYCD-UHFFFAOYSA-N,DB01110,Miconazole,full_inchikey,ABCB1|ABCB11|ABCC3|ABCC4|ACHE|ADORA1|ADORA2A|ADORA3|ADRA1D|ADRA2A|ADRA2B|ADRB1|ADRB3|AGTR2|AHR|ALB|ALPL|ATXN2|CACNA1C|CHRM1|CHRM2|CHRM3|CHRM4|CNR1|CYP11A1|CYP11B1|CYP11B2|CYP17A1|CYP19A1|CYP1A1|CYP1A2|CYP20A1|CYP24A1|CYP26A1|CYP26B1|CYP27A1|CYP27B1|CYP27C1|CYP2A13|CYP2A6|CYP2A7|CYP2B6|CYP2C18|CYP2C19|CYP2C8|CYP2C9|CYP2D6|CYP2E1|CYP2F1|CYP2J2|CYP2R1|CYP2S1|CYP2U1|CYP2W1|CYP39A1|CYP3A4|CYP3A43|CYP3A5|CYP3A7|CYP46A1|CYP4A11|CYP4A22|CYP4B1|CYP4F11|CYP4F12|CYP4F2|CYP4F22|CYP4F3|CYP4V2|CYP4X1|CYP4Z1|CYP51A1|CYP7A1|CYP7B1|CYP8B1|DRD1|DRD2|DRD3|DRD4|EGFR|ERBB2|FYN|GRM6|HRH2|HSP90AA1|HTR1A|HTR2A|HTR2B|HTR2C|HTR6|IDH1|IDO1|KCNH2|KCNJ12|KCNMA1|MC3R|MC4R|MC5R|MDH1|NOS2|NOS3|NR1I2|NR3C1|OPRD1|OPRK1|OPRM1|ORAI1|PGR|PTGIS|PTGS2|SLC6A2|SLC6A3|SLC6A4|SYK|TACR1|TACR2|TBXAS1|VDR,118,CACNA1C|KCND1|KCNJ12|KCNMA1|NOS2|NOS3|NR1I2,7,5.376569201025448,5.397119319786651,118,A01AB09|A07AC01|D01AC02|D01AC52|G01AF04|G01AF20|J02AB01|S02AA13,CACNA1C|KCND1|KCNJ12|KCNMA1|NOS2|NOS3|NR1I2,7
BZKPWHYZMXOIDC-UHFFFAOYSA-N,BZKPWHYZMXOIDC,BZKPWHYZMXOIDC-UHFFFAOYSA-N,DB00819,Acetazolamide,full_inchikey,ABCC3|ABCC4|AQP1|CA1|CA10|CA11|CA12|CA13|CA14|CA2|CA3|CA4|CA5A|CA5B|CA6|CA7|CA8|CA9|CHIA|CYP3A4|PON1|PTPRG|PTPRZ1|SLC22A6,24,AQP1|CA1|CA12|CA14|CA2|CA3|CA4|CA7,8,6.313287865525779,7.124310357490344,24,G01AE10|S01EC01,AQP1|CA1|CA12|CA14|CA2|CA3|CA4|CA7,8
BZQFBWGGLXLEPQ-REOHCLBHSA-N,BZQFBWGGLXLEPQ,BZQFBWGGLXLEPQ-REOHCLBHSA-N,DB04522,Dexfosfoserine,full_inchikey,AADAC|AADACL2|AADACL3|AADACL4|ABCB1|ABCB10|ABCB4|ABCB5|ABCB8|ABCB9|ABCC1|ABCC10|ABCC11|ABCC12|ABCC3|ABCC5|ABCC6|ABCC8|ABCC9|ABL1|ACACB|ACP1|ADGRA1|ADGRA2|ADGRA3|AFMID|AGT|ALPG|ALPI|ALPL|ALPP|AP1M1|AP1M2|AP1S1|AP1S2|AP1S3|AP2A1|AP2A2|AP2M1|AP2S1|AP3S1|AP3S2|AP4M1|AP4S1|AP5M1|APC|ARR3|ARRB1|ARRB2|ASPN|BACE1|BACE2|BCHE|BGN|BPGM|BRCA1|BTRC|C1QA|C1QC|CA2|CA4|CA5A|CA9|CAMK1|CAMK1G|CAMK2G|CAMK4|CAMKV|CAPS2|CAPSL|CARD10|CARD14|CASK|CASR|CBL|CBS|CCIN|CD180|CDC14B|CDC20|CDC20B|CDH1|CDH10|CDH11|CDH12|CDH13|CDH15|CDH16|CDH17|CDH18|CDH19|CDH2|CDH20|CDH24|CDH26|CDH3|CDH5|CDH6|CDH7|CDH8|CDH9|CDHR1|CDHR2|CDHR3|CDHR5|CECR2|CEP97|CFTR|CHAD|CHADL|CLK1|CNBD2|CNOT6|CPN2|CREB1|CREBBP|CTDSP1|CTNNB1|CTSD|CTSE|DAPK1|DAPK2|DAPK3|DCHS2|DCN|DLG1|DLG2|DLG3|DLG5|DNAAF11|DNAL1|DSC1|DSC2|DSC3|DSG1|DSG2|DSG3|DSG4|DSTYK|DUSP11|DYNLL1|DYRK1A|DYRK2|ECM2|EEF1A1|EEF1A2|ELK1|ELK3|ELK4|ENC1|EPX|EPYC|ERBIN|ERF|ERG|ERN1|ERN2|ETS1|ETS2|ETV1|ETV2|ETV3|ETV3L|ETV4|ETV5|FAT4|FBXW7|FEV|FLI1|FLII|FLRT1|FLRT3|FMOD|FOLH1|FZR1|GABPA|GCK|GGA1|GLB1|GLB1L|GLB1L3|GLS|GLS2|GP1BA|GP1BB|GP9|GRM1|GRM2|GRM3|GRM4|GRM5|GRM6|GRM7|GRM8|GSK3A|GSK3B|GSPT1|GSPT2|GUK1|HBS1L|HDDC2|HLA-DRB1|HMSD|IAH1|IDH1|IDH2|IGFALS|IKBKB|IPP|IRF3|ISLR|ISLR2|ITGA4|IVNS1ABP|JUP|KAT2A|KAT2B|KBTBD2|KBTBD3|KBTBD4|KBTBD8|KCNC4|KEAP1|KERA|KLHL1|KLHL10|KLHL12|KLHL14|KLHL15|KLHL17|KLHL18|KLHL2|KLHL20|KLHL21|KLHL22|KLHL23|KLHL24|KLHL25|KLHL26|KLHL28|KLHL29|KLHL3|KLHL30|KLHL31|KLHL34|KLHL35|KLHL36|KLHL38|KLHL4|KLHL40|KLHL41|KLHL5|KLHL6|KLHL7|KLHL8|KLHL9|LGR4|LGR5|LGR6|LINGO1|LINGO4|LIPE|LPO|LRCH1|LRCH2|LRCH3|LRCH4|LRFN1|LRFN2|LRFN3|LRFN4|LRFN5|LRG1|LRGUK|LRIG1|LRIG2|LRIG3|LRIT2|LRMDA|LRR1|LRRC1|LRRC10|LRRC10B|LRRC17|LRRC18|LRRC19|LRRC2|LRRC23|LRRC24|LRRC26|LRRC28|LRRC3|LRRC30|LRRC32|LRRC38|LRRC39|LRRC3B|LRRC3C|LRRC4|LRRC40|LRRC43|LRRC46|LRRC47|LRRC49|LRRC4B|LRRC4C|LRRC52|LRRC53|LRRC55|LRRC56|LRRC57|LRRC58|LRRC61|LRRC63|LRRC66|LRRC69|LRRC70|LRRC8A|LRRC8B|LRRC8C|LRRC8D|LRRC8E|LRRC9|LRRCC1|LRRD1|LRRIQ1|LRRIQ3|LRRIQ4|LRRK1|LRRK2|LRRN1|LRRN2|LRRN3|LRRN4|LRRTM1|LRRTM2|LRRTM3|LRRTM4|LRSAM1|LRTM1|LRTM2|LRWD1|LUM|MAP1LC3B|MAP3K10|MAP3K11|MAP3K20|MAP3K21|MAP3K7|MAP3K9|MCPH1|MDC1|MFHAS1|MLKL|MOB1A|MOS|MPO|MPP1|MPP2|MPP3|MPP4|MPP7|MRPL38|MXRA5|MYLK2|MYLK3|MYLK4|NAPSA|NCEH1|NDUFAB1|NEDD4L|NLRC4|NRROS|NYX|OGN|OMD|OMG|OPTC|OTUD5|PAK4|PAK5|PAK6|PALS1|PALS2|PATJ|PAXIP1|PBK|PCDH10|PCDH11X|PCDH11Y|PCDH12|PCDH15|PCDH17|PCDH18|PCDH19|PCDH8|PCDH9|PCDHA1|PCDHA10|PCDHA11|PCDHA12|PCDHA13|PCDHA2|PCDHA3|PCDHA4|PCDHA5|PCDHA6|PCDHA7|PCDHA8|PCDHA9|PCDHAC1|PCDHAC2|PCDHB1|PCDHB10|PCDHB11|PCDHB12|PCDHB13|PCDHB14|PCDHB15|PCDHB2|PCDHB3|PCDHB4|PCDHB5|PCDHB6|PCDHB7|PCDHB8|PCDHGA1|PCDHGA10|PCDHGA11|PCDHGA12|PCDHGA2|PCDHGA3|PCDHGA4|PCDHGA5|PCDHGA6|PCDHGA7|PCDHGA8|PCDHGA9|PCDHGB1|PCDHGB2|PCDHGB3|PCDHGB4|PCDHGB6|PCDHGB7|PCDHGC3|PCDHGC4|PCDHGC5|PDHB|PDPK1|PEBP1|PEBP4|PFKFB1|PFKFB2|PFKFB3|PFKFB4|PGA3|PGA4|PGA5|PGAM1|PGAM2|PGAM4|PGC|PGM1|PGM2|PGM2L1|PGM3|PGM5|PHLPP1|PIH1D1|PIM1|PIN1|PKN1|PKN2|PLEKHB2|PLK1|PLN|PNCK|PNKP|PNPLA6|PNPLA7|PODN|PODNL1|PPP1R7|PRELP|PRKAA2|PRKAB1|PRKACA|PRKACB|PRKACG|PRKAG1|PRKAR1A|PRKAR1B|PRKAR2A|PRKAR2B|PRKCA|PRKCQ|PRKG1|PRKG2|PRKX|PSKH1|PSKH2|PSPH|PTGS1|PTGS2|PXDN|PXDNL|PYGB|PYGL|PYGM|REG1A|REN|RHO|RIPK1|RIPK2|RIPK3|RIPK4|RNASEL|RNGTT|RPRD1A|RPRD1B|RPS27A|RSU1|RTN4R|RTN4RL1|RTN4RL2|RXFP1|RXFP2|SAG|SCAF8|SCRIB|SEPSECS|SERPINA1|SERPINA10|SERPINA11|SERPINA12|SERPINA3|SERPINA4|SERPINA5|SERPINA6|SERPINA7|SERPINA9|SERPINB1|SERPINB10|SERPINB12|SERPINB13|SERPINB2|SERPINB3|SERPINB4|SERPINB5|SERPINB7|SERPINB8|SERPINB9|SERPINC1|SERPIND1|SERPINE1|SERPINE2|SERPINE3|SERPINF1|SERPINF2|SERPING1|SERPINH1|SERPINI1|SERPINI2|SF1|SFN|SHOC2|SLIT1|SLIT2|SLIT3|SLK|SMAD2|SMAD3|SMAD4|SMURF1|SNRPA1|SPEN|SRPK1|SRSF1|SSU72|STK17A|STK17B|STK33|STUB1|SYMPK|SYT1|TAOK1|TAOK2|TAOK3|TAP1|TBK1|TCTE1|TIGAR|TLR1|TLR10|TLR2|TLR3|TLR4|TLR6|TLR7|TLR8|TLR9|TNPO3|TOPBP1|TP53BP1|TPBG|TPO|TRAF7|TSKU|TTK|TYMS|U2AF2|UCKL1|UHMK1|UPRT|VASN|XRRA1|YAP1|YWHAB|YWHAE|YWHAG|YWHAH|YWHAQ|YWHAZ,623,CFTR|KCNC4|PDPK1|PIM1|PRKACA|PRKCQ|PYGL|PYGM|REG1A|RHO|SERPINB3|SMAD2|TAOK2,13,4.675924506060453,3.4436974992327127,623,,CFTR|KCNC4|PDPK1|PIM1|PRKACA|PRKCQ|PYGL|PYGM|REG1A|RHO|SERPINB3|SMAD2|TAOK2,13
CATMPQFFVNKDEY-YPMHNXCESA-N,CATMPQFFVNKDEY,CATMPQFFVNKDEY-YPMHNXCESA-N,DB05475,Golotimod,full_inchikey,STAT3|TLR2|TLR4|TLR7|TLR9,5,STAT3|TLR2|TLR4|TLR7|TLR9,5,,,5,,STAT3|TLR2|TLR4|TLR7|TLR9,5
CEUORZQYGODEFX-UHFFFAOYSA-N,CEUORZQYGODEFX,CEUORZQYGODEFX-UHFFFAOYSA-N,DB01238,Aripiprazole,full_inchikey,ABCB1|ABCC3|ABCC4|ABCG2|ACHE|ACKR3|ADORA1|ADORA2A|ADORA2B|ADORA3|ADRA1A|ADRA1B|ADRA1D|ADRA2A|ADRA2B|ADRA2C|ADRB1|ADRB2|ADRB3|AGTR1|AGTR2|ALB|APLNR|AR|AVPR1A|AVPR1B|AVPR2|BDKRB1|BRS3|CCKAR|CCKBR|CCR1|CCR3|CCR4|CCR5|CCR9|CHRM1|CHRM2|CHRM3|CHRM4|CHRM5|CHRNA1|CHRNB1|CHRNB2|CNR1|CNR2|CXCR4|CXCR6|CYP2C9|CYP2D6|CYP3A4|CYP3A5|CYP3A7|DRD1|DRD2|DRD3|DRD4|DRD5|EDNRA|EDNRB|ESR1|ESRRA|FFAR4|GALR1|GALR2|GALR3|GHSR|GLI3|GNRHR|GPR119|GPR12|GPR135|GPR139|GPR142|GPR148|GPR150|GPR151|GPR161|GPR173|GPR176|GPR19|GPR22|GPR26|GPR27|GPR3|GPR37|GPR37L1|GPR39|GPR45|GPR52|GPR6|GPR61|GPR62|GPR63|GPR65|GPR78|GPR83|GPR84|GPR85|GPR88|GRIN1|GRPR|H1-0|HCRTR1|HCRTR2|HRH1|HRH2|HRH3|HRH4|HTR1A|HTR1B|HTR1D|HTR1E|HTR1F|HTR2A|HTR2B|HTR2C|HTR3A|HTR3B|HTR3C|HTR3D|HTR3E|HTR4|HTR5A|HTR6|HTR7|KCNH2|KISS1R|LPAR1|LPAR2|LPAR3|LSP1|LTB4R|LTB4R2|MAOA|MC1R|MC2R|MC3R|MC4R|MC5R|MCHR1|MCHR2|MLNR|NMBR|NMUR1|NMUR2|NPBWR2|NPFFR1|NPFFR2|NPSR1|NPY1R|NPY2R|NPY4R|NPY5R|NR1I2|NTSR1|NTSR2|OPN1LW|OPN1MW2|OPN1SW|OPN3|OPN4|OPN5|OPRD1|OPRK1|OPRL1|OPRM1|OXTR|PRKCA|PRKCG|PRLHR|PROKR1|PROKR2|PTGDR|PTGER1|PTGER2|PTGER3|PTGER4|PTGFR|PTGIR|QRFPR|RGR|RHO|RRH|RXFP3|RXFP4|SLC22A2|SLC47A1|SLC47A2|SLC6A2|SLC6A3|SLC6A4|SSTR1|SSTR2|SSTR4|SSTR5|SYK|TAAR1|TAAR2|TAAR5|TAAR6|TAAR8|TACR1|TBXA2R|TMIGD3|TRHR|UTS2R,207,ADRA1A|ADRA1B|ADRA2A|ADRA2B|ADRA2C|ADRB1|ADRB2|CHRM1|CHRM2|CHRM3|CHRM4|CHRM5|DRD1|DRD2|DRD3|DRD4|DRD5|GRIN1|HRH1|HRH2|HRH3|HRH4|HTR1A|HTR1B|HTR1D|HTR1E|HTR2A|HTR2B|HTR2C|HTR3A|HTR5A|HTR6|HTR7|OPRD1|OPRK1|OPRM1|SLC6A3|SLC6A4,38,5.802133818496269,5.654747587726052,207,N05AX12,ADRA1A|ADRA1B|ADRA2A|ADRA2B|ADRA2C|ADRB1|ADRB2|CHRM1|CHRM2|CHRM3|CHRM4|CHRM5|DRD1|DRD2|DRD3|DRD4|DRD5|GRIN1|HRH1|HRH2|HRH3|HRH4|HTR1A|HTR1B|HTR1D|HTR1E|HTR2A|HTR2B|HTR2C|HTR3A|HTR5A|HTR6|HTR7|OPRD1|OPRK1|OPRM1|SLC6A3|SLC6A4,38
CGIGDMFJXJATDK-UHFFFAOYSA-N,CGIGDMFJXJATDK,CGIGDMFJXJATDK-UHFFFAOYSA-N,DB00328,Indomethacin,full_inchikey,ABCB1|ABCB11|ABCC1|ABCC11|ABCC2|ABCC3|ABCC4|ABCC6|ACKR3|ADORA1|ADORA2A|ADORA2B|ADORA3|ADRA1A|ADRA1B|ADRA1D|ADRA2A|ADRA2C|ADRB1|ADRB2|ADRB3|AGTR1|AGTR2|AKR1A1|AKR1B1|AKR1B10|AKR1B15|AKR1C1|AKR1C2|AKR1C3|AKR1C4|AKR1D1|AKR1E2|ALB|ALOX12|ALOX15|ALOX15B|ALOX5|ALOXE3|APLNR|AR|AVPR1A|AVPR1B|AVPR2|BDKRB1|BRS3|CCKAR|CCKBR|CCR1|CCR3|CCR4|CCR5|CCR9|CES1|CNR1|CNR2|CTNNB1|CXCL8|CXCR4|CXCR6|CYP2C19|CYP2C9|CYP2D6|CYP3A7|DHRS9|DRD2|DRD3|DRD4|DRD5|EDNRA|EDNRB|EGFR|EIF2AK2|EPHX2|EPX|ESRRA|FFAR4|GALR1|GALR2|GALR3|GCLM|GHSR|GLO1|GNRHR|GPR119|GPR12|GPR135|GPR139|GPR142|GPR148|GPR150|GPR151|GPR161|GPR17|GPR173|GPR176|GPR19|GPR22|GPR26|GPR27|GPR3|GPR37|GPR37L1|GPR39|GPR45|GPR52|GPR6|GPR61|GPR62|GPR63|GPR65|GPR78|GPR83|GPR84|GPR85|GPR88|GRPR|HCRTR1|HCRTR2|HPGD|HRH2|HRH3|HRH4|HTR1A|HTR1B|HTR1E|HTR1F|HTR2B|HTR2C|HTR4|HTR5A|HTR6|HTR7|KCNH2|KEAP1|KISS1R|LDLR|LPAR1|LPAR2|LPAR3|LPO|LSP1|LTB4R|LTB4R2|LTF|MC1R|MC2R|MC3R|MC4R|MC5R|MCHR1|MCHR2|MELTF|MLNR|MPO|MT-CO2|NAPRT|NFE2L2|NFKB1|NMBR|NMUR1|NMUR2|NPBWR2|NPFFR1|NPFFR2|NPSR1|NPY1R|NPY2R|NPY4R|NPY5R|NTSR1|NTSR2|OPN1LW|OPN1MW2|OPN1SW|OPN3|OPN4|OPN5|OPRD1|OPRK1|OPRL1|OPRM1|OXTR|PABPN1|PLA2G2A|PLA2G4C|PPARA|PPARG|PRLHR|PROKR1|PROKR2|PTGDR|PTGDR2|PTGDS|PTGER1|PTGER2|PTGER3|PTGER4|PTGES|PTGFR|PTGIR|PTGR2|PTGS1|PTGS2|PXDN|PXDNL|QRFPR|RELA|RGR|RHO|RRH|RXFP3|RXFP4|SLC10A1|SLC22A11|SLC22A6|SLC22A7|SLC22A8|SLC47A1|SLCO1A2|SLCO1B1|SLCO1B3|SLCO2B1|SSTR1|SSTR2|SSTR4|SSTR5|TAAR1|TAAR2|TAAR5|TAAR6|TAAR8|TBXA2R|TBXAS1|TCF7L2|TF|TMIGD3|TNF|TPO|TRHR|TTR|UGT1A1|UGT1A9|UGT2B7|UTS2R|XDH,246,AKR1C3|EIF2AK2|GLO1|PLA2G2A|PPARA|PPARG|PTGDR2|PTGR2|PTGS1|PTGS2,10,5.23818624219894,4.9068160696116045,246,C01EB03|M01AB01|M01AB51|M02AA23|S01BC01|S01CC02,AKR1C3|EIF2AK2|GLO1|PLA2G2A|PPARA|PPARG|PTGDR2|PTGR2|PTGS1|PTGS2,10
CIWBSHSKHKDKBQ-JLAZNSOCSA-N,CIWBSHSKHKDKBQ,CIWBSHSKHKDKBQ-JLAZNSOCSA-N,DB00126,Ascorbic acid,full_inchikey,ADRA2B|ALB|ALKBH2|ALKBH3|BBOX1|CYP1A2|DBH|EGLN1|EGLN2|EGLN3|ESR1|KDM5D|NFE2L2|OGFOD1|OGFOD2|P3H1|P3H2|P3H3|P4HA1|P4HTM|PAM|PHYH|PLOD1|PLOD2|PLOD3|PTGS1|SLC23A1|SLC23A2|SLC2A1|SLC2A3|SLC2A4|TMLHE|TXNRD1|TYR,34,ALKBH2|ALKBH3|BBOX1|DBH|EGLN1|EGLN2|EGLN3|KDM5D|OGFOD1|OGFOD2|P3H1|P3H2|P3H3|P4HA1|P4HTM|PAM|PHYH|PLOD1|PLOD2|PLOD3|SLC23A1|SLC23A2|TMLHE,23,5.296512221195227,4.489058319510563,34,A11GA01|A11GB01|G01AD03|S01XA15,ALKBH2|ALKBH3|BBOX1|DBH|EGLN1|EGLN2|EGLN3|KDM5D|OGFOD1|OGFOD2|P3H1|P3H2|P3H3|P4HA1|P4HTM|PAM|PHYH|PLOD1|PLOD2|PLOD3|SLC23A1|SLC23A2|TMLHE,23
CKLJMWTZIZZHCS-REOHCLBHSA-N,CKLJMWTZIZZHCS,CKLJMWTZIZZHCS-REOHCLBHSA-N,DB00128,Aspartic acid,full_inchikey,ACCS|ACCSL|ACR|ACY1|ADSS1|ADSS2|AGA|APLP2|APP|ASNS|ASPA|ASPG|ASPH|ASRGL1|ASS1|AZU1|C1RL|C1S|C2|CA1|CAD|CELA1|CELA2A|CELA2B|CELA3A|CELA3B|CFB|CFD|CFI|CHIT1|CMA1|CORIN|CPA4|CTRB1|CTRB2|CTRC|CTRL|CTSG|DARS1|DARS2|ELANE|ENPEP|F10|F11|F12|F2|F7|F9|FAAH|FAAH2|FOLH1|GATB|GOT1|GOT2|GPT|GPT2|GRIA1|GRIA2|GRIA4|GRIK1|GRIK2|GRIK3|GRIN1|GRIN2A|GRIN2B|GRIN2C|GRIN2D|GRIN3A|GRIN3B|GRM1|GRM2|GRM6|GZMA|GZMB|GZMH|GZMK|GZMM|HABP2|HGF|HGFAC|HP|HPN|HPR|KLK1|KLK10|KLK11|KLK12|KLK13|KLK14|KLK15|KLK2|KLK3|KLK4|KLK5|KLK6|KLK7|KLK8|KLKB1|KYAT1|KYAT3|LPA|LYZ|MASP1|MASP2|MIPEP|MST1|NARS1|NARS2|NLN|OVCH1|PAICS|PCMT1|PCMTD1|PCMTD2|PLAT|PLAU|PLG|PRDM2|PROC|PROZ|PRSS1|PRSS12|PRSS21|PRSS22|PRSS27|PRSS3|PRSS33|PRSS36|PRSS37|PRSS38|PRSS48|PRSS50|PRSS53|PRSS54|PRSS55|PRSS57|PRSS58|PRSS8|PRTN3|PVR|QRSL1|RNASE1|SLC16A10|SLC1A1|SLC1A2|SLC1A3|SLC1A4|SLC1A5|SLC1A6|SLC1A7|SLC25A12|SLC25A13|ST14|TAT|THOP1|TMPRSS11A|TMPRSS11B|TMPRSS11D|TMPRSS11E|TMPRSS11F|TMPRSS12|TMPRSS13|TMPRSS15|TMPRSS2|TMPRSS4|TMPRSS5|TMPRSS6|TMPRSS7|TPSAB1|TPSD1|TPSG1,171,ACY1|ADSS1|ADSS2|ASNS|ASPA|ASPH|ASRGL1|ASS1|DARS1|DARS2|GOT1|GOT2|GRIN1|GRIN2A|GRIN2B|LYZ|PAICS|RNASE1|SLC1A1|SLC25A12|SLC25A13,21,3.9751543341371254,3.9340255939484745,171,,ACY1|ADSS1|ADSS2|ASNS|ASPA|ASPH|ASRGL1|ASS1|DARS1|DARS2|GOT1|GOT2|GRIN1|GRIN2A|GRIN2B|LYZ|PAICS|RNASE1|SLC1A1|SLC25A12|SLC25A13,21
COLNVLDHVKWLRT-QMMMGPOBSA-N,COLNVLDHVKWLRT,COLNVLDHVKWLRT-QMMMGPOBSA-N,DB00120,Phenylalanine,full_inchikey,ABHD10|ABHD11|ABHD14A|ABHD14B|ABHD4|ABHD5|ACR|AIMP1|ALPI|ALPL|ALPP|ANPEP|AOPEP|APEH|AVP|AZU1|C1RL|C1S|C2|CA1|CA12|CA13|CA14|CA2|CA4|CA5A|CA5B|CA6|CA7|CELA1|CELA2A|CELA2B|CELA3A|CELA3B|CFB|CFD|CFI|CMA1|CORIN|CPQ|CTRB1|CTRB2|CTRC|CTRL|CTSG|DMC1|DPP10|DPP4|DPP6|DPP8|DPP9|ELANE|ENOSF1|ENPEP|EPHX1|ERAP1|ERAP2|ERMP1|ESR1|F10|F11|F12|F2|F7|F9|FAP|FARS2|FARSA|FARSB|FOLH1|GCH1|GCHFR|GPR139|GZMA|GZMB|GZMH|GZMK|GZMM|HABP2|HGF|HGFAC|HOMER1|HOMER2|HP|HPN|HPR|IL4I1|KLK1|KLK10|KLK11|KLK12|KLK13|KLK14|KLK15|KLK2|KLK3|KLK4|KLK5|KLK6|KLK7|KLK8|KLKB1|LIPA|LIPF|LIPJ|LIPK|LIPM|LIPN|LNPEP|LPA|LRRC47|LTA4H|LVRN|MASP1|MASP2|MRPL11|MRPL13|MRPL15|MRPL16|MRPL2|MRPL22|MRPL24|MRPL3|MRPL4|MRPS12|MRTO4|MST1|NAALAD2|NAALADL1|NAALADL2|NFE2L2|NHP2|NPEPPS|OVCH1|OXT|PAH|PCNA|PKM|PLAA|PLAT|PLAU|PLG|PPME1|PROC|PROZ|PRSS1|PRSS12|PRSS21|PRSS22|PRSS27|PRSS3|PRSS33|PRSS36|PRSS37|PRSS38|PRSS48|PRSS50|PRSS53|PRSS54|PRSS55|PRSS57|PRSS58|PRSS8|PRTN3|PVR|RAD51|RAD51B|RAD51C|RAD51D|RNPEP|RNPEPL1|RPL10|RPL10L|RPL11|RPL12|RPL13A|RPL15|RPL17|RPL18|RPL19|RPL21|RPL23|RPL23A|RPL24|RPL26L1|RPL27A|RPL3|RPL31|RPL32|RPL35|RPL36A|RPL36A-HNRNPH2|RPL36AL|RPL37A|RPL39|RPL39L|RPL3L|RPL4|RPL5|RPL7|RPL7A|RPL7L1|RPL8|RPL9|RPLP0|RPP38|RPS12|RPS23|RSL24D1|RSRC1|SERHL2|SLC16A10|SLC7A5|SLC7A8|SNU13|ST14|TAT|TFR2|TFRC|TH|TMPRSS11A|TMPRSS11B|TMPRSS11D|TMPRSS11E|TMPRSS11F|TMPRSS12|TMPRSS13|TMPRSS15|TMPRSS2|TMPRSS4|TMPRSS5|TMPRSS6|TMPRSS7|TPH1|TPH2|TPSAB1|TPSD1|TPSG1|TRHDE|TUFM|XDH|XRCC3|YARS1,243,FARS2|FARSA|FARSB|PAH|SLC7A8|TAT|TH,7,5.540491154666206,5.15479122706388,243,,FARS2|FARSA|FARSB|PAH|SLC7A8|TAT|TH,7
CQOQDQWUFQDJMK-SSTWWWIQSA-N,CQOQDQWUFQDJMK,CQOQDQWUFQDJMK-SSTWWWIQSA-N,DB02342,2-Methoxyestradiol,full_inchikey,COMT|CYP19A1|CYP1A1|CYP1B1|GLP1R|GLS|GMNN|HIF1A|IFNG|NSD2|NTMT1|SHBG|SYK|TUBB|TUBB1|TUBB2A|TUBB2B|TUBB3|TUBB4A|TUBB4B|TUBB6|TUBE1,22,COMT|CYP19A1|CYP1A1|CYP1B1|HIF1A,5,5.565662257388411,5.3215388193258315,22,,COMT|CYP19A1|CYP1A1|CYP1B1|HIF1A,5
CVHZOJJKTDOEJC-UHFFFAOYSA-N,CVHZOJJKTDOEJC,CVHZOJJKTDOEJC-UHFFFAOYSA-N,DB12418,Saccharin,full_inchikey,ALOX12|BCHE|CA1|CA12|CA14|CA2|CA3|CA4|CA5A|CA5B|CA6|CA7|CA9|CYP2C19|ESRRA|PKLR|PKM|PRMT1,18,CA1|CA12|CA2|CA3|CA9,5,5.222630313566164,5.1208348884227695,18,,CA1|CA12|CA2|CA3|CA9,5
CVSVTCORWBXHQV-UHFFFAOYSA-N,CVSVTCORWBXHQV,CVSVTCORWBXHQV-UHFFFAOYSA-N,DB00148,Creatine,full_inchikey,CKB|CKM|CKMT1B|CKMT2|GAMT|SLC22A5|SLC36A1|SLC6A8,8,CKB|CKM|CKMT1A|CKMT2|GAMT|SLC6A8,6,3.8979400086720375,3.8979400086720375,8,,CKB|CKM|CKMT1A|CKMT2|GAMT|SLC6A8,6
CZMRCDWAGMRECN-UGDNZRGBSA-N,CZMRCDWAGMRECN,CZMRCDWAGMRECN-UGDNZRGBSA-N,DB02772,Sucrose,full_inchikey,ACTA1|ACTA2|ACTBL2|ACTC1|ACTG2|ACTL6A|ACTL6B|ACTL7A|ACTL7B|ACTL8|ACTL9|ACTR10|ACTR1A|ACTR1B|ACTR2|ACTR3|ACTR3B|ACTR3C|ACTR8|ACTRT1|ACTRT2|ACTRT3|AKR7A2|AKR7A3|AMY1A|AMY1B|AMY1C|AMY2A|AMY2B|APPBP2|ASMTL|ATOX1|BBS4|CA2|CA9|CD4|CDC27|CES1|CP|CTR9|CYC1|CYCS|CYP2B6|CYP2E1|DCP2|DERA|DIAPH2|DIAPH3|DNAAF4|EXO1|FEN1|FKBPL|FNTA|FNTB|GEN1|GNE|GPR4|HEPH|HEPHL1|HMOX1|HMOX2|HUS1|IFIT1|IFIT1B|IFIT2|IFIT3|IFIT5|IL1B|IL6|KCNAB1|KCNAB2|KCNAB3|KDM6A|KLC1|KLC2|KLC3|KLC4|LACTB|LACTBL1|LTF|LYZ|MBTD1|MELTF|MMP13|MMP3|MT-CYB|NEDD8|NGLY1|NNT|NOS1|NOS2|NOS3|NPHP3|NR1I2|NUDT1|NUDT10|NUDT11|NUDT14|NUDT5|NUDT7|NUDT8|OAS1|OAS2|OAS3|OASL|PMM1|PMM2|PMPCA|PMPCB|POLG|POLN|POLQ|POTEE|POTEI|POTEJ|PREP|PTGS2|RAD1|RAD23A|RAD23B|RAD9A|RNF4|RPS27A|RTCB|SDHA|SGTA|SGTB|SLC3A1|SLC3A2|SPAG1|ST14|TAS1R2|TAS1R3|TF|TGDS|TMTC1|TMTC3|TNF|TOMM34|TTC13|TTC16|TTC19|TTC24|TTC28|TTC32|TTC4|TTC6|TUFM|TXNL4B|UBA52|UBB|UBC|UBD|UBL4A|UBL4B|UBQLN1|UBQLN2|UBQLN4|UBQLNL|UGDH|UQCRB|UQCRC1|UQCRC2|UQCRFS1|UQCRQ|UTY|ZFAND4,167,ACTA1|ATOX1|LYZ|RTCB|TAS1R2,5,3.2826866773434897,2.7614393726401687,167,,ACTA1|ATOX1|LYZ|RTCB|TAS1R2,5
DBABZHXKTCFAPX-UHFFFAOYSA-N,DBABZHXKTCFAPX,DBABZHXKTCFAPX-UHFFFAOYSA-N,DB01032,Probenecid,full_inchikey,ABCB11|ABCC1|ABCC11|ABCC2|ABCC3|ABCC4|ABCC5|ABCC6|ALB|AR|CA1|CA12|CA2|CA9|CYP2C8|CYP2C9|CYP3A4|ESR1|PANX1|SLC10A1|SLC16A1|SLC16A7|SLC22A1|SLC22A10|SLC22A11|SLC22A12|SLC22A2|SLC22A5|SLC22A6|SLC22A7|SLC22A8|SLC2A9|SLCO1A2|SLCO1C1|TAS2R16|UGT1A1|UGT1A10|UGT1A6|UGT1A7|UGT1A9,40,PANX1|SLC22A11|SLC22A6|SLC22A8|TAS2R16,5,4.368533327148505,4.21733621222944,40,G01AE10|M04AB01|M04AC51,PANX1|SLC22A11|SLC22A6|SLC22A8|TAS2R16,5
DCXYFEDJOCDNAF-REOHCLBHSA-N,DCXYFEDJOCDNAF,DCXYFEDJOCDNAF-REOHCLBHSA-N,DB00174,Asparagine,full_inchikey,ASNS|ASPG|ASRGL1|CYP3A4|DARS1|FAAH|FAAH2|GATB|IFNB1|NARS1|NARS2|PVR|QRSL1|SLC16A10|SLC1A5|SLC38A1,16,ASNS|ASRGL1|NARS1|NARS2|SLC1A5|SLC38A1,6,5.0,5.0,16,,ASNS|ASRGL1|NARS1|NARS2|SLC1A5|SLC38A1,6
DDBREPKUVSBGFI-UHFFFAOYSA-N,DDBREPKUVSBGFI,DDBREPKUVSBGFI-UHFFFAOYSA-N,DB01174,Phenobarbital,full_inchikey,ABCB1|ABCB11|ABCC1|ABCC2|ABCC3|CHRNA4|CHRNA7|CYP1A1|CYP1A2|CYP2A6|CYP2B6|CYP2C18|CYP2C19|CYP2C8|CYP2C9|CYP2D6|CYP2E1|CYP3A4|CYP3A5|CYP3A7|CYP4B1|GABRA1|GRIA2|GRIK2|GRIN1|KCNH2|NR1I2|SLCO2A1|UGT1A1|UGT2B7,30,CHRNA4|CHRNA7|GABRA1|GRIA2|GRIK2|GRIN1|NR1I2,7,3.7304123113430583,3.7304123113430583,30,N03AA02|N05CB01,CHRNA4|CHRNA7|GABRA1|GRIA2|GRIK2|GRIN1|NR1I2,7
DGVVWUTYPXICAM-UHFFFAOYSA-N,DGVVWUTYPXICAM,DGVVWUTYPXICAM-UHFFFAOYSA-N,DB03345,Mercaptoethanol,full_inchikey,AADAC|AADACL2|AADACL3|AADACL4|AANAT|AARS1|AARS2|ABCB6|ABHD10|ABHD11|ABHD14A|ABHD14B|ABHD4|ABHD5|ACTN1|ACTN2|ACTN4|ADAT2|ADAT3|ADD1|ADD2|ADD3|ADSS1|ADSS2|AFMID|AKR1C1|AKR1C2|AKR1D1|ALAD|ALDH16A1|ALDH18A1|ALDH1A1|ALDH1A2|ALDH1A3|ALDH1B1|ALDH1L1|ALDH1L2|ALDH2|ALDH3A1|ALDH3A2|ALDH3B2|ALDH4A1|ALDH5A1|ALDH7A1|ALDH8A1|ALDH9A1|ALKBH3|ALKBH8|ANKRD45|ANTKMT|APAF1|APIP|APTX|ARF1|ARF3|ARF4|ARF5|ARF6|ARG2|ARL1|ARL10|ARL11|ARL13A|ARL13B|ARL14|ARL17A|ARL17B|ARL2|ARL4A|ARL4C|ARL4D|ARL5A|ARL5B|ARL5C|ARL6|ARL9|ASH1L|ATF4|BAZ1A|BAZ1B|BAZ2A|BAZ2B|BHMT|BHMT2|BPNT1|BPNT2|BPTF|BRD1|BRD2|BRD3|BRD4|BRDT|BRPF3|BRWD1|BTK|BTN3A1|CA10|CA11|CA12|CA13|CA14|CA2|CA3|CA4|CA5B|CA6|CA7|CA8|CA9|CABP1|CABP2|CABP4|CABP5|CABP7|CALB1|CALB2|CALM1|CALM2|CALM3|CALML3|CALML4|CALML5|CALML6|CALN1|CAPN1|CAPN9|CBX6|CDC25B|CDC34|CDC42|CEBPA|CECR2|CETN1|CETN2|CETN3|CFL1|CFL2|CHP1|CHP2|CIB1|CIB2|CIB3|CIB4|CLIP1|CLMN|CLPS|CLXN|CPLANE2|CREBBP|CRMP1|CRYBB2|CRYBB3|CYTH2|DBP|DBT|DDX39B|DERA|DHDH|DHFR|DHFR2|DIRAS1|DIRAS2|DIRAS3|DLD|DMD|DNAJC27|DOCK1|DPYS|DPYSL2|DPYSL3|DPYSL4|DPYSL5|DSTN|EEF1E1|EEF1G|EFCAB11|EFCAB13|EFCAB2|EFCAB3|EFCAB6|EFCAB7|EFCAB9|EHBP1|EHBP1L1|EIF2S3|EIF2S3B|EP300|EPHA3|EPHA8|EPHX1|ERAS|EVPLL|FCGRT|FDPS|FGF2|FLNA|FLNB|FLNC|GALT|GART|GATM|GBE1|GEM|GFOD1|GFOD2|GGH|GGPS1|GLO1|GLRX|GLRX2|GNE|GNMT|GNPNAT1|GOT1|GOT1L1|GOT2|GPD1|GPD1L|GPI|GRIK1|GSR|GSTA1|GSTT2B|GSTZ1|GUCA1B|GUCA1C|HDAC8|HLF|HOGA1|HPCA|HPCAL1|HPCAL4|HPRT1|HRAS|HSPA12A|HSPA12B|HSPA13|HSPA14|HSPA1A|HSPA1B|HSPA1L|HSPA2|HSPA4|HSPA4L|HSPA5|HSPA6|HSPA8|HSPA9|HSPH1|IFFO2|IMP3|INPP1|IRGC|KAT2A|KAT2B|KCNIP1|KCNIP2|KCNIP3|KCNIP4|KCNJ1|KCNJ11|KCNJ12|KCNJ13|KCNJ14|KCNJ15|KCNJ16|KCNJ2|KCNJ3|KCNJ4|KCNJ5|KCNJ8|KCNJ9|KDM8|KRAS|LACC1|LCMT1|LCMT2|LCP1|LGALS1|LGALS3|LGALS4|LGALSL|LIPA|LIPE|LIPF|LIPJ|LIPK|LIPM|LIPN|LRRK2|MACF1|MAGOH|MAGOHB|MAPK1|MAPK10|MAPK11|MAPK12|MAPK13|MAPK14|MAPK15|MAPK3|MAPK4|MAPK6|MAPK7|MCEE|MERTK|METAP1|METAP1D|METAP2|METTL21C|METTL27|MICAL1|MICAL2|MICAL3|MICALL1|MICALL2|MOCS3|MRAS|MRPS10|MRPS11|MRPS12|MRPS14|MRPS15|MRPS16|MRPS2|MRPS5|MRPS6|MRPS7|MRPS9|MSRA|MTR|MYL1|MYL10|MYL11|MYL12A|MYL12B|MYL2|MYL3|MYL4|MYL5|MYL6|MYL7|MYL9|MYOM1|NCALD|NCEH1|NCS1|NDC80|NDUFAB1|NDUFAF5|NGLY1|NPIPA1|NPIPA2|NPIPA3|NPIPA5|NPIPA7|NPIPA8|NPIPA9|NPIPB11|NPIPB13|NPIPB2|NPIPB5|NPL|NRAS|NT5C3B|NXF1|NXF3|NXT1|NXT2|OAT|OCM|OCM2|OTULIN|PA2G4|PARG|PBRM1|PDE6D|PDF|PDSS1|PDSS2|PDXK|PLEC|PLS1|PLS3|PNLIP|PNLIPRP1|PNPO|PPM1K|PPME1|PPP1CA|PPP1CB|PPP1CC|PPP3R1|PPP3R2|PRMT7|PRTFDC1|PTPRG|PTPRZ1|PTRH1|PUM1|PVALB|RAB10|RAB11A|RAB11B|RAB13|RAB14|RAB15|RAB25|RAB28|RAB2A|RAB2B|RAB40A|RAB40AL|RAB40B|RAB40C|RAB4A|RAB4B|RAB5A|RAB8A|RAB8B|RABIF|RABL2A|RABL2B|RAC1|RAC2|RAC3|RALA|RALB|RAP1A|RAP1B|RAP2A|RAP2B|RAP2C|RASD1|RASD2|RASEF|RASL10A|RASL11A|RASL11B|RASL12|RCVRN|REM1|REM2|RERG|RERGL|RHEB|RHEBL1|RHOA|RHOB|RHOBTB1|RHOBTB2|RHOBTB3|RHOC|RHOD|RHOF|RHOG|RHOH|RHOJ|RHOQ|RHOU|RHOV|RIT1|RIT2|RND1|RND2|RND3|RPH3A|RPH3AL|RPS11|RPS13|RPS14|RPS15|RPS15A|RPS16|RPS18|RPS2|RPS20|RPS23|RPS29|RPS3|RPS5|RPS9|RPSA|RRAD|RRAS|RRAS2|RUSC1|S100A6|SAT1|SATL1|SCGN|SCMH1|SCML2|SERHL2|SERPINA1|SERPINB2|SETD7|SGTA|SIAH1|SIAH2|SIAH3|SIRT1|SMAP2|SMARCA2|SMS|SMTN|SMTNL2|SOD1|SOD2|SPATA21|SPECC1|SPECC1L|SPTAN1|SPTB|SPTBN1|SPTBN2|SPTBN4|SPTBN5|SRM|SRP14|SUPT16H|SUPT4H1|SUPT5H|SYNE1|SYNE2|SYNE3|TAF1|TAF1L|TEF|TESC|THNSL1|TLR3|TMEM276-ZFTRAF1|TNNC1|TNNC2|TRIM23|TRIM24|TRMT9B|TSTD1|TUFM|TXNRD1|TXNRD2|TXNRD3|TYMS|UBE2A|UBE2B|UBE2D1|UBE2D2|UBE2D3|UBE2D4|UBE2E1|UBE2E2|UBE2E3|UBE2G1|UBE2I|UBE2J1|UBE2K|UBE2L3|UBE2L6|UBE2N|UBE2Q2|UBE2R2|UBE2S|UBE2U|UBE2W|UBE2Z|UPF2|UPF3B|UROD|USP32|UTRN|VSNL1|WARS1|WARS2|YAP1|YARS1|YARS2,577,ALAD|CA2|CDC25B|FGF2|GLO1|LGALS1|PDF|PNPO|SCMH1|SERPINA1,10,,,577,,ALAD|CA2|CDC25B|FGF2|GLO1|LGALS1|PDF|PNPO|SCMH1|SERPINA1,10
DHMQDGOQFOQNFH-UHFFFAOYSA-N,DHMQDGOQFOQNFH,DHMQDGOQFOQNFH-UHFFFAOYSA-N,DB00145,Glycine,full_inchikey,AARS1|AARS2|ABCB10|ABHD14A-ACY1|ACKR3|ACP3|ACY1|ADORA1|ADORA2A|ADORA2B|ADRA1A|ADRA1B|ADRA1D|ADRA2A|ADRA2C|ADRB1|ADRB2|ADRB3|AGTR1|AGTR2|AGXT|AGXT2|ALAS1|ALAS2|ALDH16A1|ALDH1A1|ALDH1A2|ALDH1A3|ALDH1B1|ALDH1L1|ALDH1L2|ALDH2|ALDH3A1|ALDH3A2|ALDH3B2|ALDH4A1|ALDH5A1|ALDH7A1|ALDH8A1|ALDH9A1|AMT|APEH|APLNR|ASRGL1|AVPR1A|AVPR1B|AVPR2|BAAT|BCHE|BDKRB1|BRCC3|BRS3|CAMK2G|CCKAR|CCKBR|CCR1|CCR3|CCR4|CCR5|CCR9|CNDP1|CNDP2|CNR1|CNR2|COPS5|COPS6|CPA1|CPA2|CPA4|CPB2|CWC27|CXCR4|CXCR6|DDAH1|DEFB1|DLD|DPP10|DPP4|DPP6|DPP8|DPP9|DRD2|DRD3|DRD4|DRD5|EDNRA|EDNRB|FAP|FFAR4|GALR1|GALR2|GALR3|GARS1|GART|GATM|GCAT|GCSH|GHSR|GLDC|GLRA1|GLRA2|GLRA3|GLRB|GLYAT|GLYATL1|GLYATL2|GNMT|GNRHR|GPR119|GPR12|GPR135|GPR139|GPR142|GPR148|GPR150|GPR151|GPR161|GPR173|GPR176|GPR18|GPR19|GPR22|GPR26|GPR27|GPR3|GPR37|GPR37L1|GPR39|GPR45|GPR52|GPR6|GPR61|GPR62|GPR63|GPR65|GPR78|GPR83|GPR84|GPR85|GPR88|GRIN1|GRIN2A|GRIN2C|GRIN2D|GRIN3A|GRIN3B|GRPR|GSS|HCRTR1|HCRTR2|HLA-DQA1|HLA-DQB1|HRH2|HRH3|HRH4|HTR1A|HTR1B|HTR1E|HTR1F|HTR2B|HTR2C|HTR4|HTR5A|HTR6|HTR7|IFFO2|KISS1R|LPAR1|LPAR2|LPAR3|LSP1|LTB4R|LTB4R2|MC1R|MC2R|MC3R|MC4R|MC5R|MCAT|MCHR1|MCHR2|MIPEP|MLNR|MPND|MRPL1|MYSM1|NKTR|NLN|NMBR|NMUR1|NMUR2|NPBWR2|NPFFR1|NPFFR2|NPSR1|NPY1R|NPY2R|NPY4R|NPY5R|NTSR1|NTSR2|OPN1LW|OPN1MW2|OPN1SW|OPN3|OPN4|OPN5|OPRD1|OPRK1|OPRL1|OPRM1|OR51E2|OXTR|PDF|PIPOX|PM20D1|PMM2|PPIA|PPIAL4D|PPIAL4F|PPIAL4G|PPID|PPIE|PPIF|PPIG|PPIH|PPIL1|PPIL3|PPIL4|PPIL6|PREP|PRKG1|PRLHR|PROKR1|PROKR2|PSMD14|PSMD7|PTGDR|PTGER1|PTGER2|PTGER3|PTGER4|PTGFR|PTGIR|PTPN1|PTPN11|PTPN12|PTPN13|PTPN14|PTPN18|PTPN2|PTPN20|PTPN21|PTPN22|PTPN3|PTPN4|PTPN5|PTPN6|PTPN7|PTPRB|PTPRD|PTPRE|PTPRF|PTPRG|PTPRH|PTPRJ|PTPRK|PTPRM|PTPRN|PTPRN2|PTPRO|PTPRR|PTPRT|PTPRU|PTPRZ1|PUDP|PVR|QRFPR|RANBP2|RGR|RHO|RPL10A|RRH|RRM1|RXFP3|RXFP4|SHMT1|SHMT2|SLC16A10|SLC32A1|SLC36A1|SLC6A1|SLC6A11|SLC6A12|SLC6A13|SLC6A15|SLC6A16|SLC6A17|SLC6A18|SLC6A19|SLC6A2|SLC6A20|SLC6A3|SLC6A4|SLC6A5|SLC6A7|SLC6A8|SLC6A9|SNRPA|SRR|SSTR1|SSTR2|SSTR4|SSTR5|STAMBP|STAMBPL1|TAAR1|TAAR2|TAAR5|TAAR6|TAAR8|TBXA2R|THOP1|TMIGD3|TRHR|UTS2R,326,AGXT|AGXT2|ALAS1|ALAS2|BAAT|GARS1|GATM|GCAT|GLRA1|GLRA2|GLRA3|GLRB|GLYAT|GLYATL1|GLYATL2|GNMT|GPR18|GRIN2A|GRIN2C|GRIN3B|GSS|PIPOX|SHMT1|SHMT2,24,4.2012551935022175,3.9585040326814886,326,B05CX03,AGXT|AGXT2|ALAS1|ALAS2|BAAT|GARS1|GATM|GCAT|GLRA1|GLRA2|GLRA3|GLRB|GLYAT|GLYATL1|GLYATL2|GNMT|GPR18|GRIN2A|GRIN2C|GRIN3B|GSS|PIPOX|SHMT1|SHMT2,24
DJJCXFVJDGTHFX-XVFCMESISA-N,DJJCXFVJDGTHFX,DJJCXFVJDGTHFX-XVFCMESISA-N,DB03685,Uridine monophosphate,full_inchikey,AGO2|B4GALT1|B4GALT2|B4GALT3|B4GALT4|B4GALT5|B4GALT6|CAD|CDA|CPS1|CPSF2|CPSF3|CTNNB1|DCLRE1A|DCLRE1C|EPHX2|EXOSC10|EXOSC4|EXOSC5|EXOSC6|EXOSC7|EXOSC8|EXOSC9|GALT|GFUS|GLT6D1|HDHD3|HSD3B1|HSD3B2|HSD3B7|IMP3|INTS11|INTS9|ISG20|JUP|LSM10|LSM2|LSM5|LSM6|MRPS10|MRPS11|MRPS12|MRPS14|MRPS15|MRPS16|MRPS18A|MRPS18C|MRPS2|MRPS5|MRPS6|MRPS7|MRPS9|MTFMT|MTPAP|NANP|NSDHL|NT5C2|NT5C3B|NT5M|RGS4|RNASE1|RPS11|RPS13|RPS14|RPS15|RPS15A|RPS16|RPS18|RPS2|RPS20|RPS23|RPS29|RPS3|RPS5|RPS9|RPSA|SDR42E1|SNRPB|SNRPD1|SNRPD2|SNRPD3|SNRPE|SNRPN|SOD1|TENT2|TENT4A|TENT4B|TUT1|TUT4|TUT7|TYMS|UCKL1|UGDH|UMPS|UPP1|UPRT|UXS1,97,B4GALT1|GLT6D1|ISG20|LSM6|UCKL1,5,4.300466526733865,4.423822261023801,97,,B4GALT1|GLT6D1|ISG20|LSM6|UCKL1,5
DKGAVHZHDRPRBM-UHFFFAOYSA-N,DKGAVHZHDRPRBM,DKGAVHZHDRPRBM-UHFFFAOYSA-N,DB03900,tert-butanol,full_inchikey,CABP1|CABP2|CABP4|CABP5|CABP7|CALB1|CALB2|CALM1|CALM2|CALM3|CALML3|CALML4|CALML5|CALML6|CALN1|CETN1|CETN2|CETN3|CHP1|CHP2|CHRNA2|CHRNB4|CIB1|CIB2|CIB3|CIB4|CLXN|CYCS|EFCAB11|EFCAB13|EFCAB2|EFCAB3|EFCAB6|EFCAB7|EFCAB9|ETFDH|F9|GABRA2|GABRB1|GUCA1B|GUCA1C|HPCA|HPCAL1|HPCAL4|IQCB1|KCNIP1|KCNIP2|KCNIP3|KCNIP4|MCEE|METAP2|MYH1|MYH10|MYH11|MYH13|MYH15|MYH2|MYH4|MYH7|MYH7B|MYH8|MYH9|MYL1|MYL10|MYL11|MYL12A|MYL12B|MYL2|MYL3|MYL4|MYL5|MYL6|MYL7|MYL9|MYO10|MYO16|MYO18A|MYO18B|MYO1A|MYO1B|MYO1D|MYO1E|MYO1G|MYO1H|MYO3B|MYO5A|MYO5B|MYO5C|MYO6|MYO7A|MYO7B|MYO9A|MYO9B|NCALD|NCS1|NT5E|OCM|OCM2|PPP3R1|PPP3R2|PVALB|RASIP1|RCVRN|RHBDL3|RNASE1|SCGN|SPATA21|TESC|TNNC1|TNNC2|TOP2A|TOP2B|TPI1|VSNL1|YWHAE,115,CALM1|CALM2|CALM3|METAP2|RNASE1|TPI1,6,,,115,,CALM1|CALM2|CALM3|METAP2|RNASE1|TPI1,6
DNXHEGUUPJUMQT-CBZIJGRNSA-N,DNXHEGUUPJUMQT,DNXHEGUUPJUMQT-CBZIJGRNSA-N,DB00655,Estrone,full_inchikey,ABCB1|ABCG2|ALB|AR|CYP19A1|CYP1A1|CYP1A2|CYP1B1|CYP2B6|CYP2C9|CYP2E1|CYP3A4|CYP3A5|CYP3A7|ESR1|ESR2|ESRRA|GLI3|HSD17B1|HTR2B|NCOA1|NR1I2|NR3C1|NRIP1|PGR|RARA|SERPINA6|SHBG|SLC22A8|SLC6A3|SLC6A4|SLCO1A2|SLCO1B1|SLCO2B1|SNCA|TARDBP|THRB,37,AR|CYP19A1|ESR1|ESR2|SHBG,5,5.628636709349264,5.36053787722121,37,G03CA07|G03CC04,AR|CYP19A1|ESR1|ESR2|SHBG,5
DQTRACMFIGDHSN-UKFBFLRUSA-N,DQTRACMFIGDHSN,DQTRACMFIGDHSN-UKFBFLRUSA-N,DB03959,"N,O6-Disulfo-Glucosamine",full_inchikey,ANXA11|ANXA13|ANXA2|ANXA4|ANXA5|ANXA6|ANXA7|APLP1|C1QA|C1QC|F2|FGF1|FGF2|FGFR1|HGF|HS3ST1|HS3ST3A1|HS3ST5|IGDCC3|IGSF9B|IHH|PRG2|RNASE3|ROBO1|ROBO2|ROBO3|SERPINA5|SERPINE2|SHH|THBS1,30,ANXA5|FGF1|FGF2|HGF|HS3ST3A1,5,,,30,,ANXA5|FGF1|FGF2|HGF|HS3ST3A1,5
DRBBFCLWYRJSJZ-UHFFFAOYSA-N,DRBBFCLWYRJSJZ,DRBBFCLWYRJSJZ-UHFFFAOYSA-N,DB13191,Phosphocreatine,full_inchikey,CKB|CKM|CKMT1B|CKMT2|GAMT|SLC6A8,6,CKB|CKM|CKMT1A|CKMT2|GAMT|SLC6A8,6,,,6,C01EB06,CKB|CKM|CKMT1A|CKMT2|GAMT|SLC6A8,6
DRLFMBDRBRZALE-UHFFFAOYSA-N,DRLFMBDRBRZALE,DRLFMBDRBRZALE-UHFFFAOYSA-N,DB01065,Melatonin,full_inchikey,ABCC3|ABCC4|AHR|APP|ASMT|BAD|BAX|BID|CALM1|CALR|CYP19A1|CYP1A1|CYP1A2|CYP1B1|CYP2C19|CYP2C9|CYP2D6|CYP3A4|EPX|ESR1|GPR50|HRH3|HTR1A|HTR2A|HTR2B|HTR2C|HTR5A|HTR7|IDO1|MPO|MTNR1A|MTNR1B|NOTUM|NQO2|NR1I2|RORB|SLC22A8|YWHAB,38,ASMT|CALM1|CALR|EPX|ESR1|MPO|MTNR1A|MTNR1B|NQO2|RORB,10,5.351719783429809,4.772676154990654,38,N05CH01,ASMT|CALM1|CALR|EPX|ESR1|MPO|MTNR1A|MTNR1B|NQO2|RORB,10
DTOSIQBPPRVQHS-PDBXOOCHSA-N,DTOSIQBPPRVQHS,DTOSIQBPPRVQHS-PDBXOOCHSA-N,DB00132,alpha-Linolenic acid,full_inchikey,ALOX15|ALOX15B|ATG4B|CYP19A1|CYP2C19|CYP2C9|CYP2D6|CYP3A4|ELOVL2|ELOVL5|EPX|F3|FABP7|FADS1|FADS2|FFAR1|FFAR4|GLI3|GLS|HSPB1|KAT2A|LPO|MAPT|MPO|NFE2L2|NR1H4|NR1I2|PLA2G1B|POLH|POLI|POLK|PPARA|PPARD|PPARG|PTGS1|PTGS2|PXDN|PXDNL|RXRA|SLC8A1|TP53|TPO|TRPV1|VDR|WRN,45,ELOVL2|ELOVL5|FADS1|FADS2|FFAR1|NR1H4|PPARA|PPARD|PPARG|PTGS2|RXRA|SLC8A1|TRPV1,13,4.968712274670403,4.711910302755511,45,,ELOVL2|ELOVL5|FADS1|FADS2|FFAR1|NR1H4|PPARA|PPARD|PPARG|PTGS2|RXRA|SLC8A1|TRPV1,13
FAKRSMQSSFJEIM-RQJHMYQMSA-N,FAKRSMQSSFJEIM,FAKRSMQSSFJEIM-RQJHMYQMSA-N,DB01197,Captopril,full_inchikey,ABCB1|ABCC3|ABCC4|ABHD14A-ACY1|ACE|ACE2|ACY1|ALB|BDKRB1|CNDP1|CNDP2|CYP2C19|ECE1|EEF1AKMT4-ECE2|F2|HRH1|LTA4H|MME|MMP2|MMP9|PM20D1|PTGS1|PTGS2|REN|SLC15A1|SLC22A6,26,ACE|BDKRB1|LTA4H|MMP2|MMP9,5,5.5115389743585235,4.960204688488094,26,C09AA01|C09BA01,ACE|BDKRB1|LTA4H|MMP2|MMP9,5
FBOZXECLQNJBKD-ZDUSSCGKSA-N,FBOZXECLQNJBKD,FBOZXECLQNJBKD-ZDUSSCGKSA-N,DB00563,Methotrexate,full_inchikey,ABCB1|ABCB11|ABCC1|ABCC10|ABCC11|ABCC2|ABCC3|ABCC4|ABCG2|ALB|AOX1|ATIC|ATXN2|BCL2L11|BDH2|C2ORF81|CBR1|CBR3|CBR4|CYP3A4|DECR1|DECR2|DHFR|DHFR2|DHRS1|DHRS12|DHRS13|DHRS2|DHRS4|DHRS4L2|DHRS7B|DHRS7C|DHRSX|ESRRA|FOLR1|FOLR2|FPGS|GART|GGH|HMGB1|HPGD|HSD11B1|HSD11B1L|HSD17B1|HSD17B11|HSD17B13|HSD17B14|HSD17B8|HSDL2|IDH1|KPNA2|MPHOSPH8|MTHFR|MTR|NCOA1|NCOA3|NFE2L2|NR1H4|NSD2|PADI4|PECR|PGD|PGR|POLB|POLH|POLI|PPARG|RDH10|RDH11|RDH12|RDH13|RDH14|SDR16C5|SHMT1|SHMT2|SLC15A1|SLC16A1|SLC19A1|SLC22A11|SLC22A6|SLC22A7|SLC22A8|SLC36A1|SLC46A1|SLCO1A2|SLCO1B1|SLCO1B3|SLCO1C1|SLCO3A1|SLCO4C1|SYK|TLR4|TP53|TYMS|VDR,95,ATIC|DHFR|SLC19A1|SLC46A1|TYMS,5,,5.653521528614629,95,L01BA01|L04AX03,ATIC|DHFR|SLC19A1|SLC46A1|TYMS,5
FEWJPZIEWOKRBE-LWMBPPNESA-N,FEWJPZIEWOKRBE,FEWJPZIEWOKRBE-LWMBPPNESA-N,DB01694,D-tartaric acid,full_inchikey,ACACB|ACP2|ACP3|ACP4|ANG|ATP6V1C1|B3GAT1|BACE1|CARNS1|CAT|CFL1|CFL2|CMA1|CTBP1|CTBP2|DDX6|DSTN|ENOSF1|FAAH|FAAH2|FABP5|FDFT1|FKBP10|FKBP11|FKBP14|FKBP1A|FKBP1B|FKBP1C|FKBP2|FKBP3|FKBP4|FKBP6|FKBP7|FKBP8|FKBP9|GIPR|GMPR|GMPR2|GOT1|GUSB|HACL1|HIF1AN|ILVBL|IMPDH1|IMPDH2|MCCC1|MCEE|NDUFAF6|PCCA|PFKFB1|PFKFB2|PFKFB3|PFKFB4|PHGDH|PLK1|PPEF1|PPEF2|PPP2CA|PPP2CB|PPP3CA|PPP3CB|PPP3CC|PPP4C|PPP5C|PRKAG1|PRKAG2|PTPN7|QRSL1|RCL1|RNASEH1|RTCA|STARD3|STX11|STX19|STX1A|STX1B|STX2|STX3|STX4|TIGAR|TREM1,81,ATP6V1C1|B3GAT1|DDX6|HIF1AN|TREM1,5,,,81,,ATP6V1C1|B3GAT1|DDX6|HIF1AN|TREM1,5
FFEARJCKVFRZRR-BYPYZUCNSA-N,FFEARJCKVFRZRR,FFEARJCKVFRZRR-BYPYZUCNSA-N,DB00134,Methionine,full_inchikey,AIMP1|AMACR|BHMT|BHMT2|CBS|CLPB|CTH|EIF2S1|EIF2S2|EIF2S3|EIF2S3B|EIF5|FASN|FBL|FOLH1|GDA|GLUL|HBA2|LARS1|LARS2|MARS1|MARS2|MAT1A|MAT2A|MAT2B|METAP1|METAP1D|METAP2|MSRA|MSRB1|MSRB2|MTFMT|MTHFR|MTR|MTRR|PA2G4|PVR|SLC16A10|SLC6A1|SLC6A11|SLC6A12|SLC6A13|SLC6A15|SLC6A16|SLC6A17|SLC6A18|SLC6A19|SLC6A2|SLC6A20|SLC6A3|SLC6A4|SLC6A5|SLC6A7|SLC6A8|SLC6A9|SOD1|XDH|YARS1,58,BHMT|BHMT2|METAP2|MTR|MTRR,5,2.5228787452803374,2.5228787452803374,58,V03AB26,BHMT|BHMT2|METAP2|MTR|MTRR,5
FIAFUQMPZJWCLV-UHFFFAOYSA-N,FIAFUQMPZJWCLV,FIAFUQMPZJWCLV-UHFFFAOYSA-N,DB04786,Suramin,full_inchikey,ADORA3|ARSA|CTSB|CYP1A2|DUSP5|ENTPD8|F2|FGF1|FH|FSHR|GLS|HPSE|HTR1A|IP6K1|KMT2A|NR1I2|P2RX3|P2RX7|P2RY1|P2RY11|P2RY13|P2RY2|P2RY4|P2RY6|PKLR|PKM|PLA2G2A|PLA2G4A|POLK|PPM1D|PRKCA|PRKDC|PRMT1|PTPN1|RYR1|SIRT1|SIRT2|SIRT5|USP1|VDR,40,F2|FSHR|HPSE|P2RY2|PLA2G2A|RYR1|SIRT5,7,5.445076915646071,5.083633298501359,40,P01CX02,F2|FSHR|HPSE|P2RY2|PLA2G2A|RYR1|SIRT5,7
FMGSKLZLMKYGDP-USOAJAOKSA-N,FMGSKLZLMKYGDP,FMGSKLZLMKYGDP-USOAJAOKSA-N,DB01708,Prasterone,full_inchikey,ABCC1|ABCC4|ABCG2|AR|CYP17A1|CYP2C19|CYP2C9|CYP3A7|ESR1|ESR2|ESRRA|G6PD|GABRA1|GLI3|GPBAR1|GRIN1|GUSB|H6PD|HSD17B1|HSD3B1|NPC1L1|NR1I2|NR1I3|NR3C1|PPARA|SERPINA6|SHBG|SIGMAR1|SLCO1A2|SLCO1B1|SLCO1B3|SLCO2B1|SULT2A1|SULT2B1|TARDBP,35,AR|ESR1|ESR2|G6PD|GABRA1|GRIN1|NR1I2|NR1I3|PPARA|SIGMAR1,10,5.1366819034047335,4.956955050663276,35,A14AA07|G03EA03|G03XX01,AR|ESR1|ESR2|G6PD|GABRA1|GRIN1|NR1I2|NR1I3|PPARA|SIGMAR1,10
FPIPGXGPPPQFEQ-OVSJKPMPSA-N,FPIPGXGPPPQFEQ,FPIPGXGPPPQFEQ-OVSJKPMPSA-N,DB00162,Vitamin A,full_inchikey,ALB|ALDH1A1|ALDH1A2|ALDH1A3|APOD|APP|AR|COMP|CRABP1|CRABP2|CXCL8|CYP19A1|CYP1A2|CYP26A1|CYP2C19|CYP2C9|CYP3A4|DHRS3|DHRS4|ESR1|ESR2|FABP1|FABP12|FABP2|FABP3|FABP4|FABP5|FABP6|FABP7|FABP9|GLI3|GPX4|HSPB1|KCNH2|LRAT|NFE2L2|NR1I2|NR2C2|NR3C1|PAEP|PMP2|PTGDS|RARA|RBP1|RBP2|RBP3|RBP4|RBP5|RBP7|RDH11|RDH12|RDH13|RDH14|RDH5|RDH8|RETSAT|RLBP1|RXRA|RXRG|SNCA|STRA6|THBS1|THBS2|THBS3|THBS4|TTR,66,ALDH1A1|ALDH1A2|ALDH1A3|APOD|DHRS3|DHRS4|LRAT|PTGDS|RDH11|RDH12|RDH13|RDH14|RDH5|RDH8|RETSAT|RXRG,16,5.070899087081686,4.721613765841328,66,A11CA01|D10AD02|R01AX02|S01XA02|V04CB01,ALDH1A1|ALDH1A2|ALDH1A3|APOD|DHRS3|DHRS4|LRAT|PTGDS|RDH11|RDH12|RDH13|RDH14|RDH5|RDH8|RETSAT|RXRG,16
FTOAOBMCPZCFFF-UHFFFAOYSA-N,FTOAOBMCPZCFFF,FTOAOBMCPZCFFF-UHFFFAOYSA-N,DB01483,Barbital,full_inchikey,CHRNA4|CHRNA7|CYP2C19|CYP3A4|GABRA1|GABRA2|GABRA3|GABRA4|GABRA5|GABRA6|GRIA2|GRIK2,12,CHRNA4|CHRNA7|GABRA1|GABRA2|GABRA3|GABRA4|GABRA5|GABRA6|GRIA2|GRIK2,10,,,12,N05CA04,CHRNA4|CHRNA7|GABRA1|GABRA2|GABRA3|GABRA4|GABRA5|GABRA6|GRIA2|GRIK2,10
FTVWIRXFELQLPI-ZDUSSCGKSA-N,FTVWIRXFELQLPI,FTVWIRXFELQLPI-ZDUSSCGKSA-N,DB03467,Naringenin,full_inchikey,ABCB1|ABCC1|ABCG2|ACHE|AKR1B1|AKR1C1|CA1|CA12|CA2|CA4|CA7|CALM1|CBR1|CYP19A1|CYP1A1|CYP1A2|CYP1B1|CYP2C19|CYP2C9|CYP3A4|CYP3A7|DPP4|ESR1|ESR2|FLT3|GLO1|GSK3B|HSD17B1|HSD17B2|KANSL3|MAPK14|OPRD1|OPRK1|OPRM1|PSMB5|PTPN1|SHBG|SLCO2B1|TTR|XDH,40,AKR1C1|CYP19A1|CYP1B1|ESR1|ESR2|KANSL3|SHBG,7,5.225444697614451,5.082833467789479,40,,AKR1C1|CYP19A1|CYP1B1|ESR1|ESR2|KANSL3|SHBG,7
FVTCRASFADXXNN-SCRDCRAPSA-N,FVTCRASFADXXNN,FVTCRASFADXXNN-SCRDCRAPSA-N,DB03247,Flavin mononucleotide,full_inchikey,ADRA1A|ADRB2|AIFM1|AIFM3|BLVRB|CACNA1H|CACNA1I|CALM2|CATSPER4|COA6|COX4I1|COX4I2|COX5A|COX5B|COX6A1|COX6A2|COX6B2|COX6C|COX7A1|COX7C|CRY1|CRY2|CYB5A|CYB5B|CYB5R1|CYB5R2|CYB5R3|CYB5R4|CYC1|CYCS|DAO|DDO|DHFR|DHODH|DMGDH|DPYD|DUS1L|DUS2|DUS3L|DUS4L|ESR1|FDXR|FLAD1|HAO1|HAO2|HMOX1|HMOX2|IYD|KCNA1|KCNA10|KCNA2|KCNA3|KCNA4|KCNA5|KCNA6|KCNA7|KCNB1|KCNB2|KCNC1|KCNC2|KCNC3|KCNC4|KCND1|KCND2|KCND3|KCNF1|KCNG1|KCNG2|KCNG3|KCNG4|KCNK1|KCNK10|KCNK16|KCNK17|KCNK18|KCNK2|KCNK4|KCNK5|KCNK6|KCNK7|KCNQ1|KCNQ2|KCNQ3|KCNQ4|KCNQ5|KCNS1|KCNS2|KCNS3|KCNV1|KCNV2|MCAT|MT-CO1|MT-CO2|MT-CO3|MT-CYB|MT-ND1|MT-ND2|MT-ND3|MT-ND4|MT-ND4L|MT-ND5|MTRR|NDOR1|NDUFS2|NDUFS3|NDUFS7|NDUFS8|NDUFV1|NDUFV2|NOS1|NOS2|NOS3|NQO1|NQO2|OXNAD1|OXSM|PIPOX|PMPCA|PMPCB|PNPO|POR|PPCDC|PPCS|RFK|RPS6KA4|RRM2|RRM2B|SCN1A|SCN2A|SCN4A|SGK1|SQOR|TMCO3|TYMS|TYW1|UQCR10|UQCR11|UQCRB|UQCRC1|UQCRC2|UQCRFS1|UQCRH|UQCRQ,143,BLVRB|DHODH|DPYD|HAO1|HAO2|NOS1|PNPO|POR|PPCDC|RFK|RPS6KA4|SGK1,12,4.610195347324244,5.292429823902063,143,,BLVRB|DHODH|DPYD|HAO1|HAO2|NOS1|PNPO|POR|PPCDC|RFK|RPS6KA4|SGK1,12
FWJKNZONDWOGMI-UHFFFAOYSA-N,FWJKNZONDWOGMI,FWJKNZONDWOGMI-UHFFFAOYSA-N,DB00463,Metharbital,full_inchikey,CHRNA4|CHRNA7|GABRA1|GABRA2|GABRA3|GABRA4|GABRA5|GABRA6|GABRB1|GABRB2|GABRB3|GABRD|GABRE|GABRG1|GABRG2|GABRG3|GABRP|GABRQ|GRIA2|GRIK2,20,CHRNA4|CHRNA7|GABRA1|GABRA2|GABRA3|GABRA4|GABRA5|GABRA6|GABRG3|GRIA2|GRIK2,11,,,20,N03AA30,CHRNA4|CHRNA7|GABRA1|GABRA2|GABRA3|GABRA4|GABRA5|GABRA6|GABRG3|GRIA2|GRIK2,11
FXNFHKRTJBSTCS-UHFFFAOYSA-N,FXNFHKRTJBSTCS,FXNFHKRTJBSTCS-UHFFFAOYSA-N,DB16101,Baicalein,full_inchikey,ABAT|ABCB1|AHR|AKT1|ALOX12|ALOX15|ALOX15B|ALOX5|ALOXE3|AURKB|BLM|CCNB1|CDK1|CIB1|CREB1|CSNK2A1|CSNK2A2|CSNK2A3|CSNK2B|CYP1A1|CYP1A2|CYP1B1|CYP2C19|CYP2C9|CYP2D6|CYP3A4|DAPK1|DPP4|EGFR|ESR1|FBP1|FEN1|FLT3|GAA|GABRA1|GABRA2|GABRA3|GABRA4|GABRA5|GABRA6|GABRB1|GABRB2|GABRB3|GABRD|GABRE|GABRG1|GABRG2|GABRG3|GABRP|GABRQ|GAPDH|GLO1|GPR35|GRK6|HDAC6|HPGD|HSD17B3|HTR7|JUN|KDM1A|KDM4E|L3MBTL1|MAPK1|MAPT|NEU2|NR3C1|NSD2|NTMT1|PGR|PIK3CA|PLK1|PLK2|PLK3|POLH|POLK|PREP|PRSS1|PRSS2|PRSS3|PTPRS|SI|SNCA|SRC|SYK|THRB|TP53|UGT1A1|XDH|YES1,89,ALOX5|GLO1|PREP|SELL|SELP|TNF|XDH,7,5.024453667420057,5.085562822487732,89,,ALOX5|GLO1|PREP|SELL|SELP|TNF|XDH,7
GFFGJBXGBJISGV-UHFFFAOYSA-N,GFFGJBXGBJISGV,GFFGJBXGBJISGV-UHFFFAOYSA-N,DB00173,Adenine,full_inchikey,ACACB|ACP1|ACVR2B|ADA|ADA2|AMPD1|AMPD2|AMPD3|APRT|CARNS1|CDK1|CHFR|CYP3A4|DLG5|ESRRA|FRMPD2|GRID2IP|GRIP1|HSP90AA1|HSP90AB1|HSPB1|IL16|LNX1|LRRK2|MAPDA|MCCC2|MTAP|MUTYH|NR1I2|PARD3B|PATJ|PCCB|PECR|PI4K2A|PNMT|PNP|PRKCI|PRKCZ|PYGM|SF3B1|SF3B6|SRPK1|SRPK2|SRPK3|STK24|TAMALIN|TARDBP|UGT1A1|USH1C|XDH,50,ACACB|ACP1|APRT|MTAP|PECR|SRPK2,6,4.412779998391537,4.519420515739151,50,,ACACB|ACP1|APRT|MTAP|PECR|SRPK2,6
GHMLBKRAJCXXBS-UHFFFAOYSA-N,GHMLBKRAJCXXBS,GHMLBKRAJCXXBS-UHFFFAOYSA-N,DB11085,Resorcinol,full_inchikey,CA1|CA12|CA14|CA2|CA3|CA4|CA5A|CA5B|CA6|CA7|CA9|CASP3|CASP7|CYP3A4|CYP3A7|ESR1|ESRRA|INS-IGF2|NR1I2|PNMT|PTGS1|TPO|TYR,23,CA12|CA14|CA2|PTGS1|TPO,5,4.403833364835578,4.376709350192336,23,D10AX02|S01AX06,CA12|CA14|CA2|PTGS1|TPO,5
GMVPRGQOIOIIMI-DWKJAMRDSA-N,GMVPRGQOIOIIMI,GMVPRGQOIOIIMI-DWKJAMRDSA-N,DB00770,Alprostadil,full_inchikey,ABCC3|ABCC4|ABCC5|ACKR3|ADORA1|ADORA2A|ADORA2B|ADRA1A|ADRA1B|ADRA1D|ADRA2A|ADRA2C|ADRB1|ADRB2|ADRB3|AGTR1|AGTR2|ALB|APLNR|AR|AVPR1A|AVPR1B|AVPR2|BDKRB1|BRS3|CATSPER1|CATSPER2|CATSPER3|CATSPER4|CCKAR|CCKBR|CCR1|CCR3|CCR4|CCR5|CCR9|CNR1|CNR2|CXCR4|CXCR6|DRD1|DRD2|DRD3|DRD4|DRD5|EDNRA|EDNRB|FFAR4|GALR1|GALR2|GALR3|GHSR|GNRHR|GPR119|GPR12|GPR135|GPR139|GPR142|GPR148|GPR150|GPR151|GPR161|GPR173|GPR176|GPR19|GPR22|GPR26|GPR27|GPR3|GPR37|GPR37L1|GPR39|GPR45|GPR52|GPR6|GPR61|GPR62|GPR63|GPR65|GPR78|GPR83|GPR84|GPR85|GPR88|GRPR|HCRTR1|HCRTR2|HPGD|HRH2|HRH3|HRH4|HTR1A|HTR1B|HTR1E|HTR1F|HTR2B|HTR2C|HTR4|HTR5A|HTR6|HTR7|KISS1R|LPAR1|LPAR2|LPAR3|LSP1|LTB4R|LTB4R2|MC1R|MC2R|MC3R|MC4R|MC5R|MCHR1|MCHR2|MLNR|NMBR|NMUR1|NMUR2|NPBWR2|NPFFR1|NPFFR2|NPSR1|NPY1R|NPY2R|NPY4R|NPY5R|NR4A2|NSD2|NTSR1|NTSR2|OPN1LW|OPN1MW2|OPN1SW|OPN3|OPN4|OPN5|OPRD1|OPRK1|OPRL1|OPRM1|OXTR|PRLHR|PROKR1|PROKR2|PTGDR|PTGDR2|PTGER1|PTGER2|PTGER3|PTGER4|PTGFR|PTGIR|QRFPR|RAPGEF4|RGR|RHO|RRH|RXFP3|RXFP4|SLC22A6|SLCO1A2|SLCO1B1|SLCO1B3|SLCO1B3-SLCO1B7|SLCO2A1|SLCO2B1|SLCO3A1|SLCO4A1|SLCO4C1|SLCO5A1|SLCO6A1|SSTR1|SSTR2|SSTR4|SSTR5|TAAR1|TAAR2|TAAR5|TAAR6|TAAR8|TBXA2R|TMIGD3|TRHR|UTS2R,185,PTGDR2|PTGER1|PTGER2|PTGER3|PTGER4|TBXA2R,6,7.140918337691431,7.80566704267766,185,C01EA01|G04BE01,PTGDR2|PTGER1|PTGER2|PTGER3|PTGER4|TBXA2R,6
GPRBEKHLDVQUJE-QSWIMTSFSA-N,GPRBEKHLDVQUJE,GPRBEKHLDVQUJE-QSWIMTSFSA-N,DB00493,Cefotaxime,full_inchikey,ALB|SLC15A1|SLC15A2|SLC22A11|SLC22A6|SLC22A7|SLC22A8,7,ALB|SLC15A1|SLC15A2|SLC22A11|SLC22A6|SLC22A7|SLC22A8,7,3.960815688589457,4.920409376976187,7,J01DD01,ALB|SLC15A1|SLC15A2|SLC22A11|SLC22A6|SLC22A7|SLC22A8,7
GSXOAOHZAIYLCY-HSUXUTPPSA-N,GSXOAOHZAIYLCY,GSXOAOHZAIYLCY-HSUXUTPPSA-N,DB04493,Fructose-6-phosphate,full_inchikey,FBP1|FBP2|GFPT1|GNPDA1|GNPDA2|GPI|H6PD|PAICS|PFKFB1|PFKFB4|PGLS|TALDO1,12,FBP1|FBP2|GPI|PFKFB1|PFKFB4,5,,,12,,FBP1|FBP2|GPI|PFKFB1|PFKFB4,5
GVJHHUAWPYXKBD-IEOSBIPESA-N,GVJHHUAWPYXKBD,GVJHHUAWPYXKBD-IEOSBIPESA-N,DB00163,Vitamin E,full_inchikey,ABCA1|ABCG1|ALOX5|CLVS1|CLVS2|CYP3A4|DGKA|GCLC|GSTA2|GSTM3|GSTO1|GSTP1|HMOX1|NPC1L1|NQO1|NR1I2|PLTP|PPP2CA|PPP2CB|PRKCA|PRKCB|RLBP1|SCARB1|SEC14L1|SEC14L2|SEC14L3|SEC14L4|SEC14L5|SEC14L6|SOD1|TTPA|TTPAL,32,ALOX5|DGKA|NR1I2|PPP2CA|PPP2CB|PRKCA|PRKCB|SEC14L2|SEC14L3|SEC14L4,10,5.959303657420888,5.959303657420888,32,,ALOX5|DGKA|NR1I2|PPP2CA|PPP2CB|PRKCA|PRKCB|SEC14L2|SEC14L3|SEC14L4,10
GXPHKUHSUJUWKP-UHFFFAOYSA-N,GXPHKUHSUJUWKP,GXPHKUHSUJUWKP-UHFFFAOYSA-N,DB00197,Troglitazone,full_inchikey,ABCB11|ABCC3|ABCC4|ACSL4|ADORA3|ADRA1A|AKR1B1|ALOX15B|AR|CA2|CDK2|CDKN1A|CDKN1B|CHRM1|CRABP1|CRABP2|CYCS|CYP19A1|CYP1A1|CYP2B6|CYP2C19|CYP2C8|CYP2C9|CYP3A4|CYP3A5|CYP3A7|DRD1|DRD3|EGR1|ESR1|ESR2|ESRRA|ESRRB|ESRRG|FABP1|FABP12|FABP2|FABP3|FABP4|FABP5|FABP6|FABP7|FABP9|FOXM1|GLI3|GSTP1|HSPB1|HTR1A|HTR2B|MAOA|MAOB|MAPK1|NCOA1|NFE2L2|NFKB1|NR0B1|NR0B2|NR1H2|NR1H3|NR1H4|NR1I2|NR1I3|NR2C1|NR2C2|NR2E1|NR2F1|NR2F2|NR2F6|NR3C1|NR3C2|NR6A1|PDE4A|PDE4D|PGR|PMP2|PPARA|PPARD|PPARG|PTGS1|PTGS2|PTPN1|RAPGEF3|RARA|RARB|RARG|RBP2|RBP5|RBP7|RELA|RXRA|RXRB|RXRG|SERPINE1|SLC29A1|SLC6A2|SLC6A3|SLCO1B1|SREBF2|TBXAS1|THRA|THRB|TP53|TSHR|UGT1A1|UGT1A10|UGT1A3|UGT1A4|UGT1A6|UGT1A7|UGT1A8|UGT1A9|UGT2B15|UGT2B7|VDR|YY1|ZNF366,116,ACSL4|ESRRA|ESRRG|GSTP1|PPARA|PPARD|PPARG|SERPINE1|SLC29A1,9,5.081133375288069,5.179447821678069,116,A10BG01,ACSL4|ESRRA|ESRRG|GSTP1|PPARA|PPARD|PPARG|SERPINE1|SLC29A1,9
HAMNKKUPIHEESI-UHFFFAOYSA-N,HAMNKKUPIHEESI,HAMNKKUPIHEESI-UHFFFAOYSA-N,DB05383,Pimagedine,full_inchikey,AKR1B1|AOC1|C1S|CCR2|MTRR|NDOR1|NOS1|NOS2|NOS3|POR|SLC22A2|TIMP3|TYW1,13,AKR1B1|AOC1|CCR2|NOS2|TIMP3,5,4.484815230798144,4.864143963656078,13,,AKR1B1|AOC1|CCR2|NOS2|TIMP3,5
HCHKCACWOHOZIP-UHFFFAOYSA-N,HCHKCACWOHOZIP,HCHKCACWOHOZIP-UHFFFAOYSA-N,DB01593,Zinc,full_inchikey,A1BG|A2M|AADAT|AANAT|AARS1|AARS2|ABHD14A-ACY1|ABL1|ABL2|ACACB|ACAP1|ACAP2|ACAP3|ACE|ACE2|ACHE|ACKR3|ACLY|ACMSD|ACO1|ACO2|ACOT13|ACP5|ACY1|ACY3|ADA|ADA2|ADAM17|ADAM33|ADAM8|ADAMTS1|ADAMTS4|ADAMTS5|ADAP1|ADAP2|ADARB1|ADAT2|ADCY1|ADCY2|ADCY3|ADCY4|ADCY5|ADCY6|ADCY7|ADCY8|ADCY9|ADD1|ADD2|ADD3|ADGRA1|ADGRA2|ADGRA3|ADH1A|ADH1B|ADH4|ADH5|ADH7|ADHFE1|ADORA1|ADORA2A|ADORA2B|ADPRM|ADRA1A|ADRA1B|ADRA1D|ADRA2A|ADRA2C|ADRB1|ADRB2|ADRB3|AEN|AFF4|AFG3L2|AGAP1|AGAP2|AGAP3|AGAP4|AGAP5|AGAP6|AGBL1|AGBL3|AGBL4|AGBL5|AGER|AGFG1|AGT|AGTPBP1|AGTR1|AGTR2|AHSG|AIMP1|AIRE|AK1|AK2|AK3|AK4|AK5|AK7|AK8|AK9|AKAP10|AKR1C1|AKT1|AKT2|AKT3|ALAD|ALB|ALDH16A1|ALDH1A1|ALDH1A2|ALDH1A3|ALDH1B1|ALDH1L1|ALDH1L2|ALDH2|ALDH3A1|ALDH3A2|ALDH3B2|ALDH4A1|ALDH5A1|ALDH7A1|ALDH8A1|ALDH9A1|ALDOA|ALG2|ALKBH8|ALPG|ALPI|ALPL|ALPP|AMBP|AMDHD1|AMDHD2|AMFR|AMPD1|AMPD2|AMPD3|AMZ1|AMZ2|ANG|ANKFY1|ANKHD1-EIF4EBP3|ANKRD1|ANKRD10|ANKRD16|ANKRD17|ANKRD18A|ANKRD18B|ANKRD2|ANKRD22|ANKRD23|ANKRD26|ANKRD28|ANKRD29|ANKRD30A|ANKRD30B|ANKRD30BL|ANKRD36|ANKRD36C|ANKRD37|ANKRD39|ANKRD42|ANKRD44|ANKRD50|ANKRD52|ANKRD54|ANKRD55|ANKRD6|ANKRD63|ANKRD66|ANKRD7|ANKRD9|ANKS3|ANKS4B|ANKS6|ANPEP|ANTKMT|ANXA1|ANXA10|ANXA11|ANXA13|ANXA2|ANXA3|ANXA4|ANXA5|ANXA6|ANXA7|ANXA9|AOC1|AOC2|AOC3|AOPEP|APAF1|APCS|APIP|APLNR|APLP1|APLP2|APOA1|APOA2|APOA4|APOB|APOBEC2|APOBEC3A|APOBEC3C|APOBEC3F|APOBEC3G|APOBR|APOE|APOL1|APP|APTX|AQP2|AR|ARAP1|ARAP2|ARAP3|ARF1|ARF3|ARF4|ARF5|ARFGAP1|ARFGAP2|ARFGAP3|ARG1|ARID1B|ARIH1|ARL11|ARL14|ARL17A|ARL17B|ARL4A|ARL4C|ARL4D|ARL5A|ARL5B|ARL5C|ARL6|ARL9|ARNT|ARSA|ARSB|ARSD|ARSF|ARSG|ARSH|ARSI|ARSJ|ARSK|ARSL|ASAH2|ASAH2B|ASAP1|ASAP2|ASAP3|ASB1|ASB10|ASB11|ASB12|ASB13|ASB14|ASB15|ASB16|ASB18|ASB2|ASB4|ASB5|ASB6|ASB8|ASB9|ASF1A|ASF1B|ASH1L|ASH2L|ASMT|ASPA|ASPG|ASPH|ASPN|ASTL|ASZ1|ATAD3B|ATG3|ATG7|ATOX1|ATP6V1A|ATP7A|ATP7B|ATRX|ATXN3|ATXN7L1|ATXN7L2|ATXN7L3|AUH|AVPR1A|AVPR1B|AVPR2|AXL|BARD1|BAZ2A|BAZ2B|BBOX1|BCHE|BCKDK|BCL2|BCL2L1|BCL3|BCL6|BCL6B|BCL9|BCS1L|BDH2|BDKRB1|BGN|BHMT|BHMT2|BIRC2|BIRC3|BIRC5|BIRC7|BLK|BLM|BMI1|BMP1|BMX|BOC|BOLL|BPNT2|BPTF|BRCA1|BRCC3|BRD1|BRF2|BRPF3|BRS3|BTK|C1QB|C1QC|C1QTNF5|C1R|C1S|C2ORF81|C3|C4B|C4BPA|C4BPB|C4B_2|C5|C6|C8A|C8B|C8G|CA1|CA10|CA12|CA13|CA14|CA2|CA3|CA4|CA5B|CA6|CA7|CA9|CABP1|CABP2|CABP4|CABP5|CABP7|CACNA1H|CACNA1I|CAD|CALB1|CALB2|CALM1|CALM2|CALM3|CALML3|CALML4|CALML5|CALML6|CALN1|CAMK1|CAMK1G|CAMK4|CAMKV|CANX|CAPS2|CAPSL|CARD18|CARD8|CARS1|CARS2|CASP1|CASP10|CASP12|CASP2|CASP3|CASP4|CASP5|CASP6|CASP7|CASP8|CASP9|CATSPER4|CBFB|CBL|CBLL1|CBLL2|CBR1|CBR3|CBR4|CBX3|CBX7|CCKAR|CCKBR|CCNT1|CCR1|CCR3|CCR4|CCR5|CCR9|CCS|CD180|CD40LG|CD69|CDA|CDC14A|CDC14B|CDC42BPB|CDC7|CDCA8|CDH1|CDH10|CDH11|CDH12|CDH13|CDH15|CDH16|CDH17|CDH18|CDH19|CDH2|CDH20|CDH24|CDH26|CDH3|CDH5|CDH6|CDH7|CDH8|CDH9|CDHR1|CDHR2|CDHR3|CDHR5|CDK9|CDKL3|CDKN2B|CDKN2C|CDKN2D|CDKN3|CDON|CDY1|CDY1B|CDY2A|CDY2B|CDYL|CEL|CELA2A|CELA2B|CELA3A|CELA3B|CENPA|CENPE|CENPS|CENPV|CEP97|CES1|CES2|CES3|CES4A|CES5A|CETN1|CETN2|CETN3|CFB|CFD|CFH|CFI|CFLAR|CGAS|CHAD|CHADL|CHD4|CHFR|CHIT1|CHM|CHML|CHN1|CHN2|CHORDC1|CHP1|CHP2|CIAO2A|CIAO3|CIB1|CIB2|CIB3|CIB4|CIRBP|CISD1|CISD2|CLGN|CLIP1|CLPB|CLPX|CLU|CLXN|CMA1|CMPK1|CNBD2|CNBP|CNDP1|CNDP2|CNGA1|CNGA2|CNGA3|CNGA4|CNNM1|CNNM2|CNNM3|CNNM4|CNOT6|CNOT7|CNOT8|CNR1|CNR2|COA6|COL18A1|COL9A1|COLEC12|COMT|COMTD1|COPS2|COPS3|COPS4|COPS5|COPS6|COPS7A|COPS8|CORIN|COX4I1|COX4I2|COX5A|COX5B|COX6A1|COX6A2|COX6B2|COX6C|COX7A1|COX7C|CP|CPA1|CPA2|CPA3|CPA4|CPA6|CPB1|CPB2|CPM|CPN1|CPN2|CPO|CPSF2|CPSF3|CPSF4|CR2|CRBN|CREBBP|CRMP1|CRP|CRPPA|CRTC2|CRY1|CRY2|CRYAA|CRYAB|CRYL1|CRYZ|CRYZL1|CS|CSF1R|CSK|CSNK2A1|CST7|CTCF|CTCFL|CTNNB1|CTRC|CTRL|CTSL|CTSS|CTU1|CUL1|CUL4A|CUL4B|CUL5|CXCR4|CXCR6|CXXC1|CYC1|CYCS|CYGB|CYLD|CYTH2|DAND5|DAPK1|DAPK2|DAPK3|DARS1|DAZ1|DAZ2|DAZ3|DAZ4|DAZL|DBF4|DCD|DCHS1|DCHS2|DCLK1|DCLRE1A|DCLRE1C|DCN|DCP2|DCTD|DCTN1|DCUN1D1|DDAH1|DDB1|DDX1|DDX10|DDX17|DDX18|DDX20|DDX21|DDX25|DDX39A|DDX39B|DDX5|DDX50|DDX59|DDX60|DEAF1|DECR1|DECR2|DENR|DERA|DFFB|DHRS1|DHRS12|DHRS13|DHRS2|DHRS4|DHRS4L2|DHRS7B|DHRS7C|DHRSX|DHX58|DICER1|DIDO1|DIS3|DIS3L|DIS3L2|DKC1|DLK2|DMC1|DNAAF11|DNAJA1|DNAJA2|DNAJA3|DNAJA4|DNAJB1|DNAJB11|DNAJB12|DNAJB13|DNAJB14|DNAJB2|DNAJB4|DNAJB5|DNAJB6|DNAJB7|DNAJB8|DNAJB9|DNAJC10|DNAJC11|DNAJC16|DNAJC18|DNAJC22|DNAJC24|DNAJC25|DNAJC25-GNG10|DNAJC3|DNAJC30|DNAJC4|DNAJC5|DNAJC5B|DNAJC5G|DNAJC7|DNAL1|DNMT1|DNMT3A|DNMT3L|DNPEP|DNTT|DPEP1|DPF2|DPF3|DPP4|DPP7|DPYD|DPYS|DPYSL2|DPYSL3|DPYSL4|DPYSL5|DRD2|DRD3|DRD4|DRD5|DROSHA|DSC1|DSC2|DSC3|DSG1|DSG2|DSG3|DSG4|DSP|DSTYK|DTD1|DTD2|DUSP1|DUSP10|DUSP12|DUSP15|DUSP16|DUSP18|DUSP19|DUSP2|DUSP21|DUSP22|DUSP23|DUSP26|DUSP28|DUSP29|DUSP3|DUSP4|DUSP5|DUSP6|DUSP7|DUSP8|DUSP9|EBF1|EBF2|EBF3|EBF4|ECE1|ECHDC1|ECHDC2|ECHS1|ECI1|ECI2|ECM2|EDNRA|EDNRB|EEA1|EEF1A1|EEF2|EFCAB11|EFCAB13|EFCAB2|EFCAB3|EFCAB6|EFCAB7|EFCAB9|EFL1|EFNA1|EFNA2|EFNA3|EFNA4|EFNA5|EFNB1|EFNB3|EFTUD2|EGFLAM|EGLN1|EGR1|EGR3|EHHADH|EHMT1|EHMT2|EIF1|EIF1AX|EIF1AY|EIF1B|EIF2S1|EIF2S2|EIF2S3|EIF2S3B|EIF4A1|EIF4A2|EIF4B|EIF4H|EIF5|EIF5A|EIF5A2|EIF5AL1|EIF6|ELAC1|ELAC2|ELANE|ELK4|ELOB|ELOC|ENAH|ENO1|ENO2|ENO3|ENO4|ENPEP|ENPP2|ENPP3|ENPP4|ENTPD1|ENTPD2|ENTPD3|ENTPD4|ENTPD5|ENTPD6|ENTPD7|ENTPD8|EP300|EPHA1|EPHA10|EPHA2|EPHA3|EPHA4|EPHA5|EPHA6|EPHA7|EPHA8|EPHB1|EPHB2|EPHB3|EPHB4|EPM2A|EPRS1|EPX|EPYC|ERAP1|ERAP2|ERBIN|ERI1|ERI2|ERI3|ERN1|ERN2|ERP27|ERP44|ESPNL|ESR1|ETF1|ETHE1|EXD2|EXO1|EXOSC1|EXOSC10|EXOSC2|EXOSC3|EXOSC4|EXOSC5|EXOSC6|EXOSC7|EXOSC8|EXOSC9|EYS|EZH2|F10|F12|F13B|F2|F3|F7|F8|F9|FAAH|FAAH2|FAH|FAHD1|FAHD2A|FAHD2B|FANCL|FANCM|FANK1|FARS2|FARSA|FARSB|FASN|FAT1|FAT2|FAT4|FAU|FBP1|FBP2|FBXO43|FBXO5|FBXW7|FCF1|FCN3|FDPS|FECH|FEN1|FEZF2|FFAR4|FGA|FGFR1|FGFR2|FGFR3|FGFR4|FGFRL1|FGR|FHL2|FKBP10|FKBP11|FKBP14|FKBP1A|FKBP1B|FKBP1C|FKBP2|FKBP3|FKBP4|FKBP6|FKBP7|FKBP8|FKBP9|FLII|FLRT1|FLRT3|FLT1|FLT3|FLT3LG|FLT4|FMOD|FN1|FNTA|FNTB|FOLH1|FRZB|FTH1|FTHL17|FTMT|FTO|FURIN|FYN|FZD1|FZD10|FZD2|FZD3|FZD4|FZD5|FZD6|FZD7|FZD8|FZD9|GABARAP|GABARAPL1|GABARAPL2|GALE|GALNS|GALR1|GALR2|GALR3|GALT|GAPDH|GAPDHS|GAR1|GATA1|GATA2|GATA3|GATA4|GATA5|GATA6|GATB|GCH1|GCHFR|GCM1|GCM2|GDA|GDE1|GDI1|GDI2|GDPD1|GDPD2|GDPD3|GDPD4|GDPD5|GEN1|GET3|GET4|GFER|GFI1|GFI1B|GFM1|GFM2|GFUS|GH1|GHSR|GK|GK2|GK5|GLI3|GLIPR1|GLMN|GLO1|GLRA1|GLUD1|GLUD2|GLYR1|GMEB1|GNAL|GNAS|GNE|GNPDA1|GNPDA2|GNPNAT1|GNRHR|GNS|GORASP1|GORASP2|GP1BA|GP1BB|GP9|GPCPD1|GPR119|GPR12|GPR135|GPR139|GPR142|GPR148|GPR149|GPR150|GPR151|GPR161|GPR173|GPR176|GPR19|GPR22|GPR26|GPR27|GPR3|GPR37|GPR37L1|GPR39|GPR45|GPR52|GPR6|GPR61|GPR62|GPR63|GPR65|GPR78|GPR83|GPR84|GPR85|GPR88|GRB2|GRIA2|GRIN1|GRIN2A|GRIN2C|GRIN2D|GRIN3A|GRIN3B|GRPR|GSK3A|GSK3B|GSN|GSTA1|GSTA2|GSTA3|GSTA4|GSTM1|GSTP1|GTF2B|GTF2F1|GTF3A|GUCA1B|GUCA1C|GUCY1A1|GUCY1A2|GUCY1B1|GUCY2C|GUCY2D|GUCY2F|GZMB|GZMH|GZMK|GZMM|H3-3A|H3-3B|H3-4|H3-5|H3C10|H3C12|H3C13|H3C14|H3C15|H3C4|H4C11|H4C16|H4C2|H4C3|H4C6|H6PD|HADH|HADHA|HAGH|HAGHL|HAO1|HAO2|HBA1|HBA2|HBB|HBE1|HBG1|HBG2|HBM|HBQ1|HBZ|HCK|HCRTR1|HCRTR2|HDAC1|HDAC2|HDAC3|HDAC4|HDAC6|HDAC7|HDAC8|HELZ2|HEMK1|HEMK2|HEPH|HEPHL1|HEXA|HEXB|HGS|HHIP|HIBCH|HIF1A|HIF1AN|HINT1|HINT2|HIVEP1|HLA-A|HLA-B|HLA-C|HLA-DQA1|HLA-DQB1|HLA-DRB1|HLA-DRB5|HLA-G|HMGCL|HMGCLL1|HNF4A|HNRNPA1|HNRNPA2B1|HNRNPA3|HNRNPAB|HNRNPCL1|HNRNPD|HNRNPM|HP|HPCA|HPCAL1|HPCAL4|HPGD|HPGDS|HPR|HPX|HRAS|HRG|HRH2|HRH3|HRH4|HRNR|HSCB|HSD11B1|HSD11B1L|HSD17B1|HSD17B11|HSD17B13|HSD17B14|HSD17B8|HSD3B1|HSD3B2|HSD3B7|HSDL2|HSF1|HSP90AA1|HSP90AB1|HSP90B1|HSPA1B|HSPB1|HSPB2|HSPB3|HSPB6|HSPB7|HSPB8|HSPG2|HTR1A|HTR1B|HTR1E|HTR1F|HTR2B|HTR2C|HTR4|HTR5A|HTR6|HTR7|HUNK|IARS1|ICAM1|IDE|IDH1|IDH2|IDS|IFFO2|IFNA10|IFNA14|IFNA17|IFNA2|IFNA21|IFNA4|IFNA6|IFNA7|IFNA8|IFNB1|IGBP1|IGF1|IGF1R|IGF2|IGFALS|IGLL1|IGSF10|IHH|IKBKB|IKZF2|IL2|IL3|ILK|ILKAP|IMP3|IMPA1|IMPA2|IMPDH1|IMPDH2|INCENP|ING1|ING2|ING4|ING5|INS|INS-IGF2|INSM1|INSR|INSRR|INTS11|INTS9|INVS|IPPK|IRAK1|IRAK2|IRAK3|IREB2|IRF3|ISCU|ISG20|ISG20L2|ISL1|ISL2|ISLR|ISLR2|ISYNA1|ITGAL|ITGB1BP2|ITIH1|ITIH2|ITIH3|ITIH4|ITK|JAK1|JAK2|JAK3|JCHAIN|JUP|KAT5|KAT6A|KAT8|KCNA1|KCNA10|KCNA2|KCNA3|KCNA4|KCNA5|KCNA6|KCNA7|KCNB1|KCNB2|KCNC1|KCNC2|KCNC3|KCNC4|KCND1|KCND2|KCND3|KCNF1|KCNG1|KCNG2|KCNG3|KCNG4|KCNIP1|KCNIP2|KCNIP3|KCNIP4|KCNK1|KCNK10|KCNK16|KCNK17|KCNK18|KCNK2|KCNK4|KCNK5|KCNK6|KCNK7|KCNQ1|KCNQ2|KCNQ3|KCNQ4|KCNQ5|KCNS1|KCNS2|KCNS3|KCNV1|KCNV2|KCTD19|KDM1B|KDM2A|KDM2B|KDM4A|KDM4B|KDM4C|KDM4D|KDM5A|KDM5B|KDM6A|KDM6B|KDM7A|KDM8|KDR|KERA|KIF11|KIF13A|KIF13B|KIF14|KIF15|KIF16B|KIF17|KIF18A|KIF19|KIF1A|KIF1B|KIF1C|KIF20A|KIF20B|KIF21A|KIF21B|KIF22|KIF23|KIF26A|KIF26B|KIF27|KIF2A|KIF2B|KIF2C|KIF3A|KIF3B|KIF3C|KIF4A|KIF4B|KIF5A|KIF5B|KIF5C|KIF6|KIF7|KIF9|KIFC1|KIFC2|KIFC3|KISS1R|KIT|KL|KLB|KLF16|KLF2|KLF4|KLF6|KLF8|KLK1|KLK2|KLK3|KLK4|KLK5|KLK8|KLKB1|KMT2A|KMT2E|KMT5B|KMT5C|KNG1|KPNB1|KRT1|KRT10|KRT14|KRT16|KRT2|KRT5|KRT6A|KRT9|LACC1|LACTB2|LALBA|LANCL1|LAP3|LARS1|LARS2|LATS1|LATS2|LBP|LCK|LCN1|LCT|LCTL|LDB1|LDHAL6A|LDHAL6B|LDHB|LDHC|LGALS8|LGR4|LGR5|LGR6|LIG1|LIG3|LIMD2|LIMK1|LIMK2|LIMS1|LIMS2|LIN28A|LINGO1|LINGO4|LMLN|LMO2|LMO4|LMOD1|LMOD2|LMOD3|LNPEP|LPAR1|LPAR2|LPAR3|LPO|LRCH1|LRCH2|LRCH3|LRCH4|LRFN1|LRFN2|LRFN3|LRFN4|LRFN5|LRG1|LRGUK|LRIG1|LRIG2|LRIG3|LRIT1|LRIT2|LRMDA|LRP8|LRR1|LRRC1|LRRC10|LRRC10B|LRRC17|LRRC18|LRRC19|LRRC2|LRRC23|LRRC24|LRRC26|LRRC28|LRRC3|LRRC30|LRRC32|LRRC38|LRRC39|LRRC3B|LRRC3C|LRRC4|LRRC40|LRRC43|LRRC46|LRRC47|LRRC49|LRRC4B|LRRC4C|LRRC52|LRRC53|LRRC55|LRRC56|LRRC57|LRRC58|LRRC61|LRRC63|LRRC66|LRRC69|LRRC70|LRRC8A|LRRC8B|LRRC8C|LRRC8D|LRRC8E|LRRC9|LRRCC1|LRRD1|LRRIQ1|LRRIQ3|LRRIQ4|LRRK1|LRRK2|LRRN1|LRRN2|LRRN3|LRRN4|LRRTM1|LRRTM2|LRRTM3|LRRTM4|LRSAM1|LRTM1|LRTM2|LRTOMT|LRWD1|LSM10|LSM2|LSM5|LSM6|LSM7|LSP1|LTA4H|LTB4R|LTB4R2|LTF|LUM|LVRN|LXN|LYN|LYPLA1|LYPLA2|LYPLAL1|LYZ|MAGI1|MAN2A1|MAN2A2|MAN2B1|MAN2B2|MAN2C1|MAP1LC3A|MAP1LC3B|MAP1LC3C|MAP3K10|MAP3K11|MAP3K20|MAP3K21|MAP3K7|MAP3K9|MAPDA|MAPK11|MAPK14|MARCHF1|MARCHF10|MARCHF11|MARCHF2|MARCHF3|MARCHF4|MARCHF6|MARCHF7|MARCHF8|MARCHF9|MARS1|MARS2|MASP1|MATK|MB|MBD3L1|MBD3L2|MBD3L3|MBD3L4|MBD3L5|MBD4|MBLAC2|MBNL1|MBTPS1|MC1R|MC2R|MC3R|MC4R|MC5R|MCEE|MCHR1|MCHR2|MCL1|MCM2|MCM3|MCM4|MCM5|MCM6|MCM7|MCM8|MCM9|MCMDC2|MCTP1|MCTS1|MDH1|MDH1B|MDH2|MDM2|MDM4|ME1|ME2|MECOM|MECP2|MECR|MED26|MEF2A|MELK|MELTF|MEP1B|MERTK|MET|METAP1|METAP1D|METAP2|METTL21C|METTL27|MFHAS1|MFRP|MGMT|MIB1|MIB2|MID1|MKNK2|MLEC|MLH1|MLH3|MLKL|MLNR|MLPH|MME|MMP1|MMP10|MMP11|MMP13|MMP14|MMP16|MMP2|MMP27|MMP3|MMP7|MMP8|MMP9|MOB1A|MOCS3|MORC3|MOS|MPG|MPHOSPH8|MPI|MPND|MPO|MRPL1|MRPL11|MRPL12|MRPL13|MRPL15|MRPL16|MRPL17|MRPL19|MRPL2|MRPL20|MRPL22|MRPL23|MRPL24|MRPL27|MRPL3|MRPL32|MRPL33|MRPL34|MRPL36|MRPL38|MRPL4|MRPL40|MRPL41|MRPL43|MRPL46|MRPL47|MRPL49|MRPL58|MRPS10|MRPS11|MRPS12|MRPS14|MRPS15|MRPS16|MRPS18A|MRPS18C|MRPS2|MRPS5|MRPS6|MRPS7|MRPS9|MRRF|MRTO4|MS4A13|MSL1|MSL2|MSRB1|MSRB2|MSRB3|MT-CO1|MT-CO2|MT-CO3|MT-CYB|MT1A|MT2A|MT3|MTA1|MTF1|MTIF3|MTPAP|MTR|MTREX|MTRF1|MTRF1L|MTRFR|MTRR|MUSK|MXRA5|MYL1|MYL10|MYL11|MYL12A|MYL12B|MYL2|MYL3|MYL4|MYL5|MYL6|MYL7|MYL9|MYLIP|MYLK2|MYLK3|MYLK4|MYSM1|MYT1|NAA10|NAA11|NAA20|NAA30|NAA50|NAALAD2|NADSYN1|NAE1|NAIP|NAMPT|NANOS1|NANOS2|NANOS3|NANS|NAPEPLD|NAPRT|NARF|NARS1|NARS2|NAT8|NCALD|NCK2|NCOR2|NCS1|NDC80|NDOR1|NDUFAB1|NDUFAF5|NDUFS2|NDUFS3|NDUFS7|NDUFS8|NDUFV1|NDUFV2|NEBL|NEDD8|NEIL3|NFKB1|NFKB2|NFKBIA|NFKBIB|NFKBIE|NFKBIZ|NFYB|NGB|NGF|NGLY1|NHP2|NID1|NIF3L1|NIM1K|NKRF|NLGN1|NLGN2|NLGN3|NLGN4X|NLGN4Y|NLN|NMBR|NME1|NME8|NMUR1|NMUR2|NOB1|NOP10|NOS1|NOS2|NOS3|NOTCH2|NPBWR2|NPEPL1|NPEPPS|NPFFR1|NPFFR2|NPPA|NPPB|NPR1|NPR2|NPR3|NPSR1|NPY1R|NPY2R|NPY4R|NPY5R|NQO2|NR1D1|NR1H2|NR1H3|NR3C1|NR4A1|NR4A2|NR4A3|NR5A2|NRROS|NSA2|NSD1|NSD3|NSDHL|NSMCE1|NSMCE2|NSMCE3|NT5E|NTHL1|NTRK1|NTSR1|NTSR2|NUBP1|NUBP2|NUBPL|NUDT1|NUDT10|NUDT11|NUDT12|NUDT13|NUDT14|NUDT15|NUDT5|NUDT7|NUDT8|NUF2|NUP153|NYX|OBSCN|OCM|OCM2|OGA|OGN|OMD|OMG|OMP|OPN1LW|OPN1MW2|OPN1SW|OPN3|OPN4|OPN5|OPRD1|OPRK1|OPRL1|OPRM1|OPTC|ORAI2|ORAI3|ORM2|OSGEP|OSGEPL1|OXTR|P4HA1|P4HA2|P4HA3|P4HB|P4HTM|PA2G4|PABPC1|PAEP|PAM|PAN2|PAN3|PAPSS1|PAPSS2|PARK7|PARP1|PARP12|PASK|PBK|PBRM1|PC|PCDH10|PCDH11X|PCDH11Y|PCDH12|PCDH15|PCDH17|PCDH18|PCDH19|PCDH8|PCDH9|PCDHA1|PCDHA10|PCDHA11|PCDHA12|PCDHA13|PCDHA2|PCDHA3|PCDHA4|PCDHA5|PCDHA6|PCDHA7|PCDHA8|PCDHA9|PCDHAC1|PCDHAC2|PCDHB1|PCDHB10|PCDHB11|PCDHB12|PCDHB13|PCDHB14|PCDHB15|PCDHB2|PCDHB3|PCDHB4|PCDHB5|PCDHB6|PCDHB7|PCDHB8|PCDHGA1|PCDHGA10|PCDHGA11|PCDHGA12|PCDHGA2|PCDHGA3|PCDHGA4|PCDHGA5|PCDHGA6|PCDHGA7|PCDHGA8|PCDHGA9|PCDHGB1|PCDHGB2|PCDHGB3|PCDHGB4|PCDHGB6|PCDHGB7|PCDHGC3|PCDHGC4|PCDHGC5|PCLO|PCNA|PCSK1|PCSK2|PCSK4|PCSK5|PCSK7|PCSK9|PDCD6|PDE10A|PDE1B|PDE2A|PDE4B|PDE4D|PDE5A|PDE7A|PDE8A|PDE9A|PDF|PDGFRA|PDGFRB|PDGFRL|PDIA2|PDIA3|PDIA4|PDIA5|PDIA6|PDILT|PDK1|PDK2|PDK4|PDP1|PDP2|PDXK|PDZK1|PEA15|PEBP1|PEBP4|PECR|PEG3|PEPD|PER2|PER3|PGGT1B|PGLS|PGLYRP2|PGM1|PGM2|PGM2L1|PGM3|PGM5|PGPEP1|PGPEP1L|PGR|PGS1|PHF13|PHF2|PHF21A|PHF6|PHF8|PHLPP1|PI3|PIAS2|PIAS3|PIDD1|PIGL|PIM1|PIM2|PIM3|PITRM1|PJA1|PKDCC|PKN1|PKN2|PKN3|PLAT|PLAU|PLD1|PLD2|PLD6|PLEC|PLG|PLK1|PM20D1|PM20D2|PML|PMPCA|PMPCB|PMS1|PMS2|PNCK|PNKD|PNKP|PNP|PNPLA6|PNPLA7|PODN|PODNL1|POLA1|POLA2|POLB|POLD1|POLE|POLG|POLL|POLM|POLN|POLQ|POLR1A|POLR1B|POLR1D|POLR1E|POLR1F|POLR1H|POLR2B|POLR2C|POLR2D|POLR2E|POLR2F|POLR2G|POLR2I|POLR2J|POLR2J3|POLR2K|POLR2L|POLR3A|POLR3B|POLR3H|POLR3K|PON1|POR|POTEH|PP2D1|PPARG|PPEF1|PPEF2|PPIA|PPIB|PPIC|PPIE|PPM1A|PPM1B|PPM1D|PPM1E|PPM1F|PPM1K|PPM1L|PPM1N|PPP1R7|PPP2CA|PPP2CB|PPP2R1A|PPP3CA|PPP3CB|PPP3CC|PPP3R1|PPP3R2|PPP4C|PPP5C|PPT1|PPT2|PPTC7|PRDM10|PRDM13|PRDM15|PRDM16|PRDM4|PRDM5|PRDM8|PRDM9|PRDX1|PRELP|PRIM1|PRKAG1|PRKAG2|PRKAR1A|PRKAR1B|PRKAR2A|PRKAR2B|PRKCA|PRKCD|PRKCE|PRKCG|PRKCH|PRKCQ|PRKN|PRLHR|PRLR|PRMT7|PROC|PROKR1|PROKR2|PRSS1|PRSS3|PRSS50|PRTN3|PRUNE1|PSIP1|PSKH1|PSKH2|PSMD14|PSMD7|PSPH|PTBP2|PTEN|PTER|PTGDR|PTGER1|PTGER2|PTGER3|PTGER4|PTGES3L-AARSD1|PTGFR|PTGIR|PTGS1|PTGS2|PTK6|PTK7|PTPDC1|PTPRZ1|PTRH2|PTS|PUS10|PVALB|PXDN|PXDNL|PYGO1|PYGO2|PZP|QARS1|QPCT|QPCTL|QRFPR|QRSL1|QTRT1|QTRT2|RAB10|RAB13|RAB15|RAB27A|RAB27B|RAB28|RAB3A|RAB3B|RAB3C|RAB3D|RAB40A|RAB40AL|RAB40B|RAB40C|RAB5A|RAB8A|RAB8B|RABGEF1|RABGGTA|RABGGTB|RABIF|RAC3|RACGAP1|RACK1|RAD17|RAD18|RAD23A|RAD23B|RAD51|RAD51B|RAD51C|RAD51D|RAD54B|RAD54L|RAG1|RAG2|RALY|RALYL|RAN|RARA|RASEF|RASGRP1|RBBP6|RBCK1|RBM3|RBM34|RBM5|RBX1|RCVRN|RDH10|RDH11|RDH12|RDH13|RDH14|RECQL|RECQL5|REG3A|REL|RELA|RELN|RET|REV3L|REXO1|REXO2|REXO4|REXO5|RFC2|RFC3|RFC4|RFC5|RFFL|RFK|RGN|RGR|RHBDL3|RHO|RIGI|RIMKLA|RIMKLB|RIMS1|RIMS3|RIPK1|RIPK2|RIPK3|RIPK4|RNASE1|RNASE4|RNF111|RNF123|RNF168|RNF2|RNF31|RNF4|RNF8|RNPEP|RNPEPL1|ROR1|RPA1|RPA2|RPA3|RPE|RPH3A|RPH3AL|RPL10|RPL10A|RPL10L|RPL11|RPL12|RPL13|RPL13A|RPL14|RPL15|RPL17|RPL18|RPL18A|RPL19|RPL21|RPL22|RPL22L1|RPL23|RPL23A|RPL24|RPL26L1|RPL27|RPL27A|RPL29|RPL3|RPL30|RPL31|RPL32|RPL34|RPL35|RPL35A|RPL36|RPL36A|RPL36A-HNRNPH2|RPL36AL|RPL37|RPL37A|RPL38|RPL39|RPL39L|RPL3L|RPL4|RPL5|RPL6|RPL7|RPL7A|RPL7L1|RPL8|RPL9|RPLP0|RPP21|RPP38|RPS11|RPS12|RPS13|RPS14|RPS15|RPS15A|RPS16|RPS18|RPS19|RPS2|RPS20|RPS21|RPS23|RPS24|RPS25|RPS26|RPS27A|RPS27L|RPS28|RPS29|RPS3|RPS3A|RPS4X|RPS4Y1|RPS5|RPS6|RPS6KA1|RPS6KA2|RPS6KA3|RPS6KA4|RPS6KA6|RPS6KB1|RPS6KB2|RPS8|RPS9|RPSA|RREB1|RRH|RRM1|RRM2|RRM2B|RSKR|RSL24D1|RSPO1|RSPO3|RSPO4|RSRC1|RSU1|RTN4IP1|RTN4R|RTN4RL1|RTN4RL2|RUFY1|RXFP1|RXFP2|RXFP3|RXFP4|RXRA|RXRB|RXRG|S100A12|S100A2|S100A7|S100A7A|S100A8|S100A9|S100B|SAE1|SAMHD1|SAR1A|SAR1B|SARS1|SARS2|SAT1|SATL1|SCGN|SCN1A|SCN2A|SCN4A|SCRIB|SDR16C5|SDR42E1|SEC23A|SEC24A|SEC24B|SEC24C|SEC24D|SEC31A|SEC31B|SEC61A1|SEC61A2|SEC61G|SELENOP|SEMG1|SEMG2|SERPINA1|SERPINA3|SERPINA4|SERPINA5|SERPINA6|SERPIND1|SERPINE1|SETD2|SETMAR|SF3A1|SF3A2|SF3A3|SFRP1|SFRP2|SFRP4|SFRP5|SGK1|SGK2|SGSH|SHANK1|SHANK2|SHBG|SHH|SHOC2|SHPK|SHPRH|SIAH1|SIRPG|SIRT1|SIRT2|SIRT3|SIRT4|SIRT5|SIRT6|SIRT7|SIVA1|SKI|SKIC2|SKP1|SKP2|SLC15A1|SLC15A2|SLC15A3|SLC15A4|SLC15A5|SLC2A10|SLC2A12|SLC2A13|SLC2A6|SLC2A8|SLC30A9|SLC39A7|SLC3A2|SLC47A1|SLC47A2|SLF1|SLIRP|SLIT1|SLIT2|SLIT3|SLMAP|SMAD1|SMAD3|SMAD4|SMAD5|SMAD9|SMAP1|SMAP2|SMC1A|SMC1B|SMC2|SMC3|SMC4|SMC5|SMC6|SMO|SMYD1|SMYD2|SNAI1|SNAP25|SNCAIP|SNRNP35|SNRNP48|SNRNP70|SNRPA1|SNRPB|SNRPD1|SNRPD2|SNRPD3|SNRPE|SNRPN|SNU13|SOD1|SOD2|SOD3|SORD|SOWAHC|SOX17|SP1|SP100|SP140|SP2|SP4|SP5|SPATA21|SPEG|SPG7|SPOCD1|SPOP|SRC|SRMS|SRSF1|SRSF10|SRSF4|SRSF5|SRSF6|SRSF9|SSBP1|SSH1|SSH2|SSH3|SSTR1|SSTR2|SSTR4|SSTR5|STAMBP|STAMBPL1|STARD9|STK11|STK17A|STK17B|STK32A|STK32B|STK32C|STK33|STK40|STS|STT3A|STT3B|STX11|STX19|STX1A|STX1B|STX2|STX3|STX4|STYK1|STYX|STYXL1|STYXL2|SUCLG2|SUGT1|SULF1|SULF2|SUMO1|SUPT4H1|SUPT5H|SUV39H1|SUV39H2|SYK|SYT3|TAAR1|TAAR2|TAAR5|TAAR6|TAAR8|TAB1|TAB3|TAF1|TAF1L|TAF6|TAF6L|TAF7|TAF7L|TAF9|TAF9B|TAL1|TANC1|TANC2|TARS1|TATDN3|TAX1BP1|TAX1BP3|TBXA2R|TCEA1|TCEA2|TCEA3|TCEANC2|TCTE1|TDRD12|TEC|TEK|TENT2|TENT4A|TENT4B|TES|TESC|TESK1|TESK2|TET2|TF|TG|TGFA|TH|THAP1|THAP11|THOP1|THRB|THUMPD1|TIE1|TIMP1|TIMP2|TIMP3|TIMP4|TK1|TLL1|TLR1|TLR10|TLR2|TLR3|TLR4|TLR6|TLR7|TLR8|TLR9|TMCO3|TMIGD3|TMOD1|TMOD2|TMOD3|TMOD4|TMPRSS11D|TMPRSS15|TMX3|TNFAIP3|TNFRSF10B|TNFSF10|TNKS|TNKS2|TNNC1|TNNC2|TNS1|TNS3|TONSL|TOP2A|TOP2B|TOP3A|TOP3B|TP53|TP53BP1|TP53BP2|TP53I3|TP63|TP73|TPBG|TPI1|TPO|TPP1|TPP2|TRAF1|TRAF2|TRAF6|TRAF7|TRAP1|TREM1|TREX2|TRHDE|TRHR|TRIB1|TRIB2|TRIB3|TRIM23|TRIM24|TRIM28|TRIM33|TRIM37|TRIM54|TRIM63|TRIO|TRIT1|TRMT1|TRMT112|TRMT12|TRMT1L|TRMT5|TRMT9B|TRNAU1AP|TRPM1|TRPM2|TRPM3|TRPM4|TRPS1|TRPT1|TRUB1|TSG101|TSHR|TSKU|TSSK1B|TSSK2|TSSK3|TSSK4|TST|TTN|TTR|TUBA1A|TUBA1B|TUBA1C|TUBA3C|TUBA3D|TUBA3E|TUBA4A|TUBA8|TUBAL3|TUBB|TUBB1|TUBB2A|TUBB2B|TUBB3|TUBB4A|TUBB4B|TUBB6|TUBD1|TUBE1|TUBG1|TUBG2|TUFM|TUT1|TUT4|TUT7|TWF2|TXK|TXN|TXN2|TXNDC11|TXNDC16|TXNDC2|TXNDC5|TXNDC8|TXNDC9|TYRO3|TYW1|U2AF2|UBA1|UBA2|UBA3|UBA5|UBA52|UBA6|UBA7|UBB|UBC|UBE2D1|UBE2D2|UBE2G2|UBE2L3|UBE2M|UBE2N|UBE2V2|UBR1|UBR2|UBXN7|UCKL1|UEVLD|UHMK1|UHRF2|UNC13A|UNC13B|UNC13C|UPF1|UPF2|UPRT|UQCR10|UQCR11|UQCRB|UQCRC1|UQCRC2|UQCRFS1|UQCRH|UQCRQ|UROD|USP13|USP2|USP21|USP22|USP3|USP30|USP39|USP4|USP44|USP5|USP51|USP8|UTP23|UTRN|UTS2R|UTY|UXS1|VARS1|VARS2|VASN|VAT1|VAT1L|VAV1|VDR|VPREB1|VPS28|VPS36|VSNL1|VTN|VWF|WDR1|WDR31|WRN|WT1|XAF1|XIAP|XPA|XPNPEP1|XPNPEP2|XPNPEP3|XRCC3|XRRA1|YARS1|YES1|YME1L1|YY1|ZAP70|ZBTB17|ZBTB32|ZBTB33|ZBTB43|ZBTB7B|ZC3H14|ZC3HAV1|ZCCHC13|ZCCHC14|ZCCHC9|ZCWPW1|ZCWPW2|ZFAND3|ZFAND5|ZFAND6|ZFAT|ZFP2|ZFP28|ZFP57|ZFP91|ZFPM2|ZFY|ZFYVE16|ZGLP1|ZGPAT|ZIC3|ZKSCAN3|ZKSCAN4|ZKSCAN7|ZKSCAN8|ZMPSTE24|ZMYND11|ZMYND8|ZNF124|ZNF132|ZNF135|ZNF141|ZNF146|ZNF148|ZNF155|ZNF174|ZNF195|ZNF197|ZNF200|ZNF205|ZNF217|ZNF221|ZNF23|ZNF235|ZNF251|ZNF256|ZNF260|ZNF274|ZNF281|ZNF283|ZNF292|ZNF296|ZNF3|ZNF300|ZNF304|ZNF32|ZNF341|ZNF346|ZNF362|ZNF384|ZNF41|ZNF436|ZNF44|ZNF45|ZNF471|ZNF480|ZNF486|ZNF501|ZNF550|ZNF560|ZNF569|ZNF570|ZNF583|ZNF584|ZNF587|ZNF587B|ZNF594|ZNF624|ZNF629|ZNF705A|ZNF705B|ZNF705D|ZNF705G|ZNF708|ZNF763|ZNF778|ZNF79|ZNF85|ZNG1A|ZNG1B|ZNG1C|ZNG1E|ZNG1F|ZPR1|ZRANB2|ZSCAN5A|ZXDA|ZXDB|ZXDC,3032,A1BG|A2M|AGT|AHSG|ALDOA|APCS|APLP1|APLP2|APOA1|APOA2|APOA4|APOBR|APOE|APOL1|APP|ASPA|BDKRB1|BRCC3|C1QB|C1QC|C1R|C1S|C3|C4B|C4BPA|C4BPB|C5|C8A|C8B|C8G|CCS|CFB|CFH|CFI|CLU|CP|CPN1|CPN2|DAND5|DCD|DSP|EEF1A1|ENO1|ESR1|F12|F13B|F2|FCN3|FGA|FN1|GAPDHS|GLRA1|GSN|HBA1|HBB|HDAC1|HDAC4|HDAC8|HPR|HRNR|IGFALS|IGHA1|IGHM|IGKV1-17|IGKV3-20|IGLV3-21|IL3|INS|ITIH1|ITIH2|ITIH3|ITIH4|JCHAIN|JUP|KLKB1|KNG1|KRT1|KRT10|KRT14|KRT16|KRT2|KRT5|KRT6A|KRT9|MDM2|MGMT|MMP9|MPG|MT1A|MT2A|MT3|NME1|ORM2|P4HB|PARP1|PDCD6|PDIA3|PGLYRP2|PON1|PRDX1|PSPH|PZP|S100A2|S100A7|S100A8|S100A9|SELENOP|SEMG1|SERPINA1|SERPINA3|SERPINA4|SERPINA6|SERPIND1|SHBG|SIVA1|SOD1|TF|TP53|TP73|TPI1|TTR|TUFM|UTRN|VTN,124,4.82195437047216,4.82195437047216,3032,C05AX04,A1BG|A2M|AGT|AHSG|ALDOA|APCS|APLP1|APLP2|APOA1|APOA2|APOA4|APOBR|APOE|APOL1|APP|ASPA|BDKRB1|BRCC3|C1QB|C1QC|C1R|C1S|C3|C4B|C4BPA|C4BPB|C5|C8A|C8B|C8G|CCS|CFB|CFH|CFI|CLU|CP|CPN1|CPN2|DAND5|DCD|DSP|EEF1A1|ENO1|ESR1|F12|F13B|F2|FCN3|FGA|FN1|GAPDHS|GLRA1|GSN|HBA1|HBB|HDAC1|HDAC4|HDAC8|HPR|HRNR|IGFALS|IGHA1|IGHM|IGKV1-17|IGKV3-20|IGLV3-21|IL3|INS|ITIH1|ITIH2|ITIH3|ITIH4|JCHAIN|JUP|KLKB1|KNG1|KRT1|KRT10|KRT14|KRT16|KRT2|KRT5|KRT6A|KRT9|MDM2|MGMT|MMP9|MPG|MT1A|MT2A|MT3|NME1|ORM2|P4HB|PARP1|PDCD6|PDIA3|PGLYRP2|PON1|PRDX1|PSPH|PZP|S100A2|S100A7|S100A8|S100A9|SELENOP|SEMG1|SERPINA1|SERPINA3|SERPINA4|SERPINA6|SERPIND1|SHBG|SIVA1|SOD1|TF|TP53|TP73|TPI1|TTR|TUFM|UTRN|VTN,124
HCYAFALTSJYZDH-UHFFFAOYSA-N,HCYAFALTSJYZDH,HCYAFALTSJYZDH-UHFFFAOYSA-N,DB01151,Desipramine,full_inchikey,ABCB1|ABCC3|ABCC4|ACKR3|ADORA1|ADORA2A|ADORA2B|ADRA1A|ADRA1B|ADRA1D|ADRA2A|ADRA2B|ADRA2C|ADRB1|ADRB2|ADRB3|AGTR1|AGTR2|ALB|APLNR|ARSA|AVPR1A|AVPR1B|AVPR2|BDKRB1|BRS3|CACNA1B|CCKAR|CCKBR|CCR1|CCR3|CCR4|CCR5|CCR9|CHRM1|CHRM2|CHRM3|CHRM4|CHRM5|CNR1|CNR2|CXCR4|CXCR6|CYP1A2|CYP2B6|CYP2D6|CYP2E1|CYP2J2|CYP3A4|CYP3A7|DRD1|DRD2|DRD3|DRD4|DRD5|EDNRA|EDNRB|FFAR4|GALR1|GALR2|GALR3|GHSR|GNRHR|GPR119|GPR12|GPR135|GPR139|GPR142|GPR148|GPR150|GPR151|GPR161|GPR173|GPR176|GPR19|GPR22|GPR26|GPR27|GPR3|GPR37|GPR37L1|GPR39|GPR45|GPR52|GPR6|GPR61|GPR62|GPR63|GPR65|GPR78|GPR83|GPR84|GPR85|GPR88|GRPR|HCRTR1|HCRTR2|HRH1|HRH2|HRH3|HRH4|HTR1A|HTR1B|HTR1E|HTR1F|HTR2A|HTR2B|HTR2C|HTR3A|HTR4|HTR5A|HTR6|HTR7|KCNH2|KISS1R|LPAR1|LPAR2|LPAR3|LSP1|LTB4R|LTB4R2|MC1R|MC2R|MC3R|MC4R|MC5R|MCHR1|MCHR2|MLNR|NMBR|NMUR1|NMUR2|NPBWR2|NPFFR1|NPFFR2|NPSR1|NPY1R|NPY2R|NPY4R|NPY5R|NTSR1|NTSR2|OPN1LW|OPN1MW2|OPN1SW|OPN3|OPN4|OPN5|OPRD1|OPRK1|OPRL1|OPRM1|ORM1|OXTR|PRLHR|PROKR1|PROKR2|PTGDR|PTGER1|PTGER2|PTGER3|PTGER4|PTGFR|PTGIR|QRFPR|RGR|RHO|RRH|RXFP3|RXFP4|SCN1A|SCN2A|SCN3A|SCN5A|SLC22A1|SLC22A2|SLC22A3|SLC22A4|SLC22A5|SLC29A4|SLC6A1|SLC6A11|SLC6A12|SLC6A13|SLC6A15|SLC6A16|SLC6A17|SLC6A18|SLC6A19|SLC6A2|SLC6A20|SLC6A3|SLC6A4|SLC6A5|SLC6A7|SLC6A8|SLC6A9|SMPD1|SSTR1|SSTR2|SSTR4|SSTR5|TAAR1|TAAR2|TAAR5|TAAR6|TAAR8|TBXA2R|THPO|TMIGD3|TRHR|UTS2R,212,ADRA1A|ADRA2A|ADRB1|ADRB2|CHRM1|CHRM2|CHRM3|CHRM4|CHRM5|DRD2|HRH1|HTR1A|HTR2A|HTR2C|SLC6A2|SLC6A4|SMPD1,17,5.604020078157504,5.509197808818815,212,N06AA01,ADRA1A|ADRA2A|ADRB1|ADRB2|CHRM1|CHRM2|CHRM3|CHRM4|CHRM5|DRD2|HRH1|HTR1A|HTR2A|HTR2C|SLC6A2|SLC6A4|SMPD1,17
HCZHHEIFKROPDY-UHFFFAOYSA-N,HCZHHEIFKROPDY,HCZHHEIFKROPDY-UHFFFAOYSA-N,DB11937,Kynurenic Acid,full_inchikey,AADAT|AHR|ALOX12|CBX1|CHRNA7|GPR35|GRIN1|GRIN2A|GRIN2B|GRIN2C|GRIN2D|GRIN3A|GRIN3B,13,AHR|GPR35|GRIN1|GRIN2A|GRIN2B,5,5.576955097993444,5.157450979992872,13,,AHR|GPR35|GRIN1|GRIN2A|GRIN2B,5
HEFNNWSXXWATRW-JTQLQIEISA-N,HEFNNWSXXWATRW,HEFNNWSXXWATRW-JTQLQIEISA-N,DB09213,Dexibuprofen,full_inchikey,ABCB1|ABCC1|ABCC4|ACSM2A|AKR1C1|AKR1C2|AKR1C3|AKR1C4|ALB|AMACR|BCL2|CDC42|CFTR|CXCR1|CXCR2|CYP2C19|CYP2C8|CYP2C9|FABP2|FABP4|GP1BA|LTF|MELTF|PLAT|PPARA|PPARG|PTGS1|PTGS2|S100A7|SLC15A1|SLC22A11|SLC22A6|SLC22A8|SLCO1A2|SLCO2B1|TARDBP|TF|THBD|UGT1A1|UGT1A3|UGT1A9|UGT2B4|UGT2B7,43,BCL2|CFTR|FABP2|GP1BA|PLAT|PPARA|PPARG|PTGS1|PTGS2|S100A7|SLC15A1|THBD,12,5.312294132653975,4.979007285149008,43,M01AE14,BCL2|CFTR|FABP2|GP1BA|PLAT|PPARA|PPARG|PTGS1|PTGS2|S100A7|SLC15A1|THBD,12
HEFNNWSXXWATRW-UHFFFAOYSA-N,HEFNNWSXXWATRW,HEFNNWSXXWATRW-UHFFFAOYSA-N,DB01050,Ibuprofen,full_inchikey,ABCB1|ABCB11|ABCC1|ABCC4|ACHE|ACSM2A|ADRB3|AKR1C2|AKR1C3|ALB|ALOX5|AMACR|ASIC1|BCHE|BCL2|CASP3|CASP4|CASP5|CASP9|CFTR|CXCL8|CXCR1|CXCR2|CYP2C19|CYP2C8|CYP2C9|CYP2J2|CYP3A4|DHFR|EGFR|EPX|ESR1|FABP2|FABP4|GP1BA|LPO|LTF|MELTF|MPO|PPARA|PPARG|PTGES|PTGS1|PTGS2|PXDN|PXDNL|RARB|S100A7|SLC22A11|SLC22A6|SLC22A7|SLC22A8|SLC5A8|SLCO1A2|SLCO2B1|TARDBP|TF|THBD|TPO|UGT1A3|UGT1A9|UGT2B4|UGT2B7,63,BCL2|CFTR|CXCL8|CXCR1|CXCR2|FABP2|GP1BA|PPARA|PPARG|PTGS1|PTGS2|S100A7|THBD,13,5.177325138886894,5.0,63,C01EB16|G02CC01|M01AE01|M01AE51|M02AA13|N02AJ08|N02AJ19|N02AJ23|R02AX02,BCL2|CFTR|CXCL8|CXCR1|CXCR2|FABP2|GP1BA|PPARA|PPARG|PTGS1|PTGS2|S100A7|THBD,13
HEMJJKBWTPKOJG-UHFFFAOYSA-N,HEMJJKBWTPKOJG,HEMJJKBWTPKOJG-UHFFFAOYSA-N,DB01241,Gemfibrozil,full_inchikey,ABCC3|ABCC4|AHR|ALB|CISD1|CYP1A2|CYP2C19|CYP2C8|CYP2C9|CYP3A4|ESRRA|FABP1|HDAC9|HTR2B|LPL|PPARA|PPARG|SLC22A8|SLCO1B1|SLCO1B3|SLCO2B1|SYK|TTR|UGT1A1|UGT1A3|UGT1A9|UGT2B17|UGT2B4|UGT2B7,29,LPL|PPARA|SLC22A8|SLCO1B1|SLCO1B3|SLCO2B1,6,4.575357532022789,4.476497512663806,29,C10AB04,LPL|PPARA|SLC22A8|SLCO1B1|SLCO1B3|SLCO2B1,6
HKSZLNNOFSGOKW-FYTWVXJKSA-N,HKSZLNNOFSGOKW,HKSZLNNOFSGOKW-FYTWVXJKSA-N,DB02010,Staurosporine,full_inchikey,AAK1|ABCB1|ABCB11|ABCC3|ABCC4|ABL1|ABL2|ACVR1|ACVR1B|ACVR2A|ACVR2B|ACVRL1|AKT1|AKT2|AKT3|ALK|ANKK1|ARHGEF7|AURKA|AURKB|AURKC|AXL|BCR|BLK|BMP2K|BMPR1A|BMPR1B|BMPR2|BMX|BRAF|BRSK1|BRSK2|BTK|C8ORF44-SGK3|CAMK1|CAMK1D|CAMK1G|CAMK2A|CAMK2B|CAMK2D|CAMK2G|CAMK4|CAMKK1|CAMKK2|CASK|CCDC6|CCNA1|CCNB1|CCNB2|CCNB3|CCNC|CCND1|CCND3|CCNE1|CCNE2|CCNH|CCNK|CCNO|CCNT1|CCNT2|CCNY|CDC42BPA|CDC42BPB|CDC42BPG|CDC7|CDK1|CDK11A|CDK11B|CDK13|CDK14|CDK15|CDK16|CDK17|CDK18|CDK19|CDK2|CDK3|CDK4|CDK5|CDK5R1|CDK6|CDK7|CDK8|CDK9|CDKL1|CDKL2|CDKL3|CDKL5|CHEK1|CHEK2|CHRM1|CHUK|CILK1|CIT|CLK1|CLK2|CLK3|CLK4|COLEC11|COQ8A|COQ8B|CSF1R|CSK|CSNK1A1|CSNK1A1L|CSNK1D|CSNK1E|CSNK1G1|CSNK1G2|CSNK1G3|CSNK2A1|CSNK2A2|CSNK2B|CYP11B2|DAPK1|DAPK2|DAPK3|DBF4|DCLK1|DCLK2|DCLK3|DDR1|DDR2|DMPK|DSTYK|DYRK1A|DYRK1B|DYRK2|DYRK3|EGFR|EIF2AK1|EIF2AK2|EIF2AK4|EPHA1|EPHA10|EPHA2|EPHA3|EPHA4|EPHA5|EPHA6|EPHA7|EPHA8|EPHB1|EPHB2|EPHB3|EPHB4|EPHB6|ERBB2|ERBB3|ERBB4|ERN1|ERN2|FER|FES|FGFR1|FGFR2|FGFR3|FGFR4|FGFRL1|FGR|FLT1|FLT3|FLT4|FPGT-TNNI3K|FRK|FYN|GAK|GCK|GRK1|GRK2|GRK3|GRK4|GRK5|GRK6|GRK7|GSK3A|GSK3B|HASPIN|HCK|HIPK1|HIPK2|HIPK3|HIPK4|HUNK|IFNB1|IGF1R|IKBKB|IKBKE|IMPDH1|IMPDH2|INSR|INSRR|IRAK1|IRAK2|IRAK3|IRAK4|ITK|JAK1|JAK2|JAK3|KARS1|KCNH2|KDR|KIF5B|KIT|KSR1|KSR2|LATS1|LATS2|LCK|LIMK1|LIMK2|LMTK3|LRRK1|LRRK2|LTK|LYN|MAK|MAP2K1|MAP2K2|MAP2K3|MAP2K4|MAP2K5|MAP2K6|MAP2K7|MAP3K1|MAP3K10|MAP3K11|MAP3K12|MAP3K13|MAP3K14|MAP3K15|MAP3K19|MAP3K2|MAP3K20|MAP3K21|MAP3K3|MAP3K4|MAP3K5|MAP3K6|MAP3K7|MAP3K8|MAP3K9|MAP4K1|MAP4K2|MAP4K3|MAP4K4|MAP4K5|MAPK1|MAPK10|MAPK11|MAPK12|MAPK13|MAPK14|MAPK15|MAPK3|MAPK4|MAPK6|MAPK7|MAPK8|MAPK9|MAPKAPK2|MAPKAPK3|MAPKAPK5|MARK1|MARK2|MARK3|MARK4|MAST1|MATK|MELK|MERTK|MET|MINK1|MKNK1|MKNK2|MLKL|MOS|MST1R|MTOR|MUSK|MYLK|MYLK2|MYLK3|MYLK4|MYO3A|MYO3B|NEK1|NEK11|NEK2|NEK3|NEK4|NEK5|NEK6|NEK7|NEK8|NEK9|NIM1K|NLK|NOX4|NSD2|NTRK1|NTRK2|NTRK3|NUAK1|NUAK2|OSR1|OXSR1|PAK1|PAK2|PAK3|PAK4|PAK5|PAK6|PASK|PBK|PDGFRA|PDGFRB|PDGFRL|PDK1|PDPK1|PEAK1|PHKA1|PHKA2|PHKB|PHKG1|PHKG2|PI4KB|PIK3C2B|PIK3C2G|PIK3CA|PIK3CB|PIK3CD|PIK3CG|PIM1|PIM2|PIM3|PIP4K2B|PIP4K2C|PIP5K1A|PIP5K1C|PKDCC|PKMYT1|PKN1|PKN2|PKN3|PLK1|PLK2|PLK3|PLK4|PNCK|PRKAA1|PRKAA2|PRKAB1|PRKAB2|PRKACA|PRKACB|PRKACG|PRKAG1|PRKAG2|PRKCA|PRKCB|PRKCD|PRKCE|PRKCG|PRKCH|PRKCI|PRKCQ|PRKCZ|PRKD1|PRKD2|PRKD3|PRKG1|PRKG2|PRKX|PRP4K|PTK2|PTK2B|PTK6|PTK7|RAF1|RB1|RET|RIOK1|RIOK2|RIOK3|RIPK1|RIPK2|RIPK3|RIPK4|RNASE3|ROCK1|ROCK2|ROR1|ROS1|RPS6KA1|RPS6KA2|RPS6KA3|RPS6KA4|RPS6KA5|RPS6KA6|RPS6KB1|RPS6KB2|RSKR|SBK1|SBK3|SGK1|SGK2|SGK3|SIK1|SIK2|SIK3|SLK|SLTM|SNRK|SRC|SRMS|SRPK1|SRPK2|SRPK3|STK10|STK11|STK16|STK17A|STK17B|STK24|STK25|STK26|STK3|STK32A|STK32B|STK32C|STK33|STK35|STK36|STK38|STK38L|STK39|STK4|STK40|STYK1|SYK|TAB1|TAOK1|TAOK2|TAOK3|TBK1|TEC|TEK|TELO2|TERT|TESK1|TESK2|TGFBR1|TGFBR2|TIE1|TLK1|TLK2|TNIK|TNK1|TNK2|TNNI3K|TP53|TPTEP2-CSNK1E|TRIB1|TRIB2|TRIB3|TRPM6|TSSK1B|TSSK2|TSSK3|TSSK4|TSSK6|TTK|TXK|TXNRD1|TYK2|TYRO3|ULK1|ULK2|ULK3|VRK2|WEE1|WEE2|WNK1|WNK2|YES1|ZAP70,488,CDK2|CHRM1|CSK|GSK3B|IKBKB|ITK|LCK|MAPKAPK2|PDPK1|PIK3CG|PIM1|PRKCA|PRKCQ|SYK|ZAP70,15,7.34541727955172,7.547050383683668,488,,CDK2|CHRM1|CSK|GSK3B|IKBKB|ITK|LCK|MAPKAPK2|PDPK1|PIK3CG|PIM1|PRKCA|PRKCQ|SYK|ZAP70,15
HVYWMOMLDIMFJA-DPAQBDIFSA-N,HVYWMOMLDIMFJA,HVYWMOMLDIMFJA-DPAQBDIFSA-N,DB04540,Cholesterol,full_inchikey,ABCB1|ABCG2|APOA1|ATP10A|ATP11B|ATP11C|ATP12A|ATP13A1|ATP1A1|ATP1A2|ATP1A4|ATP1B1|ATP1B2|ATP1B3|ATP1B4|ATP2A1|ATP2A2|ATP2A3|ATP2C2|ATP4A|ATP4B|ATP8B2|ATP8B4|CLEC4E|CYP11A1|CYP46A1|CYP51A1|FDX1|FXYD2|NFE2L2|NPC1|NR1I3|OSBP|OSBP2|OSBPL10|OSBPL11|OSBPL5|OSBPL8|OSBPL9|PCYT1B|POLA1|RORA|RORC|SLC6A1|SLC6A11|SLC6A12|SLC6A13|SLC6A15|SLC6A16|SLC6A17|SLC6A18|SLC6A19|SLC6A2|SLC6A20|SLC6A3|SLC6A4|SLC6A5|SLC6A7|SLC6A8|SLC6A9|VDR,61,CLEC4E|NR1I3|PCYT1B|RORA|VDR,5,5.439990621138203,5.630055672457728,61,,CLEC4E|NR1I3|PCYT1B|RORA|VDR,5
HXJDWCWJDCOHDG-RYUDHWBXSA-N,HXJDWCWJDCOHDG,HXJDWCWJDCOHDG-RYUDHWBXSA-N,DB04132,S-Hexylglutathione,full_inchikey,EEF1E1|EEF1G|GLO1|GSTA1|GSTM4|GSTP1|GSTT2|GSTT2B|GSTZ1|HPGDS|LTC4S|MARS1|MIF|VARS1,14,GLO1|GSTA1|GSTM4|GSTP1|GSTT2|HPGDS,6,2.5417730257250373,2.5417730257250373,14,,GLO1|GSTA1|GSTM4|GSTP1|GSTT2|HPGDS,6
HYIMSNHJOBLJNT-UHFFFAOYSA-N,HYIMSNHJOBLJNT,HYIMSNHJOBLJNT-UHFFFAOYSA-N,DB01115,Nifedipine,full_inchikey,ABCB1|ABCB11|ABCC2|ABCC3|ABCC4|ABCG2|ADORA1|ADORA2A|ADORA3|AHR|ALB|AR|ATAD5|ATXN2|BAZ2B|CACNA1A|CACNA1B|CACNA1C|CACNA1D|CACNA1F|CACNA1G|CACNA1S|CACNB2|CALM1|CATSPER1|CBX1|CCR2|CHRM1|CHRM2|CHRM3|CHRM5|CTBP1|CYP19A1|CYP1A1|CYP1A2|CYP2A6|CYP2B6|CYP2C19|CYP2C8|CYP2C9|CYP2D6|CYP2E1|CYP2J2|CYP3A4|CYP3A5|CYP3A7|DRD1|DRD2|ESRRA|FH|GLI3|GLRA3|GLRB|GMNN|GSR|HIF1A|HPGD|HTR2B|HTR2C|IDO1|IDO2|KCNA1|KCNA5|KCND3|KCNH2|KCNK2|MAPK1|MAPT|MPHOSPH8|MYLK|NALCN|NFE2L2|NFKB1|NPR2|NR1I2|NR3C1|ORM1|PGR|PLIN1|PLIN5|PRKN|RARA|RGS4|RORC|SCN10A|SCN11A|SCN3A|SCN5A|SCN8A|SCN9A|SLCO1B1|SYK|TBXAS1|TRPA1|TSHR|VDR,96,CACNA1C|CACNA1D|CACNA1G|CACNA1S|CACNB2|CALM1|KCND3|NR1I2,8,5.316124729629721,4.949999401714238,96,C07FB03|C08CA05|C08CA55|C08GA01,CACNA1C|CACNA1D|CACNA1G|CACNA1S|CACNB2|CALM1|KCND3|NR1I2,8
IPCSVZSSVZVIGE-UHFFFAOYSA-N,IPCSVZSSVZVIGE,IPCSVZSSVZVIGE-UHFFFAOYSA-N,DB03796,Palmitic Acid,full_inchikey,ACBD7|ACKR3|ADORA1|ADORA2A|ADORA2B|ADRA1A|ADRA1B|ADRA1D|ADRA2A|ADRA2C|ADRB1|ADRB2|ADRB3|AGTR1|AGTR2|ALB|APLNR|ASAH2|ASAH2B|AVPR1A|AVPR1B|AVPR2|BDKRB1|BRS3|CCKAR|CCKBR|CCR1|CCR3|CCR4|CCR5|CCR9|CD1D|CD1E|CES1|CHAT|CNR1|CNR2|COMP|CPT1A|CPT1B|CPT1C|CPT2|CRAT|CXCR4|CXCR6|CYP1A2|CYP2C19|CYP2C8|DRD2|DRD3|DRD4|DRD5|EDNRA|EDNRB|EPX|ESR1|FABP1|FABP2|FABP3|FABP4|FABP5|FASN|FFAR4|GALR1|GALR2|GALR3|GHSR|GNRHR|GPR119|GPR12|GPR135|GPR139|GPR142|GPR148|GPR150|GPR151|GPR161|GPR173|GPR176|GPR19|GPR22|GPR26|GPR27|GPR3|GPR37|GPR37L1|GPR39|GPR45|GPR52|GPR6|GPR61|GPR62|GPR63|GPR65|GPR78|GPR83|GPR84|GPR85|GPR88|GRPR|HCRTR1|HCRTR2|HNF4G|HRH2|HRH3|HRH4|HTR1A|HTR1B|HTR1E|HTR1F|HTR2B|HTR2C|HTR4|HTR5A|HTR6|HTR7|ICMT|KISS1R|LALBA|LPAR1|LPAR2|LPAR3|LPO|LSP1|LTB4R|LTB4R2|LTC4S|MC1R|MC2R|MC3R|MC4R|MC5R|MCHR1|MCHR2|MLNR|MPO|MTRR|NDOR1|NMBR|NMUR1|NMUR2|NOS1|NOS2|NOS3|NPBWR2|NPFFR1|NPFFR2|NPSR1|NPY1R|NPY2R|NPY4R|NPY5R|NTSR1|NTSR2|OC90|OPN1LW|OPN1MW2|OPN1SW|OPN3|OPN4|OPN5|OPRD1|OPRK1|OPRL1|OPRM1|OR51E2|OXTR|PAEP|PLA2G10|PLA2G1B|PLA2G2A|PLA2G2C|PLA2G2D|PLA2G2E|PLA2G2F|PLA2G5|PMP2|POR|PPARA|PPARD|PPARG|PPT1|PPT2|PRLHR|PROKR1|PROKR2|PTGDR|PTGDS|PTGER1|PTGER2|PTGER3|PTGER4|PTGES|PTGFR|PTGIR|PTGS1|PTGS2|PTPN1|PXDN|PXDNL|QRFPR|RAB19|RAB1A|RAB1B|RAB33A|RAB33B|RAB43|RABL6|RGR|RHO|RRH|RRM2|RRM2B|RXFP3|RXFP4|SLC1A1|SLC1A2|SLC1A3|SLC1A4|SLC1A5|SLC1A6|SLC1A7|SSTR1|SSTR2|SSTR4|SSTR5|TAAR1|TAAR2|TAAR5|TAAR6|TAAR8|TBXA2R|THBS1|THBS2|THBS3|THBS4|TLR2|TMIGD3|TPO|TRAPPC1|TRAPPC2|TRAPPC2B|TRAPPC3|TRAPPC3L|TRAPPC4|TRAPPC5|TRAPPC6A|TRAPPC6B|TRHR|TYW1|UTS2R,251,CYP2C8|FABP4|FABP5|HNF4G|LALBA|PAEP|PMP2|PPARA|PPT1|RHO|TRAPPC3,11,5.402566138072947,5.354549112791953,251,,CYP2C8|FABP4|FABP5|HNF4G|LALBA|PAEP|PMP2|PPARA|PPT1|RHO|TRAPPC3,11
ISWSIDIOOBJBQZ-UHFFFAOYSA-N,ISWSIDIOOBJBQZ,ISWSIDIOOBJBQZ-UHFFFAOYSA-N,DB03255,Phenol,full_inchikey,ACR|AGO2|ALB|AZU1|C1RL|C1S|C2|CA1|CA12|CA13|CA14|CA2|CA3|CA4|CA5A|CA5B|CA6|CA7|CA9|CELA1|CELA2A|CELA2B|CELA3A|CELA3B|CFB|CFD|CFI|CMA1|CORIN|CTRB1|CTRB2|CTRC|CTRL|CTSG|CYP1A2|CYP2C19|ELANE|F10|F11|F12|F2|F7|F9|GABRA1|GZMA|GZMB|GZMH|GZMK|GZMM|HABP2|HGF|HGFAC|HP|HPN|HPR|INS-IGF2|KLK1|KLK10|KLK11|KLK12|KLK13|KLK14|KLK15|KLK2|KLK3|KLK4|KLK5|KLK6|KLK7|KLK8|KLKB1|LPA|MASP1|MASP2|MST1|NDC80|NFE2L2|NUF2|OVCH1|PLAT|PLAU|PLG|PRKACA|PROC|PROZ|PRSS1|PRSS12|PRSS21|PRSS22|PRSS27|PRSS3|PRSS33|PRSS36|PRSS37|PRSS38|PRSS48|PRSS50|PRSS53|PRSS54|PRSS55|PRSS57|PRSS58|PRSS8|PRTN3|RAN|RXRA|SNUPN|ST14|TMPRSS11A|TMPRSS11B|TMPRSS11D|TMPRSS11E|TMPRSS11F|TMPRSS12|TMPRSS13|TMPRSS15|TMPRSS2|TMPRSS4|TMPRSS5|TMPRSS6|TMPRSS7|TPSAB1|TPSD1|TPSG1|XPO1|XPO5|XPO6,127,ALB|CA1|CA12|CA14|CA2|CA4|CA9,7,4.308685738422367,4.560029756289291,127,C05BB05|D08AE03|N01BX03|R02AA19,ALB|CA1|CA12|CA14|CA2|CA4|CA9,7
IYRMWMYZSQPJKC-UHFFFAOYSA-N,IYRMWMYZSQPJKC,IYRMWMYZSQPJKC-UHFFFAOYSA-N,DB01852,Kaempherol,full_inchikey,ABCB1|ABCC1|ABCG2|ACHE|AHR|AKR1A1|AKR1B1|AKR1B10|AKR1E2|ALOX12|ALOX15|ALOX5|APP|AR|AURKB|BACE1|BCHE|CA1|CA12|CA2|CA4|CA7|CDK5R1|CDK6|CISD1|CSNK2A1|CSNK2A2|CSNK2A3|CSNK2B|CTDSP1|CYP1A1|CYP1A2|CYP1B1|CYP2C19|CYP2C9|CYP2D6|CYP3A4|DAPK1|DPP3|DPP4|EGFR|ESR1|ESR2|ESRRA|FLT3|GLI3|GLO1|GPT2|GSK3A|GSK3B|GUSB|HDAC6|HDAC9|HIF1A|HPGD|HSD17B1|HSD17B2|IP6K2|IPMK|MAPK10|MAPK14|MAPT|MPO|NEU2|NFE2L2|NOX4|NR1I2|NSD2|PGR|PIM1|POLH|POLI|PPARG|PREP|PSMB5|PTGS1|PTGS2|RACGAP1|RARA|RPS6KA3|SLC2A1|TRPC5|TYR|UGT1A1|UGT1A10|UGT1A3|UGT1A4|UGT1A5|UGT1A6|UGT1A7|UGT1A8|UGT1A9|UGT2A3|UGT2B10|UGT2B11|UGT2B15|UGT2B17|UGT2B28|UGT2B4|UGT2B7|UGT3A1|UGT3A2|UGT8|XDH|XIAP|YES1,106,AKR1B1|ALOX15|ALOX5|AR|CYP1B1|GLO1|HSD17B1|UGT3A1,8,5.333201439839725,5.017961483048584,106,,AKR1B1|ALOX15|ALOX5|AR|CYP1B1|GLO1|HSD17B1|UGT3A1,8
IZEKFCXSFNUWAM-UHFFFAOYSA-N,IZEKFCXSFNUWAM,IZEKFCXSFNUWAM-UHFFFAOYSA-N,DB00975,Dipyridamole,full_inchikey,ABCB1|ABCB11|ABCC3|ABCC4|ABCC5|ABCG2|ADA|ADRA1A|ALOX12|ALOX15B|ATAD5|ATM|CHRM1|CHRM2|CIB1|CYP2C19|CYP2C9|CYP2D6|CYP3A4|CYP3A7|DRD1|ESRRA|GLI3|GMNN|GNAI1|GNRHR|GPT2|HSP90AA1|HSP90AB1|HTR2A|KAT2A|KEAP1|KISS1R|NR1I2|NSD2|ORM1|ORM2|PDE10A|PDE11A|PDE1A|PDE1B|PDE1C|PDE2A|PDE3A|PDE3B|PDE4A|PDE4B|PDE4C|PDE4D|PDE5A|PDE6A|PDE6B|PDE6C|PDE6D|PDE6G|PDE6H|PDE7A|PDE7B|PDE8A|PDE8B|PDE9A|PLK1|PRUNE1|RAPGEF3|RAPGEF4|RCAN1|RGS12|SLC22A1|SLC22A2|SLC28A1|SLC29A1|SLC29A4|SLC47A1|SLC47A2|SLCO1B1|SLCO1B3|SLCO2B1|SYK|THRB|TP53|TRHR|TSG101|USP1,83,ADA|ORM1|PDE10A|PDE4A|PDE5A|RCAN1,6,5.715645599134955,5.286630637319981,83,B01AC07,ADA|ORM1|PDE10A|PDE4A|PDE5A|RCAN1,6
IZJDOKYDEWTZSO-UHFFFAOYSA-N,IZJDOKYDEWTZSO,IZJDOKYDEWTZSO-UHFFFAOYSA-N,DB12695,Phenethyl Isothiocyanate,full_inchikey,ACTA2|ACTB|ADAM7|AHR|AR|ATP5F1B|ATP5ME|ATP5MG|CYB5B|CYP1A2|CYP2A13|CYP2A6|CYP2C19|CYP2C9|CYP2D6|CYP2E1|CYP3A4|DIABLO|EPAS1|ESR1|ESR2|ESRRA|FBXO41|GLI3|HIF1A|HNRNPF|HNRNPK|HSPA4|HSPB1|HSPE1|HSPH1|KCNH2|MIF|MIPOL1|MT-ND1|MYL6|NDUFA2|NFE2L2|NR1I2|NUDC|PAPPA|PGR|PSMA3|PSMC3|RAB15|RANBP1|RPLP2|RPS21|S100A10|SF3A3|SMARCE1|SUCLG2|TPD52L2|TPM1|TPM3|TPM4|TRHR|TRPA1|TRPV1|TUBA1A|TUBA3C|TUBA3D|TUBA4A|TUBB1|TUBB2A|TUBB3|TUBB4B|TXN|UCHL1|USP14|VCP|VIM|YWHAB|YWHAE|YWHAH|YWHAQ|YWHAZ,77,ACTA2|ACTB|ATP5F1B|ATP5ME|ATP5MG|CYB5B|DIABLO|FBXO41|HNRNPF|HNRNPK|HSPA4|HSPB1|HSPE1|HSPH1|MT-ND1|NUDC|PAPPA|PSMA3|PSMC3|RANBP1|S100A10|SF3A3|SMARCE1|SUCLG2|TPD52L2|TPM1|TPM3|TPM4|TUBA1A|TUBA3C|TUBA4A|TUBB1|TUBB2A|TUBB3|TUBB4B|TXN|UCHL1|USP14|VCP|VIM|YWHAB|YWHAE|YWHAH|YWHAQ|YWHAZ,45,4.773439680656785,4.712859168933012,77,,ACTA2|ACTB|ATP5F1B|ATP5ME|ATP5MG|CYB5B|DIABLO|FBXO41|HNRNPF|HNRNPK|HSPA4|HSPB1|HSPE1|HSPH1|MT-ND1|NUDC|PAPPA|PSMA3|PSMC3|RANBP1|S100A10|SF3A3|SMARCE1|SUCLG2|TPD52L2|TPM1|TPM3|TPM4|TUBA1A|TUBA3C|TUBA4A|TUBB1|TUBB2A|TUBB3|TUBB4B|TXN|UCHL1|USP14|VCP|VIM|YWHAB|YWHAE|YWHAH|YWHAQ|YWHAZ,45
JAZBEHYOTPTENJ-JLNKQSITSA-N,JAZBEHYOTPTENJ,JAZBEHYOTPTENJ-JLNKQSITSA-N,DB00159,Icosapent,full_inchikey,ACSL4|ALB|ALOX5|CYP19A1|EPX|F3|FABP7|FADS1|FFAR1|GLS|LPO|MPO|OXER1|PPARA|PPARD|PPARG|PTGS1|PTGS2|PXDN|PXDNL|RXRA|SLC8A1|TPO|TRPV1|VDR,25,ACSL4|ALOX5|FABP7|FADS1|FFAR1|PPARA|PPARD|PPARG|PTGS1|PTGS2|SLC8A1|TRPV1,12,5.006909644650477,5.062825206830702,25,,ACSL4|ALOX5|FABP7|FADS1|FFAR1|PPARA|PPARD|PPARG|PTGS1|PTGS2|SLC8A1|TRPV1,12
JJCFRYNCJDLXIK-UHFFFAOYSA-N,JJCFRYNCJDLXIK,JJCFRYNCJDLXIK-UHFFFAOYSA-N,DB00434,Cyproheptadine,full_inchikey,ACKR3|ADORA1|ADORA2A|ADORA2B|ADRA1A|ADRA1B|ADRA1D|ADRA2A|ADRA2B|ADRA2C|ADRB1|ADRB2|ADRB3|AGTR1|AGTR2|ALB|APLNR|AR|AVPR1A|AVPR1B|AVPR2|BDKRB1|BRS3|CCKAR|CCKBR|CCR1|CCR3|CCR4|CCR5|CCR9|CHRFAM7A|CHRM1|CHRM2|CHRM3|CHRM4|CHRM5|CHRNA1|CHRNA10|CHRNA2|CHRNA3|CHRNA4|CHRNA5|CHRNA6|CHRNA7|CHRNA9|CHRNB1|CHRNB2|CHRNB3|CHRNB4|CHRND|CNR1|CNR2|CXCR4|CXCR6|CYP2C19|CYP2D6|CYP3A7|DRD1|DRD2|DRD3|DRD4|DRD5|EDNRA|EDNRB|FFAR4|GALR1|GALR2|GALR3|GHSR|GLI3|GNRHR|GPR119|GPR12|GPR135|GPR139|GPR142|GPR148|GPR150|GPR151|GPR161|GPR173|GPR176|GPR19|GPR22|GPR26|GPR27|GPR3|GPR37|GPR37L1|GPR39|GPR45|GPR52|GPR6|GPR61|GPR62|GPR63|GPR65|GPR78|GPR83|GPR84|GPR85|GPR88|GRPR|HCRTR1|HCRTR2|HRH1|HRH2|HRH3|HRH4|HTR1A|HTR1B|HTR1E|HTR1F|HTR2A|HTR2B|HTR2C|HTR3A|HTR3B|HTR3C|HTR3D|HTR3E|HTR4|HTR5A|HTR6|HTR7|JUN|KCNH2|KISS1R|LPAR1|LPAR2|LPAR3|LSP1|LTB4R|LTB4R2|MC1R|MC2R|MC3R|MC4R|MC5R|MCHR1|MCHR2|MLNR|NMBR|NMUR1|NMUR2|NPBWR2|NPFFR1|NPFFR2|NPR2|NPSR1|NPY1R|NPY2R|NPY4R|NPY5R|NSD2|NTSR1|NTSR2|OPN1LW|OPN1MW2|OPN1SW|OPN3|OPN4|OPN5|OPRD1|OPRK1|OPRL1|OPRM1|OXTR|PRLHR|PROKR1|PROKR2|PTGDR|PTGER1|PTGER2|PTGER3|PTGER4|PTGFR|PTGIR|QRFPR|RARA|RGR|RHO|RRH|RXFP3|RXFP4|SCN1A|SCN2A|SCN3A|SETD7|SLC22A1|SLC6A2|SLC6A4|SSTR1|SSTR2|SSTR4|SSTR5|SYK|TAAR1|TAAR2|TAAR5|TAAR6|TAAR8|TBXA2R|TMIGD3|TRHR|UGT1A3|UGT1A4|UGT2B10|UTS2R,209,CHRM1|CHRM2|CHRM3|HRH1|HRH2|HTR2A|HTR2B|HTR2C|HTR7,9,6.448031134676998,6.2925827837696815,209,R06AX02,CHRM1|CHRM2|CHRM3|HRH1|HRH2|HTR2A|HTR2B|HTR2C|HTR7,9
JVAZJLFFSJARQM-YBXAARCKSA-N,JVAZJLFFSJARQM,JVAZJLFFSJARQM-YBXAARCKSA-N,DB04141,"2-Hexyloxy-6-Hydroxymethyl-Tetrahydro-Pyran-3,4,5-Triol",full_inchikey,ABO|CYC1|ETFDH|MT-CYB|PMPCA|PMPCB|SDHA|SDHB|SDHC|SDHD|UQCR10|UQCRB|UQCRC1|UQCRC2|UQCRFS1|UQCRH|UQCRQ,17,ABO|CYC1|ETFDH|MT-CYB|SDHA|SDHB|SDHC|SDHD|UQCR10|UQCRB|UQCRC1|UQCRC2|UQCRFS1|UQCRH|UQCRQ,15,,,17,,ABO|CYC1|ETFDH|MT-CYB|SDHA|SDHB|SDHC|SDHD|UQCR10|UQCRB|UQCRC1|UQCRC2|UQCRFS1|UQCRH|UQCRQ,15
JWZZKOKVBUJMES-UHFFFAOYSA-N,JWZZKOKVBUJMES,JWZZKOKVBUJMES-UHFFFAOYSA-N,DB01064,Isoprenaline,full_inchikey,ABCB11|ACKR3|ADORA1|ADORA2A|ADORA2B|ADRA1A|ADRA1B|ADRA1D|ADRA2A|ADRA2C|ADRB1|ADRB2|ADRB3|AGTR1|AGTR2|ALB|ALOX15|ALOX5|APLNR|AVPR1A|AVPR1B|AVPR2|BCHE|BDKRB1|BRS3|CBX1|CCKAR|CCKBR|CCR1|CCR3|CCR4|CCR5|CCR9|CNR1|CNR2|COMT|CREB1|CXCR4|CXCR6|CYP1A1|CYP1B1|CYP2D6|CYP3A7|DRD1|DRD2|DRD3|DRD4|DRD5|EDNRA|EDNRB|FFAR4|GALR1|GALR2|GALR3|GHSR|GLI3|GNRHR|GPR119|GPR12|GPR135|GPR139|GPR142|GPR148|GPR150|GPR151|GPR161|GPR173|GPR176|GPR19|GPR22|GPR26|GPR27|GPR3|GPR37|GPR37L1|GPR39|GPR45|GPR52|GPR6|GPR61|GPR62|GPR63|GPR65|GPR78|GPR83|GPR84|GPR85|GPR88|GPT2|GRK2|GRPR|HCRTR1|HCRTR2|HRH2|HRH3|HRH4|HTR1A|HTR1B|HTR1E|HTR1F|HTR2B|HTR2C|HTR4|HTR5A|HTR6|HTR7|IL12B|KISS1R|LPAR1|LPAR2|LPAR3|LSP1|LTB4R|LTB4R2|MC1R|MC2R|MC3R|MC4R|MC5R|MCHR1|MCHR2|MLNR|MTOR|NMBR|NMUR1|NMUR2|NPBWR2|NPFFR1|NPFFR2|NPSR1|NPY1R|NPY2R|NPY4R|NPY5R|NTSR1|NTSR2|OPN1LW|OPN1MW2|OPN1SW|OPN3|OPN4|OPN5|OPRD1|OPRK1|OPRL1|OPRM1|OXTR|PRLHR|PROKR1|PROKR2|PTGDR|PTGER1|PTGER2|PTGER3|PTGER4|PTGFR|PTGIR|QRFPR|RGR|RHO|RRH|RXFP3|RXFP4|SLC5A7|SOD1|SSTR1|SSTR2|SSTR4|SSTR5|TAAR1|TAAR2|TAAR5|TAAR6|TAAR8|TAS2R1|TAS2R10|TAS2R13|TAS2R14|TAS2R16|TAS2R19|TAS2R20|TAS2R3|TAS2R30|TAS2R31|TAS2R38|TAS2R39|TAS2R4|TAS2R40|TAS2R41|TAS2R42|TAS2R43|TAS2R46|TAS2R5|TAS2R50|TAS2R60|TAS2R7|TAS2R8|TAS2R9|TBXA2R|TMIGD3|TRHR|TSHR|UTS2R|VDR,204,ADRB1|ADRB2|ADRB3|IL12B|SOD1,5,7.292508684230986,8.309803919971486,204,C01CA02|R03AB02|R03AK02|R03CB01|R03CB51,ADRB1|ADRB2|ADRB3|IL12B|SOD1,5
JXLYSJRDGCGARV-CFWMRBGOSA-N,JXLYSJRDGCGARV,JXLYSJRDGCGARV-CFWMRBGOSA-N,DB00570,Vinblastine,full_inchikey,ABCB1|ABCB11|ABCC1|ABCC2|ABCC6|CYP2D6|CYP3A4|IFNG|JUN|NR0B1|NR5A1|NSD2|PTGS1|SLCO1B1|SLCO1B3|STMN4|SYK|TBXAS1|TUBA1A|TUBA1B|TUBA1C|TUBA3C|TUBA3D|TUBA3E|TUBA4A|TUBA8|TUBAL3|TUBB|TUBB1|TUBB2A|TUBB2B|TUBB3|TUBB4A|TUBB4B|TUBB6|TUBB8|TUBD1|TUBE1|TUBG1|TUBG2,40,JUN|TUBA1A|TUBB|TUBB2A|TUBD1|TUBE1|TUBG1,7,6.006183845454517,6.513632853717045,40,L01CA01,JUN|TUBA1A|TUBB|TUBB2A|TUBD1|TUBE1|TUBG1,7
JZFPYUNJRRFVQU-UHFFFAOYSA-N,JZFPYUNJRRFVQU,JZFPYUNJRRFVQU-UHFFFAOYSA-N,DB04552,Niflumic acid,full_inchikey,BAZ2B|CD207|CLCNKA|CLCNKB|CYP1A2|CYP3A7|DHODH|ESRRA|GPR35|HDAC9|HPGD|KCNT2|NFE2L2|NMRAL1|NR1I2|PLA2G1B|PLA2G4A|PPARG|PTGS1|PTGS2|RXRA|SLC16A1|SLC16A7|TEAD4|TRPM2|TTR|UGT1A1|UGT1A9,28,CLCNKA|PLA2G1B|PLA2G4A|PTGS1|PTGS2|UGT1A9,6,5.294304500452223,4.875065606358234,28,M01AX02|M02AA17,CLCNKA|PLA2G1B|PLA2G4A|PTGS1|PTGS2|UGT1A9,6
JZQKKSLKJUAGIC-UHFFFAOYSA-N,JZQKKSLKJUAGIC,JZQKKSLKJUAGIC-UHFFFAOYSA-N,DB00960,Pindolol,full_inchikey,ABCC3|ABCC4|ACKR3|ADORA1|ADORA2A|ADORA2B|ADRA1A|ADRA1B|ADRA1D|ADRA2A|ADRA2C|ADRB1|ADRB2|ADRB3|AGTR1|AGTR2|APLNR|AVPR1A|AVPR1B|AVPR2|BDKRB1|BRS3|CCKAR|CCKBR|CCR1|CCR3|CCR4|CCR5|CCR9|CNR1|CNR2|CXCR4|CXCR6|CYP2D6|CYP3A7|DRD2|DRD3|DRD4|DRD5|EDNRA|EDNRB|FFAR4|GALR1|GALR2|GALR3|GHSR|GLA|GNRHR|GPR119|GPR12|GPR135|GPR139|GPR142|GPR148|GPR150|GPR151|GPR161|GPR173|GPR176|GPR19|GPR22|GPR26|GPR27|GPR3|GPR37|GPR37L1|GPR39|GPR45|GPR52|GPR6|GPR61|GPR62|GPR63|GPR65|GPR78|GPR83|GPR84|GPR85|GPR88|GRPR|HCRTR1|HCRTR2|HRH2|HRH3|HRH4|HTR1A|HTR1B|HTR1D|HTR1E|HTR1F|HTR2A|HTR2B|HTR2C|HTR3A|HTR4|HTR5A|HTR6|HTR7|KISS1R|LPAR1|LPAR2|LPAR3|LSP1|LTB4R|LTB4R2|MAPK1|MAPK3|MC1R|MC2R|MC3R|MC4R|MC5R|MCHR1|MCHR2|MLNR|NMBR|NMUR1|NMUR2|NPBWR2|NPFFR1|NPFFR2|NPSR1|NPY1R|NPY2R|NPY4R|NPY5R|NTSR1|NTSR2|OPN1LW|OPN1MW2|OPN1SW|OPN3|OPN4|OPN5|OPRD1|OPRK1|OPRL1|OPRM1|ORM1|OXTR|PRLHR|PROKR1|PROKR2|PTGDR|PTGER1|PTGER2|PTGER3|PTGER4|PTGFR|PTGIR|QRFPR|RGR|RHO|RRH|RXFP3|RXFP4|SLC22A1|SLC22A2|SSTR1|SSTR2|SSTR4|SSTR5|SULT1A1|TAAR1|TAAR2|TAAR5|TAAR6|TAAR8|TBXA2R|TMEM97|TMIGD3|TRHR|UGT1A6|UTS2R,174,ADRB1|ADRB2|ADRB3|HTR1A|HTR1B,5,5.7277138133876555,5.388060698827362,174,C07AA03|C07CA03,ADRB1|ADRB2|ADRB3|HTR1A|HTR1B,5
KBOPZPXVLCULAV-UHFFFAOYSA-N,KBOPZPXVLCULAV,KBOPZPXVLCULAV-UHFFFAOYSA-N,DB00244,Mesalazine,full_inchikey,ALOX5|CASP1|CHUK|CTH|CYP2C19|CYP2C9|CYP3A4|ESR1|GLS|HPGD|IKBKB|MITF|NAT1|NOS2|NTMT1|PADI4|POLK|PPARG|PPM1D|PTGS1|PTGS2|SLC7A11|SLCO1B1|SLCO1B3|SLCO2B1|TNF|TST|USP1|VDR,29,ALOX5|CHUK|IKBKB|NOS2|PPARG|PTGS1|PTGS2,7,4.570389904503413,4.674999793885409,29,A07EC02,ALOX5|CHUK|IKBKB|NOS2|PPARG|PTGS1|PTGS2,7
KDXKERNSBIXSRK-YFKPBYRVSA-N,KDXKERNSBIXSRK,KDXKERNSBIXSRK-YFKPBYRVSA-N,DB00123,Lysine,full_inchikey,ABAT|ACR|AGMAT|AGXT2|AIMP2|ANPEP|AOPEP|ARG1|ARG2|AZIN1|AZIN2|AZU1|C1RL|C1S|C2|CAD|CELA1|CELA2A|CELA2B|CELA3A|CELA3B|CFB|CFD|CFI|CMA1|CORIN|CPS1|CTRB1|CTRB2|CTRC|CTRL|CTSG|CTU1|ELANE|ENOSF1|ENPEP|ERAP1|ERAP2|ETNPPL|F10|F11|F12|F2|F7|F9|GSR|GZMA|GZMB|GZMH|GZMK|GZMM|HABP2|HGF|HGFAC|HMGCL|HMGCLL1|HOGA1|HP|HPN|HPR|KARS1|KLK1|KLK10|KLK11|KLK12|KLK13|KLK14|KLK15|KLK2|KLK3|KLK4|KLK5|KLK6|KLK7|KLK8|KLKB1|LNPEP|LPA|LTA4H|LVRN|MASP1|MASP2|MIPEP|MST1|NLN|NPEPPS|NPL|ODC1|OVCH1|PHYKPL|PLAT|PLAU|PLG|PROC|PROZ|PRSS1|PRSS12|PRSS21|PRSS22|PRSS27|PRSS3|PRSS33|PRSS36|PRSS37|PRSS38|PRSS48|PRSS50|PRSS53|PRSS54|PRSS55|PRSS57|PRSS58|PRSS8|PRTN3|PVR|RBM39|RNPEP|RNPEPL1|SLC16A10|SLC22A4|SLC7A1|SLC7A2|SLC7A3|SLC7A4|ST14|THOP1|TMPRSS11A|TMPRSS11B|TMPRSS11D|TMPRSS11E|TMPRSS11F|TMPRSS12|TMPRSS13|TMPRSS15|TMPRSS2|TMPRSS4|TMPRSS5|TMPRSS6|TMPRSS7|TPSAB1|TPSD1|TPSG1|TRHDE,143,KARS1|SLC7A1|SLC7A2|SLC7A3|SLC7A4,5,4.018928448416501,4.018928448416501,143,B05XB03|V03AF11,KARS1|SLC7A1|SLC7A2|SLC7A3|SLC7A4,5
KFZMGEQAYNKOFK-UHFFFAOYSA-N,KFZMGEQAYNKOFK,KFZMGEQAYNKOFK-UHFFFAOYSA-N,DB02325,Isopropyl alcohol,full_inchikey,ACP5|ACP7|ACR|ADAM17|ADI1|ADPRM|AGO2|AHCY|AHSA1|AP1G1|AP1G2|AP4E1|ATAD2B|ATG7|AVIL|AZU1|BACE1|BAIAP2|BDNF|BMP6|BPTF|BRD3|BRIP1|BST2|C1RL|C1S|C2|CABP1|CABP2|CABP4|CABP5|CABP7|CALB1|CALB2|CALM1|CALM2|CALM3|CALML3|CALML4|CALML5|CALML6|CALN1|CAPG|CAPZA1|CAPZA2|CAPZA3|CAPZB|CD4|CDC5L|CDC6|CELA1|CELA2A|CELA2B|CELA3A|CELA3B|CETN1|CETN2|CETN3|CFB|CFD|CFI|CHEK1|CHIT1|CHP1|CHP2|CHRNA2|CHRNB4|CIB1|CIB2|CIB3|CIB4|CLINT1|CLPB|CLXN|CMA1|CORIN|CPAP|CRABP1|CRABP2|CTRB1|CTRB2|CTRC|CTRL|CTSG|CXADR|CYP11A1|CYP11B1|CYP11B2|CYP17A1|CYP1A1|CYP1A2|CYP20A1|CYP24A1|CYP26A1|CYP26B1|CYP27A1|CYP27B1|CYP27C1|CYP2A13|CYP2A6|CYP2A7|CYP2B6|CYP2C18|CYP2C19|CYP2C8|CYP2C9|CYP2E1|CYP2F1|CYP2J2|CYP2R1|CYP2S1|CYP2U1|CYP2W1|CYP39A1|CYP3A4|CYP3A43|CYP3A5|CYP3A7|CYP46A1|CYP4A11|CYP4A22|CYP4B1|CYP4F11|CYP4F12|CYP4F2|CYP4F22|CYP4F3|CYP4V2|CYP4X1|CYP4Z1|CYP51A1|CYP7A1|CYP7B1|CYP8B1|DCXR|DDB1|DDX39B|DMTF1|DUSP11|EFCAB11|EFCAB13|EFCAB2|EFCAB3|EFCAB6|EFCAB7|EFCAB9|ELANE|ENOSF1|ENTHD1|EPN1|EPN2|EPN3|ERCC2|ERCC3|EXO1|F10|F11|F12|F2|F7|F9|FABP1|FABP12|FABP2|FABP3|FABP4|FABP5|FABP6|FABP7|FABP9|FCN1|FEN1|FGF1|FTH1|FTHL17|FTMT|FURIN|GAPDH|GAPDHS|GCH1|GDAP2|GDF5|GEN1|GLI3|GM2A|GPI|GRIA1|GRIA2|GRIA4|GRIK1|GRIK2|GRIK3|GSN|GSTA1|GSTA2|GSTA3|GSTA4|GSTP1|GUCA1B|GUCA1C|GZMA|GZMB|GZMH|GZMK|GZMM|HABP2|HGF|HGFAC|HINT2|HMOX1|HNRNPL|HNRNPLL|HOGA1|HP|HPCA|HPCAL1|HPCAL4|HPGDS|HPN|HPR|HRAS|IL22|IQCB1|JUN|JUNB|JUND|KCNIP1|KCNIP2|KCNIP3|KCNIP4|KLK1|KLK10|KLK11|KLK12|KLK13|KLK14|KLK15|KLK2|KLK3|KLK4|KLK5|KLK6|KLK7|KLK8|KLKB1|LACTB|LACTBL1|LAMTOR5|LPA|LTA|LYZ|MACROD1|MACROD2|MACROH2A1|MACROH2A2|MASP1|MASP2|MBTPS1|MET|MIF|MLH1|MLH3|MOCS3|MRE11|MRPL1|MST1|MTA1|MTPN|MYB|MYBL1|MYBL2|MYH1|MYH10|MYH11|MYH13|MYH15|MYH2|MYH4|MYH7|MYH7B|MYH8|MYH9|MYL1|MYL10|MYL11|MYL12A|MYL12B|MYL2|MYL3|MYL4|MYL5|MYL6|MYL7|MYL9|MYO10|MYO16|MYO18A|MYO18B|MYO1A|MYO1B|MYO1D|MYO1E|MYO1G|MYO1H|MYO3B|MYO5A|MYO5B|MYO5C|MYO6|MYO7A|MYO7B|MYO9A|MYO9B|NAE1|NCALD|NCK2|NCS1|NEU1|NOP2|NOS3|NPL|NR1H2|NSUN2|NSUN3|NSUN4|NSUN5|NSUN6|NSUN7|NTF3|OCM|OCM2|ORC1|OVCH1|OXSM|PAK6|PARP14|PARP15|PARP9|PCSK1|PCSK2|PCSK4|PCSK5|PCSK7|PCSK9|PEPD|PFN1|PFN2|PFN4|PILRA|PLA2G2A|PLAT|PLAU|PLG|PMP2|PMS1|PMS2|PNMA8B|PPP3R1|PPP3R2|PPT1|PPT2|PRDX1|PRDX2|PRDX3|PRDX4|PRDX6|PROC|PROZ|PRSS1|PRSS12|PRSS21|PRSS22|PRSS27|PRSS3|PRSS33|PRSS36|PRSS37|PRSS38|PRSS48|PRSS50|PRSS53|PRSS54|PRSS55|PRSS57|PRSS58|PRSS8|PRTN3|PTGIS|PTK2|PTPN1|PTPN11|PTPN12|PTPN13|PTPN14|PTPN18|PTPN2|PTPN20|PTPN21|PTPN22|PTPN3|PTPN4|PTPN5|PTPN6|PTPN7|PTPRB|PTPRD|PTPRE|PTPRF|PTPRG|PTPRH|PTPRJ|PTPRK|PTPRM|PTPRN|PTPRN2|PTPRO|PTPRR|PTPRT|PTPRU|PTPRZ1|PTRH1|PVALB|RAC3|RARA|RASIP1|RBBP4|RBP2|RBP5|RBP7|RCVRN|RHBDL3|RNASE1|RNGTT|RPL10A|RSPO1|RSPO3|RSPO4|RTEL1|S100A10|S100A2|S100Z|SAE1|SAP18|SCGN|SCIN|SCN5A|SERPINA5|SHBG|SHQ1|SIRT3|SNAPC4|SPATA21|ST14|SUPT5H|TESC|TMPRSS11A|TMPRSS11B|TMPRSS11D|TMPRSS11E|TMPRSS11F|TMPRSS12|TMPRSS13|TMPRSS15|TMPRSS2|TMPRSS4|TMPRSS5|TMPRSS6|TMPRSS7|TNF|TNNC1|TNNC2|TP53|TPP2|TPSAB1|TPSD1|TPSG1|TTF1|TTK|UBA1|UBA2|UBA3|UBA5|UBA6|UBA7|UPP1|VIL1|VILL|VSNL1|XPNPEP1|XPNPEP2|XPNPEP3,491,GCH1|HMOX1|NOS3|NR1H2|PLA2G2A|TNF,6,4.349541265696576,4.349541265696576,491,D08AX05,GCH1|HMOX1|NOS3|NR1H2|PLA2G2A|TNF,6
KIUKXJAPPMFGSW-MNSSHETKSA-N,KIUKXJAPPMFGSW,KIUKXJAPPMFGSW-MNSSHETKSA-N,DB08818,Hyaluronic acid,full_inchikey,ABCC5|C1QBP|CD44|CEMIP2|HABP2|HABP4|HAPLN1|HAPLN3|HMMR|ICAM1|IMPG2|LAYN|LYVE1|NCAN|STAB2|TNFAIP6|VCAN,17,C1QBP|CD44|HABP2|HABP4|HAPLN1|HAPLN3|HMMR|ICAM1|IMPG2|LAYN|LYVE1|NCAN|STAB2|TNFAIP6|VCAN,15,,,17,D03AX05|M09AX01|R01AX09|S01KA01|S01KA51,C1QBP|CD44|HABP2|HABP4|HAPLN1|HAPLN3|HMMR|ICAM1|IMPG2|LAYN|LYVE1|NCAN|STAB2|TNFAIP6|VCAN,15
KRKNYBCHXYNGOX-UHFFFAOYSA-N,KRKNYBCHXYNGOX,KRKNYBCHXYNGOX-UHFFFAOYSA-N,DB04272,Citric acid,full_inchikey,AANAT|ABCF1|ABCF2-H2BK1|ABCF3|ACE|ACE2|ACLY|ACO1|ACO2|ACOT11|ACOT12|ACOT7|ACSF2|ACSF3|ACVR1|ADAM17|ADD1|ADD2|ADD3|ADK|ADSL|ADSS1|ADSS2|AGBL1|AGBL3|AGBL4|AGBL5|AGTPBP1|AIMP1|AKR1A1|AKR1B1|AKR1B10|AKR1B15|AKR1C1|AKR1C2|AKR1C3|AKR1C4|AKR1D1|AKR1E2|AKR7A2|AKR7A3|ALB|ALDH16A1|ALDH1A1|ALDH1A2|ALDH1A3|ALDH1B1|ALDH1L1|ALDH1L2|ALDH2|ALDH3A1|ALDH3A2|ALDH3B2|ALDH4A1|ALDH5A1|ALDH7A1|ALDH8A1|ALDH9A1|ALG5|ALKBH5|ALKBH8|AMH|AMZ1|AMZ2|ANG|ANTKMT|APIP|APOH|APOM|APRT|ARF1|ARF6|ARHGDIA|ASGR1|ASPN|ATG7|ATP6V1B1|ATP6V1B2|ATP7A|ATP7B|AXIN1|AXIN2|B3GNTL1|BCAT1|BCAT2|BCL2|BCL2A1|BCL2L1|BCL2L14|BCL2L2-PABPN1|BDH2|BGN|BHMT|BMP10|BMP15|BMP2|BMP3|BMP4|BMP5|BMP6|BMP7|BMP8A|BMP8B|BOK|BRIP1|BRSK1|BRSK2|C2ORF81|C4BPA|C4BPB|C8G|CA13|CAB39|CAD|CASP7|CBR1|CBR3|CBR4|CBS|CD1D|CD1E|CD207|CD209|CD55|CD69|CD72|CD79B|CDC14A|CDC14B|CDIPT|CDKN3|CELA1|CHAC2|CHI3L1|CHI3L2|CHIA|CHIT1|CHODL|CKS1B|CKS2|CLEC11A|CLEC12A|CLEC12B|CLEC18A|CLEC18B|CLEC18C|CLEC19A|CLEC1A|CLEC1B|CLEC2A|CLEC2B|CLEC2D|CLEC2L|CLEC4A|CLEC4E|CLEC4G|CLEC4M|CLEC5A|CLEC6A|CLEC7A|CLEC9A|CMA1|CMPK2|CNP|CORO7-PAM16|CP|CPA1|CPA2|CPA3|CPA4|CPA6|CPB1|CPB2|CPO|CPSF2|CPSF3|CR1L|CRLS1|CRMP1|CRYM|CS|CSMD3|CTBP1|CTBP2|CTDSP1|CTSL|CYTH3|DCLRE1A|DCLRE1C|DDAH1|DDX39B|DECR1|DECR2|DERA|DHRS1|DHRS12|DHRS13|DHRS2|DHRS4|DHRS4L2|DHRS7B|DHRS7C|DHRSX|DIP2A|DIP2B|DIP2C|DMC1|DNAJC1|DNAJC10|DNAJC12|DNAJC15|DNAJC17|DNAJC19|DNAJC9|DNM1L|DNMT1|DPEP1|DPEP2|DPEP3|DPM1|DPYS|DPYSL2|DPYSL3|DPYSL4|DPYSL5|DTX3L|DTYMK|DUSP1|DUSP10|DUSP12|DUSP15|DUSP16|DUSP18|DUSP19|DUSP2|DUSP21|DUSP22|DUSP23|DUSP26|DUSP28|DUSP29|DUSP3|DUSP4|DUSP5|DUSP6|DUSP7|DUSP8|DUSP9|EBF1|EBF2|EBF3|EBF4|ECE1|ECEL1|EEF1AKMT4-ECE2|EEF1E1|EEF1G|EEFSEC|EGFLAM|EGLN1|EGLN2|EGLN3|ENO1|ENO2|ENO3|ENO4|ENOSF1|ENPP4|EPM2A|ERCC2|ERP27|ERP44|F11|F2|FABP4|FABP5|FANCL|FBP1|FBP2|FCER1A|FCER2|FDPS|FDX1|FGFR2|FH|FKBP1B|FST|FTO|FURIN|GALM|GALNS|GART|GBF1|GCSH|GDE1|GDF1|GDF11|GDF15|GDF3|GDF5|GDF6|GDF7|GDF9|GDPD1|GDPD2|GDPD3|GDPD4|GDPD5|GFPT1|GFPT2|GFUS|GGPS1|GLUL|GMPS|GNAI1|GNAI3|GNMT|GNPDA1|GNPDA2|GNPNAT1|GPCPD1|GREM1|GREM2|GSK3B|GSTT2B|GSTZ1|H6PD|HDHD2|HDHD5|HEPH|HEPHL1|HGS|HMGCL|HMGCLL1|HMGCR|HNF4A|HOMER1|HOMER2|HPGD|HS3ST3A1|HSD11B1|HSD11B1L|HSD17B1|HSD17B11|HSD17B13|HSD17B14|HSD17B8|HSDL2|IDH1|IDH2|IDH3A|IDH3B|IDH3G|IFFO2|IGFN1|IGSF22|IL4I1|IMPDH1|IMPDH2|INHA|INHBA|INHBB|INHBC|INHBE|INTS11|INTS9|IPPK|IREB2|ITPA|IYD|KCNAB1|KCNAB2|KCNAB3|KDM1B|KEL|KLRB1|KLRD1|KLRF2|KLRG1|KLRG2|KLRK1|KPNA1|KPNA2|KPNA3|KPNA4|KPNA5|KPNA6|KPNA7|KRAS|L3HYPDH|LACC1|LACTB|LACTBL1|LCMT1|LCMT2|LDHAL6A|LDHAL6B|LDHB|LDHC|LEFTY1|LEFTY2|LEMD2|LEMD3|LGSN|LHPP|LSM6|LY75-CD302|MAP1LC3C|MARK1|MARK2|MARK3|MARK4|MARS1|MARS2|MBTPS1|MCEE|MCL1|MDH1|MDH1B|MDH2|MDM4|METAP1|METAP1D|METAP2|METTL21C|METTL27|MIF|MMACHC|MME|MMEL1|MOCS3|MRPL4|MSTN|MTERF1|MVK|MYLK|NAE1|NAGA|NAGLU|NAPEPLD|NCF2|NDUFAF5|NECTIN1|NFE2L2|NHP2|NIF3L1|NLGN4X|NME1|NME1-NME2|NME2|NME3|NME4|NME5|NME6|NME7|NME8|NMNAT1|NMNAT2|NMNAT3|NOD1|NODAL|NT5E|NUDT10|NUDT6|OBSCN|OBSL1|OLR1|OVGP1|OXSM|P4HB|PA2G4|PAICS|PAM16|PAPOLA|PAPOLB|PAPOLG|PAPSS1|PAPSS2|PARK7|PARP12|PCSK1|PCSK2|PCSK4|PCSK5|PCSK7|PCSK9|PDE5A|PDF|PDIA2|PDIA3|PDIA4|PDIA5|PDIA6|PDILT|PDSS1|PDSS2|PDXP|PECR|PEPD|PGAM1|PGD|PGLS|PGP|PHEX|PHGDH|PILRA|PIN1|PKLR|PKM|PLAU|PLEKHA1|PLIN1|PLIN5|PMM1|PMM2|PMP2|PNPT1|PPEF1|PPEF2|PPIF|PPM1A|PPP2CA|PPP2CB|PPP3CA|PPP3CB|PPP3CC|PPP4C|PPP5C|PRDX1|PRDX2|PRDX3|PRDX4|PRDX6|PRG2|PRG3|PRIM1|PRKAA1|PRKAA2|PRKAB1|PRKAB2|PRKAG1|PRKAG2|PRMT7|PRODH|PRODH2|PROZ|PRSS1|PRSS3|PTEN|PTPDC1|PTPRD|PTPRG|PUDP|PUM1|PUM2|QSOX1|RAD51|RAD51B|RAD51C|RAD51D|RARB|RASGRP1|RBKS|RBM23|RBM39|RCL1|RDH10|RDH11|RDH12|RDH13|RDH14|REG1A|REG1B|REG3A|REG3G|REG4|REN|REXO2|RFK|RGS1|RGS10|RGS11|RGS12|RGS13|RGS14|RGS16|RGS17|RGS18|RGS19|RGS2|RGS20|RGS21|RGS3|RGS4|RGS5|RGS6|RGS7|RGS8|RGS9|RIDA|RIMKLA|RIMKLB|RNASE1|RNASE3|RNASEH1|RNH1|RPH3A|RPH3AL|RPIA|RPL4|RPL7A|RPP38|RPS12|RPS27A|RRM2|RRM2B|RSPO1|RSPO3|RSPO4|RSRC1|RTCA|RTEL1|RTN4IP1|RUSC1|S100A12|S100A8|S100A9|SAE1|SAT1|SATL1|SDHA|SDHB|SDHC|SDR16C5|SELE|SEMA3A|SEMA3C|SEMA3D|SEMA3F|SEMA3G|SEMA4A|SEMA4B|SEMA4C|SEMA4D|SEMA4F|SEMA4G|SEMA5A|SEMA5B|SEMA6A|SEMA6C|SEMA6D|SEMA7A|SERPINA1|SERPINA10|SERPINA5|SERPINC1|SFTPA1|SFTPA2|SH2D1A|SH3BGRL|SHMT1|SHMT2|SIK1|SIK2|SLC13A1|SLC13A2|SLC13A3|SLC13A4|SLC13A5|SLCO2B1|SND1|SNRPB|SNRPD3|SNU13|SNX27|SPAG6|SPEG|SRC|SRPRA|SSH1|SSH2|SSH3|STAU1|STEAP3|STRADA|STYX|STYXL1|STYXL2|TALDO1|TATDN1|TATDN2|TATDN3|TF|TGFB1|TGFB2|TGFB3|THTPA|TMX3|TNFSF13B|TNS1|TNS3|TP53|TPBG|TPI1|TPP2|TRDMT1|TRMT9B|TRPV4|TTN|TXN|TXN2|TXNDC11|TXNDC16|TXNDC2|TXNDC5|TXNDC8|TXNDC9|UBA1|UBA2|UBA3|UBA5|UBA6|UBA7|UCK2|UEVLD|UMPS|UNG|USP15|VARS1|XPNPEP1|XPNPEP2|XPNPEP3|XRCC3|YARS1|YWHAH|ZFYVE1|ZFYVE19|ZP3,738,AKR1B1|APRT|C8G|CPB1|CS|CTDSP1|HGS|IL4I1|ITPA|LSM6|MDH2|PLEKHA1|RNASE1|RNASE3|SRC|TRPV4,16,3.545528132278862,3.4172294616388132,738,A09AB04,AKR1B1|APRT|C8G|CPB1|CS|CTDSP1|HGS|IL4I1|ITPA|LSM6|MDH2|PLEKHA1|RNASE1|RNASE3|SRC|TRPV4,16
KSEBMYQBYZTDHS-HWKANZROSA-N,KSEBMYQBYZTDHS,KSEBMYQBYZTDHS-HWKANZROSA-N,DB07767,Ferulic acid,full_inchikey,ABHD12|ABHD12B|ABHD13|ABHD17A|ABHD17B|ABHD17C|ACHE|ACOT1|ACOT2|ACOT4|ACOT6|ALOX15|APP|BAAT|BCHE|CA1|CA12|CA14|CA2|CA3|CA4|CA5A|CA5B|CA6|CA7|CA9|CSNK2A1|CSNK2A2|CSNK2A3|CSNK2B|HYAL1|MAOB|PKM|SLC16A1|SLC16A3|SNCA,36,CA1|CA12|CA14|CA2|CA4|CA6|CA9|MAOB,8,5.031172142380438,5.016508627532126,36,,CA1|CA12|CA14|CA2|CA4|CA6|CA9|MAOB,8
KTEXNACQROZXEV-SLXBATTESA-N,KTEXNACQROZXEV,KTEXNACQROZXEV-SLXBATTESA-N,DB13063,Parthenolide,full_inchikey,IKBKB|NFKB1|NFKB2|NSD2|REL|RELA|RELB,7,IKBKB|NFKB1|NFKB2|REL|RELA|RELB,6,4.587983214000239,4.587983214000239,7,,IKBKB|NFKB1|NFKB2|REL|RELA|RELB,6
KTUFNOKKBVMGRW-UHFFFAOYSA-N,KTUFNOKKBVMGRW,KTUFNOKKBVMGRW-UHFFFAOYSA-N,DB00619,Imatinib,full_inchikey,AAK1|ABCA3|ABCB1|ABCB11|ABCC1|ABCC2|ABCC3|ABCC4|ABCG2|ABL1|ABL2|ACVR1|ACVR1B|ACVR2A|ACVR2B|ACVRL1|AKT1|AKT2|AKT3|ALB|ALK|ANKK1|AURKA|AURKB|AURKC|AXL|BCR|BLK|BMP2K|BMPR1A|BMPR1B|BMPR2|BMX|BRAF|BRSK1|BRSK2|BTK|CA1|CA10|CA11|CA12|CA13|CA14|CA2|CA3|CA4|CA5A|CA5B|CA6|CA7|CA8|CA9|CAMK1|CAMK1D|CAMK1G|CAMK2A|CAMK2B|CAMK2D|CAMK2G|CAMK4|CAMKK1|CAMKK2|CASK|CDC42BPA|CDC42BPB|CDC42BPG|CDC7|CDK1|CDK11A|CDK11B|CDK13|CDK14|CDK15|CDK16|CDK17|CDK18|CDK19|CDK2|CDK3|CDK4|CDK5|CDK7|CDK8|CDK9|CDKL1|CDKL2|CDKL3|CDKL5|CHEK1|CHEK2|CHUK|CILK1|CIT|CLK1|CLK2|CLK3|CLK4|COQ8A|COQ8B|CSF1R|CSK|CSNK1A1|CSNK1A1L|CSNK1D|CSNK1E|CSNK1G1|CSNK1G2|CSNK1G3|CSNK2A1|CSNK2A2|CTBP1|CYP1A2|CYP2C19|CYP2C8|CYP2C9|CYP2D6|CYP3A4|CYP3A5|CYP3A7|DAPK1|DAPK2|DAPK3|DCLK1|DCLK2|DCLK3|DDR1|DDR2|DDX3X|DMPK|DSTYK|DYRK1A|DYRK1B|DYRK2|DYRK3|DYRK4|EEF2K|EGFR|EIF2AK1|EIF2AK2|EIF2AK4|EPHA1|EPHA10|EPHA2|EPHA3|EPHA4|EPHA5|EPHA6|EPHA7|EPHA8|EPHB1|EPHB2|EPHB3|EPHB4|ERBB2|ERBB3|ERBB4|ERN1|ERN2|EYA2|FER|FES|FGFR1|FGFR2|FGFR3|FGFR4|FGFRL1|FGR|FLT1|FLT3|FLT4|FPGT-TNNI3K|FRK|FYN|GAK|GRK1|GRK4|GRK5|GRK7|GSK3A|GSK3B|HCK|HDAC1|HDAC6|HIPK1|HIPK2|HIPK3|HIPK4|HRH2|HTR2A|HUNK|IGF1R|IKBKB|IKBKE|INSR|INSRR|IRAK1|IRAK2|IRAK3|IRAK4|ITK|JAK1|JAK2|JAK3|KARS1|KDR|KIT|LATS1|LATS2|LCK|LIMK1|LIMK2|LRRK2|LTK|LYN|MAK|MAP2K1|MAP2K2|MAP2K3|MAP2K4|MAP2K5|MAP2K6|MAP2K7|MAP3K1|MAP3K10|MAP3K11|MAP3K12|MAP3K13|MAP3K15|MAP3K19|MAP3K2|MAP3K20|MAP3K21|MAP3K3|MAP3K4|MAP3K5|MAP3K6|MAP3K7|MAP3K9|MAP4K1|MAP4K2|MAP4K3|MAP4K4|MAP4K5|MAPK1|MAPK10|MAPK11|MAPK12|MAPK13|MAPK14|MAPK15|MAPK3|MAPK4|MAPK6|MAPK7|MAPK8|MAPK9|MAPKAPK2|MAPKAPK3|MAPKAPK5|MARK1|MARK2|MARK3|MARK4|MAST1|MATK|MCL1|MELK|MERTK|MET|MINK1|MKNK1|MKNK2|MLKL|MOS|MST1R|MTOR|MUSK|MYLK|MYLK2|MYLK3|MYLK4|MYO3A|MYO3B|NEK1|NEK11|NEK2|NEK3|NEK4|NEK5|NEK6|NEK7|NEK9|NIM1K|NLK|NQO2|NSD2|NTRK1|NTRK2|NTRK3|NUAK1|NUAK2|ORM1|OXSR1|PAK1|PAK2|PAK3|PAK4|PAK5|PAK6|PASK|PBK|PDGFRA|PDGFRB|PDGFRL|PDPK1|PHKG1|PHKG2|PI4KB|PIK3C2B|PIK3C2G|PIK3CA|PIK3CB|PIK3CD|PIK3CG|PIM1|PIM2|PIM3|PIP4K2B|PIP4K2C|PIP5K1A|PIP5K1C|PKDCC|PKMYT1|PKN1|PKN2|PLK1|PLK2|PLK3|PLK4|PRKAA1|PRKAA2|PRKACA|PRKACB|PRKCA|PRKCD|PRKCE|PRKCG|PRKCH|PRKCI|PRKCQ|PRKCZ|PRKD1|PRKD2|PRKD3|PRKG1|PRKG2|PRKX|PRP4K|PTK2|PTK2B|PTK6|PTK7|PTPRG|PTPRZ1|RAF1|RET|RIOK1|RIOK2|RIOK3|RIPK1|RIPK2|RIPK3|RIPK4|ROCK1|ROCK2|ROR1|ROS1|RPS6KA1|RPS6KA2|RPS6KA3|RPS6KA4|RPS6KA5|RPS6KA6|RPS6KB1|SBK1|SBK3|SGK2|SGK3|SIK1|SIK2|SIK3|SLC22A1|SLC22A2|SLC22A3|SLC22A5|SLC47A1|SLC47A2|SLC6A4|SLCO1A2|SLCO1B3|SLK|SMAD3|SNRK|SRC|SRMS|SRPK1|SRPK2|SRPK3|STK10|STK11|STK16|STK17A|STK17B|STK24|STK25|STK26|STK3|STK32A|STK32B|STK32C|STK33|STK35|STK36|STK38|STK38L|STK39|STK4|STK40|STYK1|SYK|TAOK1|TAOK2|TAOK3|TBK1|TBXAS1|TEC|TEK|TESK1|TESK2|TGFBR1|TGFBR2|TIE1|TLK1|TLK2|TNIK|TNK1|TNK2|TNNI3K|TRIB1|TRIB2|TRIB3|TRPM6|TSSK1B|TSSK2|TSSK3|TSSK4|TTK|TXK|TYK2|TYRO3|ULK1|ULK2|ULK3|VRK2|WEE1|WEE2|YES1|ZAP70,468,ABL1|BCR|CSF1R|DDR1|DDR2|KIT|MCL1|NTRK1|PDGFRA|PDGFRB|RET,11,5.1815097880996515,5.0,468,L01EA01,ABL1|BCR|CSF1R|DDR1|DDR2|KIT|MCL1|NTRK1|PDGFRA|PDGFRB|RET,11
KWGRBVOPPLSCSI-WCBMZHEXSA-N,KWGRBVOPPLSCSI,KWGRBVOPPLSCSI-WCBMZHEXSA-N,DB00852,Pseudoephedrine,full_inchikey,ADRA1A|ADRA2A|ADRB1|ADRB2|ALB|ALOX15|ALOX15B|ATF1|CYP2C19|CYP2C9|CYP2D6|CYP3A4|DRD2|GLA|GNAI1|IL2|MAOA|NFATC1|NFKB1|PKM|RGS12|SLC6A2|SLC6A3|SLC6A4|THPO|TNF,26,ADRA1A|ADRA2A|ADRB1|ADRB2|ATF1|DRD2|IL2|NFATC1|NFKB1|SLC6A2|SLC6A3|SLC6A4|TNF,13,5.409089488709905,5.0999990348465305,26,R01BA02|R01BA52,ADRA1A|ADRA2A|ADRB1|ADRB2|ATF1|DRD2|IL2|NFATC1|NFKB1|SLC6A2|SLC6A3|SLC6A4|TNF,13
KWGRBVOPPLSCSI-WPRPVWTQSA-N,KWGRBVOPPLSCSI,KWGRBVOPPLSCSI-WPRPVWTQSA-N,DB01364,Ephedrine,full_inchikey,ACHE|ADRA1A|ADRA1B|ADRA1D|ADRA2A|ADRA2B|ADRA2C|ADRB1|ADRB2|ADRB3|ALB|BCHE|DRD2|SLC18A2|SLC6A2,15,ADRA1A|ADRB1|ADRB2|DRD2|SLC6A2,5,8.2518119729938,8.2518119729938,15,A08AA56|C01CA26|R01AA03|R01AB05|R03CA02|S01FB02,ADRA1A|ADRB1|ADRB2|DRD2|SLC6A2,5
KWTSXDURSIMDCE-QMMMGPOBSA-N,KWTSXDURSIMDCE,KWTSXDURSIMDCE-QMMMGPOBSA-N,DB01576,Dextroamphetamine,full_inchikey,ADRA1A|ADRA1B|CYP2D6|MAOA|MAOB|SLC18A2|SLC6A2|SLC6A3|SLC6A4|TAAR1,10,ADRA1A|ADRA1B|SLC18A2|SLC6A2|SLC6A3|TAAR1,6,5.704616717000761,5.766748260955577,10,N06BA02,ADRA1A|ADRA1B|SLC18A2|SLC6A2|SLC6A3|TAAR1,6
KWTSXDURSIMDCE-UHFFFAOYSA-N,KWTSXDURSIMDCE,KWTSXDURSIMDCE-UHFFFAOYSA-N,DB00182,Amphetamine,full_inchikey,ACKR3|ADORA1|ADORA2A|ADORA2B|ADRA1A|ADRA1B|ADRA1D|ADRA2A|ADRA2C|ADRB1|ADRB2|ADRB3|AGTR1|AGTR2|APLNR|AVPR1A|AVPR1B|AVPR2|BDKRB1|BRS3|CA12|CA14|CA4|CA5A|CA5B|CA7|CARTPT|CCKAR|CCKBR|CCR1|CCR3|CCR4|CCR5|CCR9|CNR1|CNR2|CXCR4|CXCR6|CYP2A6|CYP2D6|DRD1|DRD2|DRD3|DRD4|DRD5|EDNRA|EDNRB|FFAR4|GALR1|GALR2|GALR3|GHSR|GNRHR|GPR119|GPR12|GPR135|GPR139|GPR142|GPR148|GPR150|GPR151|GPR161|GPR173|GPR176|GPR19|GPR22|GPR26|GPR27|GPR3|GPR37|GPR37L1|GPR39|GPR45|GPR52|GPR6|GPR61|GPR62|GPR63|GPR65|GPR78|GPR83|GPR84|GPR85|GPR88|GRPR|HCRTR1|HCRTR2|HRH2|HRH3|HRH4|HTR1A|HTR1B|HTR1E|HTR1F|HTR2B|HTR2C|HTR4|HTR5A|HTR6|HTR7|KISS1R|LPAR1|LPAR2|LPAR3|LSP1|LTB4R|LTB4R2|MAOA|MAOB|MC1R|MC2R|MC3R|MC4R|MC5R|MCHR1|MCHR2|MLNR|NMBR|NMUR1|NMUR2|NPBWR2|NPFFR1|NPFFR2|NPSR1|NPY1R|NPY2R|NPY4R|NPY5R|NTSR1|NTSR2|OPN1LW|OPN1MW2|OPN1SW|OPN3|OPN4|OPN5|OPRD1|OPRK1|OPRL1|OPRM1|OXTR|PRLHR|PROKR1|PROKR2|PTGDR|PTGER1|PTGER2|PTGER3|PTGER4|PTGFR|PTGIR|QRFPR|RGR|RHO|RRH|RXFP3|RXFP4|SLC18A2|SLC22A3|SLC22A5|SLC6A1|SLC6A11|SLC6A12|SLC6A13|SLC6A15|SLC6A16|SLC6A17|SLC6A18|SLC6A19|SLC6A2|SLC6A20|SLC6A3|SLC6A4|SLC6A5|SLC6A7|SLC6A8|SLC6A9|SSTR1|SSTR2|SSTR4|SSTR5|TAAR1|TAAR2|TAAR5|TAAR6|TAAR8|TBXA2R|TMIGD3|TRHR|UTS2R,190,ADRA1A|ADRB1|CARTPT|DRD2|MAOA|MAOB|SLC18A2|SLC6A2|SLC6A3|SLC6A4|TAAR1,11,5.866288731927839,5.59176003468815,190,N06BA01,ADRA1A|ADRB1|CARTPT|DRD2|MAOA|MAOB|SLC18A2|SLC6A2|SLC6A3|SLC6A4|TAAR1,11
KXGVEGMKQFWNSR-LLQZFEROSA-N,KXGVEGMKQFWNSR,KXGVEGMKQFWNSR-LLQZFEROSA-N,DB03619,Deoxycholic acid,full_inchikey,ABCB11|ALDH16A1|ALDH1A1|ALDH1A2|ALDH1A3|ALDH1B1|ALDH1L1|ALDH1L2|ALDH2|ALDH3A1|ALDH3A2|ALDH3B2|ALDH4A1|ALDH5A1|ALDH7A1|ALDH8A1|ALDH9A1|EEFSEC|EFL1|FPR1|GPBAR1|GSTA1|GSTP1|IFFO2|MT-CO1|MT-CO2|NR1H4|PCNA|SLC10A1|SLC10A2|SLCO1A2|TNNC1|VDR,33,EFL1|GPBAR1|GSTA1|GSTP1|NR1H4|PCNA,6,5.731151192765199,5.200659450546418,33,D11AX24,EFL1|GPBAR1|GSTA1|GSTP1|NR1H4|PCNA,6
KZNIFHPLKGYRTM-UHFFFAOYSA-N,KZNIFHPLKGYRTM,KZNIFHPLKGYRTM-UHFFFAOYSA-N,DB07352,Apigenin,full_inchikey,ABCB1|ABCC1|ABCG2|ACHE|AHR|AKR1B1|AKR1B10|ALOX15|APP|AR|ATAD5|AURKB|BACE1|BCHE|BRCA1|CA1|CA2|CA4|CCNB1|CCNB2|CCNB3|CDK1|CDK5|CDK5R1|CDK6|CDKN1A|CFTR|CSNK2A1|CSNK2A2|CSNK2A3|CSNK2B|CYP19A1|CYP1A1|CYP1A2|CYP1B1|CYP2C19|CYP2C9|CYP2D6|CYP3A4|CYP3A7|DAPK1|DPP3|DPP4|EGFR|ELANE|EP300|ESR1|ESR2|ESRRA|FLT3|FOS|GABRA1|GABRA2|GABRA3|GABRA4|GABRA5|GABRA6|GABRB1|GABRB2|GABRB3|GABRD|GABRE|GABRG1|GABRG2|GABRG3|GABRP|GABRQ|GLI3|GSK3A|GSK3B|GUSB|HDAC6|HDAC9|HIF1A|HPGD|HSD17B1|HSD17B2|HSD17B3|IP6K1|IP6K2|IPMK|JUN|KARS1|LCK|MAOA|MAOB|MAPK10|MAPK14|MAPT|MKNK2|MPO|MYOC|NEU2|NFE2L2|NFKBIA|NFKBIB|NOX4|NPSR1|NR1H4|NR1I2|NR3C1|NSD2|OPRD1|OPRK1|OPRM1|PARP1|PCNA|PGR|PIM1|PKM|POLH|POLK|PPARD|PPARG|PRKN|PSMB5|PTGS2|PTPN1|PYCARD|RARA|SHBG|SLC22A1|SLC22A2|SMN2|SYK|THRA|THRB|TNF|TNKS|TNKS2|TOP2B|TP53|TTR|VDR|XDH,135,AKR1B1|AR|CDK6|CSNK2A1|CYP19A1|CYP1B1|HSD17B1,7,5.381691892723113,5.420108201691595,135,,AKR1B1|AR|CDK6|CSNK2A1|CYP19A1|CYP1B1|HSD17B1,7
LCTONWCANYUPML-UHFFFAOYSA-N,LCTONWCANYUPML,LCTONWCANYUPML-UHFFFAOYSA-N,DB00119,Pyruvic acid,full_inchikey,ABAT|ABHD10|ABHD11|ABHD14A|ABHD14B|ABHD4|ABHD5|AGXT2|AMD1|CA4|CLYBL|CRYM|CTBP2|CYB5A|CYB5B|CYB5R4|EPHX1|FTO|GFUS|HACL1|HAO1|HAO2|HMGCL|HMGCLL1|HOGA1|HSD3B1|HSD3B2|HSD3B7|ILVBL|LDHAL6A|LDHAL6B|LDHB|LDHC|LIPA|LIPF|LIPJ|LIPK|LIPM|LIPN|MDH1|MDH1B|MDH2|ME2|NFE2L2|NPL|NSDHL|OC90|PC|PCK1|PCK2|PDHB|PKLR|PKM|PLA2G10|PLA2G1B|PLA2G2A|PLA2G2C|PLA2G2D|PLA2G2E|PLA2G2F|PLA2G5|PPME1|SDR42E1|SERHL2|SLC16A1|SLC16A10|SLC16A2|SLC16A3|SLC16A4|SLC16A5|SLC16A6|SLC16A7|SLC16A8|SLCO2A1|TP53|UEVLD|UXS1,77,ABAT|AGXT2|CA4|PC|PDHB|PKLR|PKM|SLC16A1|SLC16A2|SLC16A3|SLC16A4|SLC16A5|SLC16A6|SLC16A7|SLC16A8,15,3.5111000488235207,3.5228787452803374,77,,ABAT|AGXT2|CA4|PC|PDHB|PKLR|PKM|SLC16A1|SLC16A2|SLC16A3|SLC16A4|SLC16A5|SLC16A6|SLC16A7|SLC16A8,15
LFQSCWFLJHTTHZ-UHFFFAOYSA-N,LFQSCWFLJHTTHZ,LFQSCWFLJHTTHZ-UHFFFAOYSA-N,DB00898,Ethanol,full_inchikey,ABHD10|ABHD11|ABHD14A|ABHD14B|ABHD4|ABHD5|ACHE|ACP5|ACP7|ADH1A|ADH1B|ADH1C|ADH4|ADH5|ADH6|ADH7|ADPRM|AKR1A1|ALDH16A1|ALDH1A1|ALDH1A2|ALDH1A3|ALDH1B1|ALDH1L1|ALDH1L2|ALDH2|ALDH3A1|ALDH3A2|ALDH3B2|ALDH4A1|ALDH5A1|ALDH7A1|ALDH8A1|ALDH9A1|ANK1|ARF1|ARF3|ARF4|ARF5|ARL1|ARL10|ARL11|ARL14|ARL17A|ARL17B|ARL4A|ARL4C|ARL4D|ARL5A|ARL5B|ARL5C|ARL6|ARL9|AUH|AZU1|BACE1|BACE2|BCKDK|CACNA1C|CACNA1D|CACNA1S|CACNB1|CACNG1|CACNG2|CALM2|CD81|CDC42|CDY1|CDY1B|CDY2A|CDY2B|CDYL|CELA1|CHRNA10|CHRNA2|CHRNA3|CHRNA4|CHRNA5|CHRNA6|CHRNA7|CHRNA9|CHRNB2|CHRNB3|CHRNB4|CLEC3B|CPLANE2|CTSB|CTSC|CTSD|CTSE|CTSF|CTSH|CTSK|CTSL|CTSO|CTSS|CTSV|CTSW|CTSZ|CYP1A1|CYP1A2|CYP2B6|CYP2C19|CYP2C9|CYP2E1|CYP3A4|CYP4A11|DDX10|DHFR|DIRAS1|DIRAS2|DIRAS3|DNAJC27|ECHDC1|ECHDC2|ECHS1|ECI1|ECI2|EHHADH|EPHX1|ERAS|FOXO3|GABRA1|GABRA2|GABRA3|GABRA4|GABRA5|GABRA6|GABRB1|GABRB2|GABRB3|GABRD|GABRE|GABRG1|GABRG3|GABRP|GABRQ|GEM|GLRA1|GLRA2|GNLY|GPSM1|GPSM2|GRIA1|GRIA2|GRIA3|GRIA4|GRIN3A|GSR|HADHA|HIBCH|HINT1|HINT2|HOGA1|HRAS|HTR3A|HTR3B|HTR3C|HTR3D|HTR3E|IDH3A|IDH3B|IDH3G|IFFO2|KCNJ1|KCNJ11|KCNJ12|KCNJ13|KCNJ14|KCNJ15|KCNJ16|KCNJ2|KCNJ3|KCNJ4|KCNJ5|KCNJ6|KCNJ8|KCNJ9|KRAS|L1CAM|LIPA|LIPF|LIPJ|LIPK|LIPM|LIPN|LRRK2|LTF|LYZ|MELTF|MRAS|NAPSA|NFATC4|NFKB1|NFKB2|NPL|NRAS|PAEP|PARP1|PCP2|PDE4D|PDF|PDK1|PDK2|PDK4|PGA3|PGA4|PGA5|PGC|PPME1|RAB11A|RAB11B|RAB14|RAB25|RAB2A|RAB2B|RABL2A|RABL2B|RAC1|RAC2|RAC3|RALA|RALB|RAP1A|RAP1B|RAP2A|RAP2B|RAP2C|RASD1|RASD2|RASL10A|RASL11A|RASL11B|RASL12|RELA|REM1|REM2|REN|RERG|RERGL|RHEB|RHEBL1|RHOA|RHOB|RHOBTB1|RHOBTB2|RHOBTB3|RHOC|RHOD|RHOF|RHOG|RHOH|RHOJ|RHOQ|RHOU|RHOV|RIPK1|RIPK3|RIT1|RIT2|RND1|RND2|RND3|RRAD|RRAS|RRAS2|SERHL2|SIRT2|SLC29A1|SLC29A2|SP1|SUPT4H1|TF|TRIM23|TTC28|TXN|UPP1|VCAM1|XIAP,279,ACHE|ADH7|CACNA1C|CACNA1D|CACNA1S|CACNB1|CACNG1|CACNG2|CHRNA10|CHRNA2|CHRNA3|CHRNA4|CHRNA5|CHRNA6|CHRNA7|CHRNA9|CHRNB2|CHRNB3|CHRNB4|GABRA1|GABRA2|GABRA3|GABRA4|GABRA5|GABRA6|GABRB1|GABRB2|GABRB3|GABRD|GABRE|GABRG1|GABRG3|GABRP|GABRQ|GLRA1|GLRA2|GRIA1|GRIA2|GRIA3|GRIA4|GRIN3A|HTR3A|HTR3B|HTR3C|HTR3D|HTR3E|KCNJ3|KCNJ5|KCNJ6|KCNJ9|L1CAM|SLC29A1|SLC29A2|VCAM1,54,,,279,D08AX08|V03AB16|V03AZ01,ACHE|ADH7|CACNA1C|CACNA1D|CACNA1S|CACNB1|CACNG1|CACNG2|CHRNA10|CHRNA2|CHRNA3|CHRNA4|CHRNA5|CHRNA6|CHRNA7|CHRNA9|CHRNB2|CHRNB3|CHRNB4|GABRA1|GABRA2|GABRA3|GABRA4|GABRA5|GABRA6|GABRB1|GABRB2|GABRB3|GABRD|GABRE|GABRG1|GABRG3|GABRP|GABRQ|GLRA1|GLRA2|GRIA1|GRIA2|GRIA3|GRIA4|GRIN3A|HTR3A|HTR3B|HTR3C|HTR3D|HTR3E|KCNJ3|KCNJ5|KCNJ6|KCNJ9|L1CAM|SLC29A1|SLC29A2|VCAM1,54
LOUPRKONTZGTKE-LHHVKLHASA-N,LOUPRKONTZGTKE,LOUPRKONTZGTKE-LHHVKLHASA-N,DB00908,Quinidine,full_inchikey,ABCB1|ABCB11|ABCC2|ABCC3|ABCC4|ADRA1A|ADRA1B|ADRA1D|ADRA2B|AHR|ALB|BCHE|CACNA1C|CACNA1D|CACNA1F|CACNA1S|CYP1A1|CYP1A2|CYP2B6|CYP2C8|CYP2C9|CYP2D6|CYP2E1|CYP3A4|CYP3A7|DRD2|DRD3|ESR1|ESRRA|HTR2B|KCNA5|KCNA7|KCNH1|KCNH2|KCNK1|KCNK6|NR1I2|ORM1|SCN10A|SCN11A|SCN1A|SCN2A|SCN3A|SCN4A|SCN5A|SCN7A|SCN8A|SCN9A|SLC22A1|SLC22A2|SLC22A4|SLC22A5|SLC22A8|SLC29A4|SLC47A1|SLC6A3|SLC6A4|SLCO1A2|SLCO1B1,59,ADRA1A|ADRA1B|ADRA1D|KCNH2|KCNK1|KCNK6|SCN5A,7,5.636077391175996,5.220133157072843,59,C01BA01|C01BA51|C01BA71,ADRA1A|ADRA1B|ADRA1D|KCNH2|KCNK1|KCNK6|SCN5A,7
LPEPZBJOKDYZAD-UHFFFAOYSA-N,LPEPZBJOKDYZAD,LPEPZBJOKDYZAD-UHFFFAOYSA-N,DB02266,Flufenamic acid,full_inchikey,ADRA1A|AKR1B1|AKR1B10|AKR1C1|AKR1C2|AKR1C3|AKR1C4|AR|CHRM1|CHRM3|CYP1A2|CYP2C9|CYP3A7|DRD3|ESRRA|HDAC9|HIF1A|HPGD|HRH1|HTR2C|KCNK2|KCNT2|LDLR|MPO|MT-CO2|NAPRT|NFE2L2|NR1I2|NR3C1|PPARA|PPARG|PTGS1|PTGS2|RAPGEF4|SLC22A6|TAS2R14|TEAD4|TP53|TRPA1|TRPM2|TRPM4|TTR,42,AKR1C3|AR|PPARA|PPARG|PTGS1|PTGS2,6,5.1696634297530055,5.0,42,M01AG03,AKR1C3|AR|PPARA|PPARG|PTGS1|PTGS2,6
LPLVUJXQOOQHMX-QWBHMCJMSA-N,LPLVUJXQOOQHMX,LPLVUJXQOOQHMX-QWBHMCJMSA-N,DB13751,Glycyrrhizic acid,full_inchikey,ABCB11|AKR1C2|AKR1C3|AKR1C4|ALB|AR|BDH2|C2ORF81|CASP3|CBR1|CBR3|CBR4|DECR1|DECR2|DHRS1|DHRS12|DHRS13|DHRS2|DHRS4|DHRS4L2|DHRS7B|DHRS7C|DHRSX|HMGB1|HPGD|HSD11B1|HSD11B1L|HSD11B2|HSD17B1|HSD17B11|HSD17B13|HSD17B14|HSD17B8|HSDL2|LPL|NFKB2|NR3C1|PECR|PTPN1|RDH10|RDH11|RDH12|RDH13|RDH14|SDR16C5|SLCO1B1|SLCO1B3|TNF,48,CASP3|HSD11B1|LPL|NFKB2|TNF,5,5.5524401767345335,4.836834241018892,48,A05BA08,CASP3|HSD11B1|LPL|NFKB2|TNF,5
LTMHDMANZUZIPE-PUGKRICDSA-N,LTMHDMANZUZIPE,LTMHDMANZUZIPE-PUGKRICDSA-N,DB00390,Digoxin,full_inchikey,ABCB1|ABCB11|AR|ATAD5|ATP10A|ATP11B|ATP11C|ATP12A|ATP13A1|ATP1A1|ATP1A2|ATP1A3|ATP1A4|ATP1B1|ATP1B2|ATP1B3|ATP2A1|ATP2A2|ATP2A3|ATP2C2|ATP4A|ATP8B2|ATP8B4|ATXN2|CYP11A1|CYP3A4|ESR1|ESRRA|FXYD2|GLI3|GMNN|IDH1|IFNB1|NFE2L2|NR1I2|NR3C1|NSD2|PAX8|RGS4|RORC|SLC51A|SLC51B|SLCO1A2|SLCO1B1|SLCO1B3|SLCO1B3-SLCO1B7|SLCO2A1|SLCO2B1|SLCO3A1|SLCO4A1|SLCO4C1|SLCO5A1|SLCO6A1|STAT1|STAT3|SYK|TNF|TP53|TSHR,59,ATP1A1|ATP1A2|ATP1A3|ATP1B1|ATP1B2|ATP1B3|SLCO4C1,7,6.2806899404696015,6.636200054520891,59,C01AA05,ATP1A1|ATP1A2|ATP1A3|ATP1B1|ATP1B2|ATP1B3|SLCO4C1,7
LUKBXSAWLPMMSZ-OWOJBTEDSA-N,LUKBXSAWLPMMSZ,LUKBXSAWLPMMSZ-OWOJBTEDSA-N,DB02709,Resveratrol,full_inchikey,ABCB1|ABL1|ACHE|AHR|AHRR|AKT1|ALB|ALOX15|ALOX5|APOBEC3G|APP|AR|ATAD5|ATP5F1A|ATP5F1B|ATP5F1C|BCHE|BCL2L1|BRCA1|CA1|CA12|CA13|CA14|CA2|CA3|CA4|CA5A|CA5B|CA6|CA7|CA9|CBR1|CD38|CLEC14A|CSNK2A1|CTSD|CTSL|CYP19A1|CYP1A1|CYP1A2|CYP1B1|CYP2B6|CYP2C19|CYP2C9|CYP2D6|CYP3A4|CYP3A7|DPP4|ESR1|ESR2|ESRRA|GFER|GLI3|GLS|HDAC6|HDAC9|HIF1A|HTT|IP6K1|IQCB1|ITGA5|ITGB3|KDM1A|KHSRP|LCK|LTA4H|MAOA|MAOB|MAPT|MAT2B|MTNR1A|MTNR1B|MYC|MYH1|MYH10|MYH11|MYH13|MYH15|MYH2|MYH4|MYH7|MYH7B|MYH8|MYH9|MYO10|MYO16|MYO18A|MYO18B|MYO1A|MYO1B|MYO1D|MYO1E|MYO1G|MYO1H|MYO3B|MYO5A|MYO5B|MYO5C|MYO6|MYO7A|MYO7B|MYO9A|MYO9B|NFE2L2|NFKB1|NFKB2|NPC1|NQO2|NR1H4|NR1I2|NR1I3|NSD2|NTMT1|ODC1|PAK1|PGR|PI4K2B|PIK3CA|PIK3CB|POLA1|POLK|PPARA|PPARG|PRKCA|PTGS1|PTGS2|PTPN1|RAPGEF4|RARA|RASIP1|RELA|SIRT1|SIRT2|SIRT3|SIRT5|SLC2A1|SLC6A2|SMN2|SNCA|STK33|SULT1B1|SYK|TERT|TP53|TRPA1|TTR|TYR|YARS1,148,AHR|AKT1|ALOX15|ALOX5|APP|CBR1|CLEC14A|CSNK2A1|ESR1|ITGA5|ITGB3|KHSRP|MTNR1A|MTNR1B|NQO2|NR1I2|NR1I3|PI4K2B|PPARA|PPARG|PTGS1|PTGS2|SIRT1|SLC2A1|SNCA|YARS1,26,5.00417336945449,5.023244717714137,148,,AHR|AKT1|ALOX15|ALOX5|APP|CBR1|CLEC14A|CSNK2A1|ESR1|ITGA5|ITGB3|KHSRP|MTNR1A|MTNR1B|NQO2|NR1I2|NR1I3|PI4K2B|PPARA|PPARG|PTGS1|PTGS2|SIRT1|SLC2A1|SNCA|YARS1,26
LXBIFEVIBLOUGU-JGWLITMVSA-N,LXBIFEVIBLOUGU,LXBIFEVIBLOUGU-JGWLITMVSA-N,DB03206,Duvoglustat,full_inchikey,AGL|FUCA1|GAA|GANAB|GANC|GBA1|GBA2|GBA3|GLA|LCT|LOX|LYZ|MAN1B1|MGAM|MGAM2|MYORG|NR1H2|NR1H3|SI|TREH|UGCG,21,GAA|GANAB|GANC|MAN1B1|MGAM,5,4.700912757223705,4.499501928391096,21,,GAA|GANAB|GANC|MAN1B1|MGAM,5
LXMSZDCAJNLERA-ZHYRCANASA-N,LXMSZDCAJNLERA,LXMSZDCAJNLERA-ZHYRCANASA-N,DB00421,Spironolactone,full_inchikey,ABCB1|ABCB11|ABCC2|ALB|AR|CACNA1C|CYP11B1|CYP11B2|CYP19A1|CYP1A2|CYP2C19|CYP2C8|CYP2D6|ESR1|ESR2|ESRRA|ESRRB|ESRRG|GLI3|NFE2L2|NR0B1|NR0B2|NR1H2|NR1H3|NR1H4|NR1I2|NR1I3|NR2C1|NR2C2|NR2E1|NR2F1|NR2F2|NR2F6|NR3C1|NR3C2|NR6A1|ORM1|PGR|PPARD|PPARG|RARA|RARB|RARG|RXRA|RXRB|RXRG|SLC47A1|SLCO1A2|THRA|THRB|TP53|VDR,52,AR|CACNA1C|ESR1|NR1I2|NR3C1|NR3C2|PGR,7,5.0520744166489395,4.73032590393376,52,C03DA01,AR|CACNA1C|ESR1|NR1I2|NR3C1|NR3C2|PGR,7
MBLBDJOUHNCFQT-LXGUWJNJSA-N,MBLBDJOUHNCFQT,MBLBDJOUHNCFQT-LXGUWJNJSA-N,DB00141,N-Acetylglucosamine,full_inchikey,B4GALT1|B4GALT4|NAGK|NAGLU|NAGPA|RENBP,6,B4GALT1|B4GALT4|NAGK|NAGLU|NAGPA|RENBP,6,,,6,,B4GALT1|B4GALT4|NAGK|NAGLU|NAGPA|RENBP,6
MBMBGCFOFBJSGT-KUBAVDMBSA-N,MBMBGCFOFBJSGT,MBMBGCFOFBJSGT-KUBAVDMBSA-N,DB03756,Doconexent,full_inchikey,CASP1|CYP19A1|CYP2C9|EPX|FABP7|FFAR1|LPO|MAPT|MPO|MYC|OXER1|PPARA|PPARG|PTGS1|PTGS2|PXDN|PXDNL|RXRA|RXRB|RXRG|SREBF1|TPO|USP1|VDR,24,MYC|PPARA|PPARG|PTGS1|PTGS2|RXRA|RXRB|RXRG|SREBF1,9,5.135662121370569,5.004744512769548,24,,MYC|PPARA|PPARG|PTGS1|PTGS2|RXRA|RXRB|RXRG|SREBF1,9
MEFKEPWMEQBLKI-AIRLBKTGSA-N,MEFKEPWMEQBLKI,MEFKEPWMEQBLKI-AIRLBKTGSA-N,DB00118,Ademetionine,full_inchikey,ADORA1|ADORA3|AMD1|AS3MT|CBS|CMTR1|COMT|CYP2E1|GNMT|MAT1A|MAT2A|NNMT|PCMT1|PNMT|PRMT1|PRMT5|SRM|WDR77,18,AMD1|AS3MT|CBS|CMTR1|COMT|GNMT|MAT1A|MAT2A,8,5.522045434003435,5.242797766337713,18,A16AA02,AMD1|AS3MT|CBS|CMTR1|COMT|GNMT|MAT1A|MAT2A,8
MJVAVZPDRWSRRC-UHFFFAOYSA-N,MJVAVZPDRWSRRC,MJVAVZPDRWSRRC-UHFFFAOYSA-N,DB00170,Menadione,full_inchikey,AHR|AOX1|AR|ATXN2|BGLAP|BLM|CDC25A|CDC25B|CDC25C|CYP19A1|CYP1A1|CYP1A2|CYP1B1|CYP2A6|CYP2B6|CYP2C19|CYP2C8|CYP2C9|CYP2D6|CYP2E1|CYP3A4|CYP3A5|CYP3A7|ESR1|ESRRA|F2|F9|GGCX|GLI3|GSR|HBB|IDO1|JUN|KCNH2|MAOA|MAOB|MAPT|MTHFR|NFE2L2|NQO1|NQO2|NSD2|PLIN1|PLIN5|PPARD|PROC|PROS1|RARA|SNCA|SYK|TGM2|TP53|TST|UCHL1|UCHL3|VDR|VKORC1|VKORC1L1|XDH,59,AOX1|BGLAP|F2|F9|GGCX|NQO1|NQO2|PROC|PROS1|VKORC1|VKORC1L1,11,5.108393710535402,4.966755708917617,59,B02BA02,AOX1|BGLAP|F2|F9|GGCX|NQO1|NQO2|PROC|PROS1|VKORC1|VKORC1L1,11
MKXZASYAUGDDCJ-NJAFHUGGSA-N,MKXZASYAUGDDCJ,MKXZASYAUGDDCJ-NJAFHUGGSA-N,DB00514,Dextromethorphan,full_inchikey,ADRA1A|CHRNA2|CHRNA3|CHRNA4|CHRNA7|CHRNB2|CHRNB4|CYBB|CYP19A1|CYP2B6|CYP2C19|CYP2C9|CYP2D6|CYP2J2|CYP3A4|CYP3A7|GRIN1|GRIN2A|GRIN2B|GRIN2C|GRIN2D|GRIN3A|GRIN3B|HTR2B|OPRD1|OPRK1|OPRM1|PGRMC1|SIGMAR1|SLC22A1|SLC6A2|SLC6A4|TACR1|UGT2B15|UGT2B17|UGT2B4|UGT2B7,37,CHRNA2|CHRNA3|CHRNA4|CHRNA7|CHRNB2|CHRNB4|CYBB|CYP19A1|GRIN3A|OPRD1|OPRK1|OPRM1|PGRMC1|SIGMAR1|SLC6A2|SLC6A4,16,5.921701549117276,5.774690718274137,37,N06AX62|N07XX59|R05DA09,CHRNA2|CHRNA3|CHRNA4|CHRNA7|CHRNB2|CHRNB4|CYBB|CYP19A1|GRIN3A|OPRD1|OPRK1|OPRM1|PGRMC1|SIGMAR1|SLC6A2|SLC6A4,16
MLKXDPUZXIRXEP-MFOYZWKCSA-N,MLKXDPUZXIRXEP,MLKXDPUZXIRXEP-MFOYZWKCSA-N,DB00605,Sulindac,full_inchikey,ABCB11|ABCC3|ABCC4|AHR|AKR1B1|AKR1B10|ALB|C5|CYP1A1|CYP1A2|CYP2C19|CYP2C9|CYP2D6|CYP3A4|EGFR|ESRRA|GLO1|GLRA1|MAPK3|NFE2L2|NR1I2|PPARD|PPARG|PTGDR2|PTGES|PTGS1|PTGS2|RXRA|SLC22A6,29,AKR1B1|AKR1B10|MAPK3|PPARD|PTGDR2|PTGS1|PTGS2,7,4.943069826423245,4.6218933508902165,29,M01AB02,AKR1B1|AKR1B10|MAPK3|PPARD|PTGDR2|PTGS1|PTGS2,7
MMWCIQZXVOZEGG-XJTPDSDZSA-N,MMWCIQZXVOZEGG,MMWCIQZXVOZEGG-XJTPDSDZSA-N,DB03401,"1D-myo-inositol 1,4,5-trisphosphate",full_inchikey,ACTN1|ACTN2|ACTN4|ARFGEF1|ARFGEF2|ARHGAP9|CDC14A|CDC14B|CDKN3|CLINT1|CLMN|CYTH2|CYTH3|CYTH4|DAB2|DMD|DNAJC6|DUSP1|DUSP10|DUSP12|DUSP15|DUSP16|DUSP18|DUSP19|DUSP2|DUSP21|DUSP22|DUSP23|DUSP26|DUSP28|DUSP29|DUSP3|DUSP4|DUSP5|DUSP6|DUSP7|DUSP8|DUSP9|EHBP1|EHBP1L1|ENTHD1|EPM2A|EPN1|EPN2|EPN3|EVPLL|EZR|FBXO8|FLNA|FLNB|FLNC|FRMD4A|FRMD4B|GAK|GBF1|INAVA|INPP5A|IP6K1|IP6K2|IPMK|IQSEC1|ITPKA|ITPKB|ITPKC|ITPR1|ITPR2|ITPR3|LCP1|MACF1|MICAL1|MICAL2|MICAL3|MICALL1|MICALL2|MSN|NF2|NPIPA1|NPIPA2|NPIPA3|NPIPA5|NPIPA7|NPIPA8|NPIPA9|NPIPB11|NPIPB13|NPIPB2|NPIPB5|PLCB1|PLCB2|PLCB3|PLCD1|PLCD4|PLCH1|PLCH2|PLCL1|PLCZ1|PLEC|PLS1|PLS3|PSD|PSD2|PSD3|PSD4|PTEN|PTPDC1|RDX|RPH3A|RPH3AL|SMTN|SMTNL2|SPECC1|SPECC1L|SPTAN1|SPTB|SPTBN1|SPTBN2|SPTBN4|SPTBN5|SSH1|SSH2|SSH3|STYX|STYXL1|STYXL2|SYNE1|SYNE2|SYNE3|TNS1|TNS2|TNS3|TRPV1|TRPV2|TRPV3|TRPV4|TRPV5|TRPV6|TULP1|UTRN,138,CYTH2|EPN1|ITPKA|ITPR1|ITPR2|ITPR3|PLCD1|RDX|SPTBN1,9,6.620627273901534,7.103837596636826,138,,CYTH2|EPN1|ITPKA|ITPR1|ITPR2|ITPR3|PLCD1|RDX|SPTBN1,9
MSTNYGQPCMXVAQ-KIYNQFGBSA-N,MSTNYGQPCMXVAQ,MSTNYGQPCMXVAQ-KIYNQFGBSA-N,DB00116,Tetrahydrofolic acid,full_inchikey,ABCC2|ALDH1L1|AMT|ATIC|FPGS|FTCD|MTFMT|MTHFD1|MTHFD2|MTHFR|MTR|SHMT1|SHMT2,13,ALDH1L1|AMT|ATIC|FTCD|MTFMT|MTHFD1|MTHFD2|MTHFR|MTR|SHMT1|SHMT2,11,5.376750709602099,5.376750709602099,13,,ALDH1L1|AMT|ATIC|FTCD|MTFMT|MTHFD1|MTHFD2|MTHFR|MTR|SHMT1|SHMT2,11
MTCFGRXMJLQNBG-REOHCLBHSA-N,MTCFGRXMJLQNBG,MTCFGRXMJLQNBG-REOHCLBHSA-N,DB00133,Serine,full_inchikey,AARS1|AARS2|ACHE|AGXT|ALDH16A1|ALDH1A1|ALDH1A2|ALDH1A3|ALDH1B1|ALDH1L1|ALDH1L2|ALDH2|ALDH3A1|ALDH3A2|ALDH3B2|ALDH4A1|ALDH5A1|ALDH7A1|ALDH8A1|ALDH9A1|ANPEP|AOPEP|CBS|CTBP1|CTBP2|CWC27|ENOSF1|ENPEP|ERAP1|ERAP2|IFFO2|LNPEP|LTA4H|LVRN|MRPL39|NKTR|NPEPPS|PHGDH|PKM|PPIA|PPIAL4D|PPIAL4F|PPIAL4G|PPID|PPIE|PPIF|PPIG|PPIH|PPIL1|PPIL3|PPIL4|PPIL6|PSPH|PTGES3L-AARSD1|PVR|RANBP2|RIDA|RNPEP|RNPEPL1|SARS1|SARS2|SDS|SDSL|SHMT1|SHMT2|SLC16A10|SLC36A1|SPTLC1|SPTLC2|SRR|SUV39H2|TARS1|TARS2|TARS3|TRHDE|ZG16,76,AGXT|CBS|SARS1|SDS|SPTLC1|SPTLC2|SRR,7,2.936309901833323,2.936309901833323,76,,AGXT|CBS|SARS1|SDS|SPTLC1|SPTLC2|SRR,7
MTCUAOILFDZKCO-UHFFFAOYSA-N,MTCUAOILFDZKCO,MTCUAOILFDZKCO-UHFFFAOYSA-N,DB01245,Decamethonium,full_inchikey,ACHE|ARSA|BCHE|CEL|CES1|CES2|CES3|CES4A|CES5A|CHKA|CHKB|CHRM2|CHRNA1|CHRNA2|CHRNA3|CHRNA4|CHRNA5|CHRNA6|CHRNA7|CHRNB1|CHRNB2|CHRNB3|CHRNB4|CHRND|CHRNE|CHRNG|ETNK1|ETNK2|HRH3|NLGN1|NLGN2|NLGN3|NLGN4X|NLGN4Y|STXBP5|TG,36,ACHE|CHRNA1|CHRNA2|CHRNA4|CHRNB2,5,5.963017642706039,5.810030935993444,36,,ACHE|CHRNA1|CHRNA2|CHRNA4|CHRNB2,5
MWUXSHHQAYIFBG-UHFFFAOYSA-N,MWUXSHHQAYIFBG,MWUXSHHQAYIFBG-UHFFFAOYSA-N,DB00435,Nitric Oxide,full_inchikey,ALDH2|CAV1|CYP1A2|CYP2B6|CYP3A4|ESR1|GUCY1A1|GUCY1A2|GUCY1B1|IDO1|MPO|MT1A|NOS3|PPARG|SRC,15,GUCY1A1|GUCY1A2|GUCY1B1|IDO1|MT1A|NOS3,6,,,15,R07AX01,GUCY1A1|GUCY1A2|GUCY1B1|IDO1|MT1A|NOS3,6
NAQMVNRVTILPCV-UHFFFAOYSA-N,NAQMVNRVTILPCV,NAQMVNRVTILPCV-UHFFFAOYSA-N,DB03260,Hexamethylene diamine,full_inchikey,CA1|CA12|CA14|CA2|CA3|CA4|CA5A|CA5B|CA6|CA7|CA9|CHRM1|CYP2D6,13,CA1|CA12|CA14|CA4|CA6|CA9,6,5.780029175928613,6.212335082494617,13,,CA1|CA12|CA14|CA4|CA6|CA9,6
NEGYEDYHPHMHGK-UHFFFAOYSA-N,NEGYEDYHPHMHGK,NEGYEDYHPHMHGK-UHFFFAOYSA-N,DB01472,4-Methoxyamphetamine,full_inchikey,ADRA1A|ADRA1D|ADRA2A|CYP2D6|KDM1A|KDM1B|MAOA|MAOB|SLC18A2|SLC6A1|SLC6A11|SLC6A12|SLC6A13|SLC6A15|SLC6A16|SLC6A17|SLC6A18|SLC6A19|SLC6A2|SLC6A20|SLC6A3|SLC6A4|SLC6A5|SLC6A7|SLC6A8|SLC6A9,26,ADRA1A|ADRA1D|ADRA2A|MAOA|MAOB|SLC18A2|SLC6A3|SLC6A4,8,3.9833333134217006,3.9833333134217006,26,,ADRA1A|ADRA1D|ADRA2A|MAOA|MAOB|SLC18A2|SLC6A3|SLC6A4,8
NGSWKAQJJWESNS-ZZXKWVIFSA-N,NGSWKAQJJWESNS,NGSWKAQJJWESNS-ZZXKWVIFSA-N,DB04066,p-Coumaric acid,full_inchikey,AKR1B1|AKR1B10|CA1|CA12|CA14|CA2|CA3|CA4|CA5A|CA5B|CA6|CA7|CA9|CAMK2A|DPP4|EGFR|EPX|ESR1|ESR2|HAL|HCAR2|LPO|MPO|PTGR1|PTGR2|PTGR3|PTGS1|PTGS2|PXDN|PXDNL|TPO|TYR,32,CA1|CA12|CA14|CA2|CA4|CA6|CA9|PTGR1,8,4.862899180724035,5.098454809786766,32,,CA1|CA12|CA14|CA2|CA4|CA6|CA9|PTGR1,8
NGVDGCNFYWLIFO-UHFFFAOYSA-N,NGVDGCNFYWLIFO,NGVDGCNFYWLIFO-UHFFFAOYSA-N,DB00114,Pyridoxal phosphate,full_inchikey,AADAT|ABAT|ACCS|ACCSL|ACP1|AGXT|AGXT2|ALAS1|ALAS2|AZIN2|BCAT1|BCAT2|CBS|CSAD|CTH|DDC|ETNPPL|F2|GAD1|GAD2|GADL1|GCAT|GLDC|GOT1|GOT2|GPT|GPT2|HDC|IGSF10|ISCU|KYAT1|KYAT3|KYNU|MOCOS|NFS1|OAT|ODC1|P2RX1|P2RX2|P2RX3|P2RX4|P2RX5|P2RX6|PDXK|PDXP|PHYKPL|PLPBP|PNPO|PRKCG|PSAT1|PTGS1|PTPRB|PYGB|PYGL|PYGM|SCLY|SDS|SDSL|SEPSECS|SGPL1|SHMT1|SHMT2|SPTLC1|SPTLC2|SPTLC3|SRR|TAT|THNSL1|THNSL2,69,AADAT|ABAT|AGXT|AGXT2|ALAS1|ALAS2|AZIN2|BCAT1|BCAT2|CBS|CSAD|CTH|DDC|F2|GAD1|GAD2|GAD65|GADL1|GCAT|GLDC|GOT1|GOT2|GPT|GPT2|HDC|IGSF10|KYAT1|KYAT3|KYNU|MOCOS|NFS1|OAT|ODC1|PDXP|PHYKPL|PLPBP|PNPO|PSAT1|PYGB|PYGL|PYGM|SCLY|SDS|SDSL|SEPSECS|SGPL1|SHMT1|SHMT2|SPTLC1|SPTLC2|SPTLC3|SRR|TAT,53,4.9368464469537345,5.0,69,A11HA06,AADAT|ABAT|AGXT|AGXT2|ALAS1|ALAS2|AZIN2|BCAT1|BCAT2|CBS|CSAD|CTH|DDC|F2|GAD1|GAD2|GAD65|GADL1|GCAT|GLDC|GOT1|GOT2|GPT|GPT2|HDC|IGSF10|KYAT1|KYAT3|KYNU|MOCOS|NFS1|OAT|ODC1|PDXP|PHYKPL|PLPBP|PNPO|PSAT1|PYGB|PYGL|PYGM|SCLY|SDS|SDSL|SEPSECS|SGPL1|SHMT1|SHMT2|SPTLC1|SPTLC2|SPTLC3|SRR|TAT,53
NHXLMOGPVYXJNR-ATOGVRKGSA-N,NHXLMOGPVYXJNR,NHXLMOGPVYXJNR-ATOGVRKGSA-N,DB09099,Somatostatin,full_inchikey,ABCB1|ABCC3|ABCC4|ACKR3|ADORA1|ADORA2A|ADORA2B|ADRA1A|ADRA1B|ADRA1D|ADRA2A|ADRA2C|ADRB1|ADRB2|ADRB3|AGTR1|AGTR2|APLNR|AVPR1A|AVPR1B|AVPR2|BDKRB1|BRS3|CCKAR|CCKBR|CCR1|CCR3|CCR4|CCR5|CCR9|CNR1|CNR2|CXCR4|CXCR6|CYP3A4|DRD2|DRD3|DRD4|DRD5|EDNRA|EDNRB|FFAR4|GALR1|GALR2|GALR3|GHSR|GNRHR|GPR119|GPR12|GPR135|GPR139|GPR142|GPR148|GPR150|GPR151|GPR161|GPR173|GPR176|GPR19|GPR22|GPR26|GPR27|GPR3|GPR37|GPR37L1|GPR39|GPR45|GPR52|GPR6|GPR61|GPR62|GPR63|GPR65|GPR78|GPR83|GPR84|GPR85|GPR88|GRPR|HCRTR1|HCRTR2|HRH2|HRH3|HRH4|HTR1A|HTR1B|HTR1E|HTR1F|HTR2B|HTR2C|HTR4|HTR5A|HTR6|HTR7|KISS1R|LPAR1|LPAR2|LPAR3|LSP1|LTB4R|LTB4R2|MC1R|MC2R|MC3R|MC4R|MC5R|MCHR1|MCHR2|MLNR|NMBR|NMUR1|NMUR2|NPBWR2|NPFFR1|NPFFR2|NPSR1|NPY1R|NPY2R|NPY4R|NPY5R|NTSR1|NTSR2|OPN1LW|OPN1MW2|OPN1SW|OPN3|OPN4|OPN5|OPRD1|OPRK1|OPRL1|OPRM1|OXTR|PRLHR|PROKR1|PROKR2|PTGDR|PTGER1|PTGER2|PTGER3|PTGER4|PTGFR|PTGIR|QRFPR|RGR|RHO|RRH|RXFP3|RXFP4|SLC6A2|SSTR1|SSTR2|SSTR3|SSTR4|SSTR5|TAAR1|TAAR2|TAAR5|TAAR6|TAAR8|TBXA2R|TMIGD3|TRHR|UTS2R,164,OPRD1|OPRM1|SSTR1|SSTR2|SSTR3|SSTR4|SSTR5,7,6.901704271872201,7.164784544961002,164,H01CB01,OPRD1|OPRM1|SSTR1|SSTR2|SSTR3|SSTR4|SSTR5,7
NIJJYAXOARWZEE-UHFFFAOYSA-N,NIJJYAXOARWZEE,NIJJYAXOARWZEE-UHFFFAOYSA-N,DB00313,Valproic acid,full_inchikey,ABAT|ABCB11|ACADSB|ADRA1A|AKR1A1|ALB|ALDH5A1|CD274|CDKN1A|CES1|CES2|CHRM1|CHRM3|CYP1A2|CYP2A6|CYP2B6|CYP2C19|CYP2C9|CYP3A4|CYP3A5|DRD3|F2|F3|GSK3A|HDAC1|HDAC2|HDAC3|HDAC4|HDAC5|HDAC6|HDAC7|HDAC8|HDAC9|HGF|HRH1|ODC1|OGDH|PPARA|PPARD|PPARG|PTGS1|SCN1A|SIRT5|SLC16A1|SLC22A5|SLC22A6|SLC22A7|SLC22A8|SLC6A3|SLCO2B1|UGT1A1|UGT1A10|UGT1A3|UGT1A4|UGT1A6|UGT1A8|UGT1A9|UGT2B15|UGT2B7,59,ABAT|ACADSB|ALDH5A1|CD274|CDKN1A|GSK3A|HDAC1|HDAC2|HDAC9|HGF|ODC1|OGDH|PPARA|PPARD|PPARG|SCN1A,16,3.962922108193092,3.860818720037877,59,N03AG01,ABAT|ACADSB|ALDH5A1|CD274|CDKN1A|GSK3A|HDAC1|HDAC2|HDAC9|HGF|ODC1|OGDH|PPARA|PPARD|PPARG|SCN1A,16
NKANXQFJJICGDU-QPLCGJKRSA-N,NKANXQFJJICGDU,NKANXQFJJICGDU-QPLCGJKRSA-N,DB00675,Tamoxifen,full_inchikey,ABCA1|ABCB1|ABCB11|ABCC2|ABCC3|ABCC4|ABCG2|ACHE|ADORA1|ADORA2A|ADORA3|ADRA1D|ADRA2A|ADRA2B|ADRB1|ADRB2|ADRB3|ALB|AR|ATXN2|BAZ2B|BDKRB2|CASP3|CASP7|CBX1|CES1|CHRM1|CHRM2|CHRM3|CHRM4|CHRM5|CYP19A1|CYP1A1|CYP1A2|CYP1B1|CYP2A6|CYP2B6|CYP2C19|CYP2C8|CYP2C9|CYP2D6|CYP2E1|CYP3A4|CYP3A5|CYP3A7|DHCR7|DRD1|DRD2|DRD3|DRD4|EBP|EBPL|EGFR|ERBB2|ESR1|ESR2|ESRRA|ESRRG|FMO1|FMO3|FYN|GBA1|GLI3|GMNN|HRH2|HTR2A|HTR2B|HTR2C|HTR6|IDH1|IFNB1|IFNG|JUN|KCNH2|LCK|MAPK8|MC3R|MC4R|MC5R|NR1I2|NR3C1|NSD2|OPRD1|OPRK1|OPRM1|PGR|PLD1|PPARD|PPP3CA|PRKCA|PRKCB|PRKCD|PRKCE|PRKCG|PRKCH|PRKCI|PRKCQ|PRKCZ|PRKD1|PRKD3|PTGS1|PTGS2|RARA|SERPINA7|SHBG|SIGMAR1|SLC6A2|SLC6A3|SLC6A4|SMAD2|SMAD3|SULT1A1|SULT1E1|SULT2A1|SYK|TACR1|TACR2|TBXAS1|TP53|TRHR|TSHR|UBE2N|UGT1A10|UGT2B17|UGT2B7,125,AR|EBP|ESR1|ESR2|ESRRG|KCNH2|MAPK8|NR1I2|PRKCA|SHBG,10,5.318199542982089,5.177024036561142,125,L02BA01,AR|EBP|ESR1|ESR2|ESRRG|KCNH2|MAPK8|NR1I2|PRKCA|SHBG,10
NLTUCYMLOPLUHL-KQYNXXCUSA-N,NLTUCYMLOPLUHL,NLTUCYMLOPLUHL-KQYNXXCUSA-N,DB02930,Adenosine 5'-[gamma-thio]triphosphate,full_inchikey,BCKDK|BST1|P2RX1|P2RX2|P2RX3|P2RX4|P2RX5|P2RX6|P2RY1|P2RY11|P2RY12|P2RY13|P2RY2|PFKFB1|PMS2|PPAN-P2RY11|SYN1,17,BCKDK|BST1|PFKFB1|PMS2|SYN1,5,6.022662270121331,5.961405615588799,17,,BCKDK|BST1|PFKFB1|PMS2|SYN1,5
NNJVILVZKWQKPM-UHFFFAOYSA-N,NNJVILVZKWQKPM,NNJVILVZKWQKPM-UHFFFAOYSA-N,DB00281,Lidocaine,full_inchikey,ABCB1|ABCC3|ABCC4|ALB|CYP1A2|CYP2A6|CYP2B6|CYP2C8|CYP2C9|CYP2D6|CYP3A4|CYP3A5|CYP3A7|EGFR|KCNA5|KCNH2|KCNK2|LTF|MELTF|ORM1|ORM2|SCN10A|SCN11A|SCN1A|SCN2A|SCN3A|SCN4A|SCN5A|SCN7A|SCN8A|SCN9A|SLC22A5|SLC47A1|TF,34,EGFR|ORM1|ORM2|SCN10A|SCN11A|SCN4A|SCN5A|SCN9A,8,4.614566325140651,3.876148359032914,34,C01BB01|C05AD01|D04AB01|N01BB02|N01BB52|R02AD02|S01HA07|S02DA01,EGFR|ORM1|ORM2|SCN10A|SCN11A|SCN4A|SCN5A|SCN9A,8
NOOLISFMXDJSKH-KXUCPTDWSA-N,NOOLISFMXDJSKH,NOOLISFMXDJSKH-KXUCPTDWSA-N,DB00825,Levomenthol,full_inchikey,ADRB2|CACNA1C|CASP3|CASP7|CYP3A4|GLI3|NR1I2|OPRK1|TRPA1|TRPM8|TRPV3,11,CACNA1C|OPRK1|TRPA1|TRPM8|TRPV3,5,5.049095563275091,4.508032118096444,11,,CACNA1C|OPRK1|TRPA1|TRPM8|TRPV3,5
NTYJJOPFIAHURM-UHFFFAOYSA-N,NTYJJOPFIAHURM,NTYJJOPFIAHURM-UHFFFAOYSA-N,DB05381,Histamine,full_inchikey,ACKR3|ACR|ADORA1|ADORA2A|ADORA2B|ADRA1A|ADRA1B|ADRA1D|ADRA2A|ADRA2C|ADRB1|ADRB2|ADRB3|AGTR1|AGTR2|APLNR|ARNT|AVPR1A|AVPR1B|AVPR2|AZU1|BDKRB1|BRS3|C1RL|C1S|C2|CA1|CA13|CA14|CA4|CA5A|CA5B|CA6|CA7|CCKAR|CCKBR|CCR1|CCR3|CCR4|CCR5|CCR9|CELA1|CELA2A|CELA2B|CELA3A|CELA3B|CFB|CFD|CFI|CMA1|CNR1|CNR2|CORIN|CTRB1|CTRB2|CTRC|CTRL|CTSG|CXCR4|CXCR6|DRD2|DRD3|DRD4|DRD5|EDNRA|EDNRB|ELANE|F10|F11|F12|F2|F7|F9|FFAR4|GALR1|GALR2|GALR3|GHSR|GNRHR|GPR119|GPR12|GPR135|GPR139|GPR142|GPR148|GPR150|GPR151|GPR161|GPR173|GPR176|GPR19|GPR22|GPR26|GPR27|GPR3|GPR37|GPR37L1|GPR39|GPR45|GPR52|GPR6|GPR61|GPR62|GPR63|GPR65|GPR78|GPR83|GPR84|GPR85|GPR88|GRPR|GZMA|GZMB|GZMH|GZMK|GZMM|HABP2|HCRTR1|HCRTR2|HGF|HGFAC|HNMT|HP|HPN|HPR|HRH1|HRH2|HRH3|HRH4|HTR1A|HTR1B|HTR1E|HTR1F|HTR2B|HTR2C|HTR4|HTR5A|HTR6|HTR7|KISS1R|KLK1|KLK10|KLK11|KLK12|KLK13|KLK14|KLK15|KLK2|KLK3|KLK4|KLK5|KLK6|KLK7|KLK8|KLKB1|LMNA|LPA|LPAR1|LPAR2|LPAR3|LSP1|LTB4R|LTB4R2|MASP1|MASP2|MC1R|MC2R|MC3R|MC4R|MC5R|MCHR1|MCHR2|MIF|MLNR|MST1|NMBR|NMUR1|NMUR2|NPBWR2|NPFFR1|NPFFR2|NPSR1|NPY1R|NPY2R|NPY4R|NPY5R|NTSR1|NTSR2|OPN1LW|OPN1MW2|OPN1SW|OPN3|OPN4|OPN5|OPRD1|OPRK1|OPRL1|OPRM1|OVCH1|OXTR|PLAT|PLAU|PLG|PRLHR|PROC|PROKR1|PROKR2|PROZ|PRSS1|PRSS12|PRSS21|PRSS22|PRSS27|PRSS3|PRSS33|PRSS36|PRSS37|PRSS38|PRSS48|PRSS50|PRSS53|PRSS54|PRSS55|PRSS57|PRSS58|PRSS8|PRTN3|PTGDR|PTGER1|PTGER2|PTGER3|PTGER4|PTGFR|PTGIR|QPCT|QRFPR|RGR|RHO|RRH|RXFP3|RXFP4|SLC18A2|SLC22A1|SLC22A2|SLC22A3|SLC22A5|SSTR1|SSTR2|SSTR4|SSTR5|ST14|SYK|TAAR1|TAAR2|TAAR5|TAAR6|TAAR8|TACC3|TBXA2R|TMIGD3|TMPRSS11A|TMPRSS11B|TMPRSS11D|TMPRSS11E|TMPRSS11F|TMPRSS12|TMPRSS13|TMPRSS15|TMPRSS2|TMPRSS4|TMPRSS5|TMPRSS6|TMPRSS7|TPSAB1|TPSD1|TPSG1|TRHR|USP1|UTS2R,279,HRH1|HRH2|HRH3|HRH4|SLC18A2,5,5.493109400916362,5.424694799972343,279,L03AX14|V04CG03,HRH1|HRH2|HRH3|HRH4|SLC18A2,5
NUKYPUAOHBNCPY-UHFFFAOYSA-N,NUKYPUAOHBNCPY,NUKYPUAOHBNCPY-UHFFFAOYSA-N,DB06637,Dalfampridine,full_inchikey,ACR|AZU1|C1RL|C1S|C2|CELA1|CELA2A|CELA2B|CELA3A|CELA3B|CFB|CFD|CFI|CMA1|CORIN|CTRB1|CTRB2|CTRC|CTRL|CTSG|CYP2D6|CYP2E1|ELANE|F10|F11|F12|F2|F7|F9|GZMA|GZMB|GZMH|GZMK|GZMM|HABP2|HGF|HGFAC|HP|HPN|HPR|KCNA1|KCNA10|KCNA2|KCNA3|KCNA4|KCNA5|KCNA6|KCNA7|KCNB1|KCNB2|KCNC1|KCNC2|KCNC3|KCNC4|KCND1|KCND2|KCND3|KCNF1|KCNG1|KCNG2|KCNG3|KCNG4|KCNH1|KCNH2|KCNH3|KCNH4|KCNH5|KCNH6|KCNH7|KCNH8|KCNK2|KCNQ1|KCNQ2|KCNQ3|KCNQ4|KCNQ5|KCNS1|KCNS2|KCNS3|KCNV1|KCNV2|KLK1|KLK10|KLK11|KLK12|KLK13|KLK14|KLK15|KLK2|KLK3|KLK4|KLK5|KLK6|KLK7|KLK8|KLKB1|LPA|MASP1|MASP2|MST1|OVCH1|PLAT|PLAU|PLG|PROC|PROZ|PRSS1|PRSS12|PRSS21|PRSS22|PRSS27|PRSS3|PRSS33|PRSS36|PRSS37|PRSS38|PRSS48|PRSS50|PRSS53|PRSS54|PRSS55|PRSS57|PRSS58|PRSS8|PRTN3|SLC22A2|ST14|TMPRSS11A|TMPRSS11B|TMPRSS11D|TMPRSS11E|TMPRSS11F|TMPRSS12|TMPRSS13|TMPRSS15|TMPRSS2|TMPRSS4|TMPRSS5|TMPRSS6|TMPRSS7|TPSAB1|TPSD1|TPSG1,143,KCNA1|KCNA10|KCNA2|KCNA3|KCNA4|KCNA5|KCNA6|KCNA7|KCNB1|KCNB2|KCNC1|KCNC2|KCNC3|KCND1|KCND2|KCND3,16,7.780112890937992,8.39254497678533,143,N07XX07,KCNA1|KCNA10|KCNA2|KCNA3|KCNA4|KCNA5|KCNA6|KCNA7|KCNB1|KCNB2|KCNC1|KCNC2|KCNC3|KCND1|KCND2|KCND3,16
NZWOPGCLSHLLPA-UHFFFAOYSA-N,NZWOPGCLSHLLPA,NZWOPGCLSHLLPA-UHFFFAOYSA-N,DB06709,Methacholine,full_inchikey,CHRM1|CHRM2|CHRM3|CHRM4|CHRM5|GALR3|HRH1|MCHR1|MCHR2|SLC22A5|TBXA2R,11,CHRM1|CHRM2|CHRM3|CHRM4|CHRM5,5,6.1902692813049605,6.066394595792607,11,V04CX03,CHRM1|CHRM2|CHRM3|CHRM4|CHRM5,5
ODHCTXKNWHHXJC-VKHMYHEASA-N,ODHCTXKNWHHXJC,ODHCTXKNWHHXJC-VKHMYHEASA-N,DB03088,Pidolic acid,full_inchikey,ACO1|ACO2|ADAM28|AKR7A2|AKR7A3|ALDH18A1|AMY1B|AMY2A|AMY2B|ANG|AZGP1|BACE1|BACE2|CACNA1H|CACNA1I|CATSPER4|CCL8|CD47|CHDH|CP|CTSD|CTSE|CYCS|DLG1|EPCAM|F3|GGACT|HCRT|HEPH|HEPHL1|IGLL5|IL13|IREB2|KCNA1|KCNA10|KCNA2|KCNA3|KCNA4|KCNA5|KCNA6|KCNA7|KCNAB1|KCNAB2|KCNAB3|KCNB1|KCNB2|KCNC1|KCNC2|KCNC3|KCNC4|KCND1|KCND2|KCND3|KCNF1|KCNG1|KCNG2|KCNG3|KCNG4|KCNK1|KCNK10|KCNK16|KCNK17|KCNK18|KCNK2|KCNK4|KCNK5|KCNK6|KCNK7|KCNQ1|KCNQ2|KCNQ3|KCNQ4|KCNQ5|KCNS1|KCNS2|KCNS3|KCNV1|KCNV2|KRTAP5-2|MSLN|NAPSA|ORM1|PGA3|PGA4|PGA5|PGC|PIP|REN|RLN2|SCN1A|SCN2A|SCN4A|SIRPA|SIRPB1|SORT1|SYK|TFF2|VEGFA,98,ADAM28|AMY2A|AMY2B|CCL8|HCRT|IGLC1|IGLV2-8|KRTAP5-2|TFF2|VEGFA,10,8.823908740944319,8.823908740944319,98,A12CC08,ADAM28|AMY2A|AMY2B|CCL8|HCRT|IGLC1|IGLV2-8|KRTAP5-2|TFF2|VEGFA,10
ODKSFYDXXFIFQN-BYPYZUCNSA-N,ODKSFYDXXFIFQN,ODKSFYDXXFIFQN-BYPYZUCNSA-N,DB00125,Arginine,full_inchikey,ACR|AGMAT|ANPEP|AOPEP|ARG1|ARG2|ASL|ASS1|AZIN2|AZU1|BICD2|C1RL|C1S|C2|CELA1|CELA2A|CELA2B|CELA3A|CELA3B|CFB|CFD|CFI|CMA1|CORIN|CPB2|CTRB1|CTRB2|CTRC|CTRL|CTSG|CYP3A4|ELANE|ELOB|ELOC|ENOSF1|ENPEP|ERAP1|ERAP2|F10|F11|F12|F2|F7|F9|GAA|GANAB|GANC|GATM|GLB1|GLB1L|GLB1L3|GPRC6A|GZMA|GZMB|GZMH|GZMK|GZMM|HABP2|HGF|HGFAC|HP|HPN|HPR|KLK1|KLK10|KLK11|KLK12|KLK13|KLK14|KLK15|KLK2|KLK3|KLK4|KLK5|KLK6|KLK7|KLK8|KLKB1|LNPEP|LPA|LTA4H|LVRN|LYZ|MASP1|MASP2|MGAM|MGAM2|MST1|MYORG|NAGS|NOS1|NOS2|NOS3|NPEPPS|OTC|OVCH1|PLAT|PLAU|PLG|PROC|PROZ|PRSS1|PRSS12|PRSS21|PRSS22|PRSS27|PRSS3|PRSS33|PRSS36|PRSS37|PRSS38|PRSS48|PRSS50|PRSS53|PRSS54|PRSS55|PRSS57|PRSS58|PRSS8|PRTN3|PVR|RARS1|RNPEP|RNPEPL1|SI|SLC12A1|SLC12A2|SLC12A3|SLC12A5|SLC12A6|SLC12A7|SLC12A8|SLC12A9|SLC16A10|SLC22A4|SLC22A5|SLC7A1|SLC7A10|SLC7A11|SLC7A13|SLC7A14|SLC7A2|SLC7A3|SLC7A4|SLC7A5|SLC7A6|SLC7A7|SLC7A8|SLC7A9|ST14|TMPRSS11A|TMPRSS11B|TMPRSS11D|TMPRSS11E|TMPRSS11F|TMPRSS12|TMPRSS13|TMPRSS15|TMPRSS2|TMPRSS4|TMPRSS5|TMPRSS6|TMPRSS7|TPSAB1|TPSD1|TPSG1|TRHDE|VHL,168,ARG2|ASL|ASS1|AZIN2|NOS2|NOS3|SLC7A1|SLC7A3|SLC7A4,9,5.677427159201637,5.557022288329812,168,B05XB01|V03AF11,ARG2|ASL|ASS1|AZIN2|NOS2|NOS3|SLC7A1|SLC7A3|SLC7A4,9
OEYIOHPDSNJKLS-UHFFFAOYSA-N,OEYIOHPDSNJKLS,OEYIOHPDSNJKLS-UHFFFAOYSA-N,DB00122,Choline,full_inchikey,ACHE|BCHE|CEPT1|CHAT|CHDH|CHKA|CHKB|CHRNA1|CHRNA2|CHRNA3|CHRNA4|CHRNA6|CHRNA7|CHRNB2|CHRNB4|CHRND|ETNK1|ETNK2|LYZ|PCYT1A|PCYT1B|PHOSPHO1|PLD1|PLD2|SLC22A1|SLC22A2|SLC22A3|SLC22A4|SLC22A5|SLC44A1|SLC44A2|SLC44A3|SLC44A4|SLC5A12|SLC5A5|SLC5A6|SLC5A7|SLC5A8,38,ACHE|BCHE|CHRNA2|CHRNA7|PCYT1A|PCYT1B|PHOSPHO1|PLD1|PLD2,9,3.8379509802945653,3.8379509802945653,38,,ACHE|BCHE|CHRNA2|CHRNA7|PCYT1A|PCYT1B|PHOSPHO1|PLD1|PLD2,9
OFBIFZUFASYYRE-UHFFFAOYSA-N,OFBIFZUFASYYRE,OFBIFZUFASYYRE-UHFFFAOYSA-N,DB01205,Flumazenil,full_inchikey,ABCB11|ABCC3|ABCC4|CYP2C19|CYP2C9|GABRA1|GABRA2|GABRA3|GABRA4|GABRA5|GABRA6|GABRB1|GABRB2|GABRB3|GABRD|GABRE|GABRG1|GABRG2|GABRG3|GABRP|GABRQ|GABRR1|GABRR2|PGR|TSPO,25,GABRA1|GABRA2|GABRA3|GABRA5|GABRG2|GABRG3|TSPO,7,7.492342349249094,8.520156064647875,25,V03AB25,GABRA1|GABRA2|GABRA3|GABRA5|GABRG2|GABRG3|TSPO,7
OHCQJHSOBUTRHG-KGGHGJDLSA-N,OHCQJHSOBUTRHG,OHCQJHSOBUTRHG-KGGHGJDLSA-N,DB02587,Colforsin,full_inchikey,ABCB1|ADCY1|ADCY2|ADCY3|ADCY4|ADCY5|ADCY6|ADCY7|ADCY8|ADCY9|ADRA1A|ADRA2A|ADRB2|AHR|AR|ATAD5|CFTR|CHRM2|CREB1|CREBBP|CYP19A1|CYP2C19|CYP2D6|CYP3A4|CYP3A7|DRD2|ESR1|ESRRA|GLI3|GLP1R|GNAL|GNAS|GNRHR|GUCY1A1|GUCY1A2|GUCY1B1|GUCY2C|GUCY2D|GUCY2F|HTR1A|KCNMA1|MAPK1|MUC2|NPR1|NPR2|NPR3|NR0B1|NR1I2|NR5A1|NSD2|RXFP1|RXFP2|RXRA|SERPINE1|SLC2A1|TSHR,56,ADCY1|ADCY2|ADCY5|CFTR|CREBBP|GNAS|KCNMA1|MAPK1|MUC2|SERPINE1,10,5.787825896264856,5.653772956682305,56,,ADCY1|ADCY2|ADCY5|CFTR|CREBBP|GNAS|KCNMA1|MAPK1|MUC2|SERPINE1,10
OINNEUNVOZHBOX-UHFFFAOYSA-N,OINNEUNVOZHBOX,OINNEUNVOZHBOX-UHFFFAOYSA-N,DB07841,Geranylgeranyl diphosphate,full_inchikey,ETFDH|FDPS|FNTA|FNTB|GGPS1|PDSS1|PDSS2|PGGT1B|RABGGTA|RABGGTB|RUSC1,11,FDPS|FNTA|FNTB|GGPS1|PGGT1B|RABGGTA|RABGGTB,7,,,11,,FDPS|FNTA|FNTB|GGPS1|PGGT1B|RABGGTA|RABGGTB,7
ONIBWKKTOPOVIA-BYPYZUCNSA-N,ONIBWKKTOPOVIA,ONIBWKKTOPOVIA-BYPYZUCNSA-N,DB00172,Proline,full_inchikey,ABHD10|ABHD11|ABHD14A|ABHD14B|ABHD4|ABHD5|ACE|ACP2|ACP3|ACP4|ALDH16A1|ALDH1A1|ALDH1A2|ALDH1A3|ALDH1B1|ALDH1L1|ALDH1L2|ALDH2|ALDH3A1|ALDH3A2|ALDH3B2|ALDH4A1|ALDH5A1|ALDH7A1|ALDH8A1|ALDH9A1|ARR3|ARRB1|ARRB2|ATG7|CNBD2|CWC27|DAO|DDO|DMGDH|ENOSF1|EPHX1|EPRS1|FANCL|GET4|IFFO2|L3HYPDH|LIPA|LIPF|LIPJ|LIPK|LIPM|LIPN|LYZ|MOCS3|NAE1|NEDD8|NKTR|NOXRED1|OAS1|OAS2|OAS3|OASL|P3H1|P3H2|P3H3|P4HA1|P4HA2|PARS2|PEPD|PIN1|PIPOX|PLPBP|PNPLA6|PNPLA7|PPIA|PPIAL4D|PPIAL4F|PPIAL4G|PPIB|PPIC|PPID|PPIE|PPIF|PPIG|PPIH|PPIL1|PPIL3|PPIL4|PPIL6|PPME1|PREP|PRKAR1A|PRKAR1B|PRKAR2A|PRKAR2B|PRODH|PRODH2|PVR|PYCR1|PYCR2|PYCR3|RAD23A|RAD23B|RANBP2|RPS27A|SAE1|SAG|SERHL2|SLC16A10|SLC36A1|SLC6A14|SLC6A7|UBA1|UBA2|UBA3|UBA5|UBA52|UBA6|UBA7|UBB|UBC|UBD|UBL4A|UBL4B|UBQLN1|UBQLN2|UBQLN4|UBQLNL|XPNPEP1|XPNPEP2|XPNPEP3|ZFAND4,128,EPRS1|L3HYPDH|P3H1|P3H2|P3H3|P4HA1|P4HA2|P5CR2|PARS2|PLPBP|PPIA|PPIB|PPIC|PPIF|PPIG|PPIH|PRODH|PYCR1|PYCR2|PYCR3|SLC6A14|SLC6A7,22,3.431815395861146,3.431815395861146,128,,EPRS1|L3HYPDH|P3H1|P3H2|P3H3|P4HA1|P4HA2|P5CR2|PARS2|PLPBP|PPIA|PPIB|PPIC|PPIF|PPIG|PPIH|PRODH|PYCR1|PYCR2|PYCR3|SLC6A14|SLC6A7,22
OVBPIULPVIDEAO-LBPRGKRZSA-N,OVBPIULPVIDEAO,OVBPIULPVIDEAO-LBPRGKRZSA-N,DB00158,Folic acid,full_inchikey,ABCC11|ABCC3|ABCC4|ABCG2|AKR1B1|CYP2C19|DHFR|ESR1|FOLR1|FOLR2|FOLR3|GGH|MTHFD1|MTHFD1L|MTHFR|SLC19A1|SLC22A6|SLC25A32|SLC46A1|TYMS,20,FOLR1|FOLR2|FOLR3|SLC19A1|SLC46A1,5,4.479086857997007,4.477532781740736,20,B03AD01|B03AD02|B03AD03|B03AD04|B03AD05|B03AE01|B03AE02|B03BB01|B03BB51|V04CX02,FOLR1|FOLR2|FOLR3|SLC19A1|SLC46A1,5
OVRNDRQMDRJTHS-PVFLNQBWSA-N,OVRNDRQMDRJTHS,OVRNDRQMDRJTHS-PVFLNQBWSA-N,DB03740,N-acetyl-alpha-D-glucosamine,full_inchikey,ABCB1|ABCB10|ABCB4|ABCB5|ABCB8|ABCB9|ABCC1|ABCC10|ABCC11|ABCC12|ABCC3|ABCC5|ABCC6|ABCC8|ABCC9|ACE|ACHE|ACKR3|ACP3|ACR|ACVR2A|ACVR2B|ADA|ADA2|ADAMTS13|ADORA1|ADORA2A|ADORA2B|ADRA1A|ADRA1B|ADRA1D|ADRA2A|ADRA2C|ADRB1|ADRB2|ADRB3|AGBL1|AGBL3|AGBL4|AGBL5|AGTPBP1|AGTR1|AGTR2|AMHR2|AMPD1|AMPD2|AMPD3|AMY1A|AMY1B|AMY1C|AMY2A|AMY2B|ANGPT2|AOC3|APLNR|APOH|ARSA|AVPR1A|AVPR1B|AVPR2|AZGP1|AZU1|B3GAT1|BCHE|BDKRB1|BMP2|BMP7|BMPR2|BRS3|C1RL|C1S|C2|C3|CCKAR|CCKBR|CCR1|CCR3|CCR4|CCR5|CCR9|CD1D|CD4|CD8A|CELA1|CELA2A|CELA2B|CELA3A|CELA3B|CES1|CETP|CFB|CFD|CFI|CFTR|CGA|CHI3L1|CHI3L2|CHIA|CHIT1|CHL1|CLC|CLEC4M|CMA1|CNR1|CNR2|CNTN1|CNTN2|CNTN3|CNTN4|CNTN5|CNTN6|CORIN|CP|CPA1|CPA2|CPA3|CPA4|CPA6|CPB1|CPB2|CPO|CR2|CSF2RB|CTRB1|CTRB2|CTRC|CTRL|CTSA|CTSG|CTSL|CXCR4|CXCR6|DNASE1|DNASE1L1|DNASE1L2|DPP4|DPP6|DRD2|DRD3|DRD4|DRD5|EDNRA|EDNRB|EGFR|ELANE|EPHA2|EPX|ERBB2|ERBB3|ERBB4|F11|F12|F2|F5|F8|FAP|FBXO2|FBXO44|FBXO6|FCAR|FCER1A|FCGR2A|FCGRT|FFAR4|FGB|FGG|FOLH1|FSHB|FURIN|GALR1|GALR2|GALR3|GBA1|GHSR|GNRHR|GPR119|GPR12|GPR135|GPR139|GPR142|GPR148|GPR150|GPR151|GPR161|GPR173|GPR176|GPR19|GPR22|GPR26|GPR27|GPR3|GPR37|GPR37L1|GPR39|GPR45|GPR52|GPR6|GPR61|GPR62|GPR63|GPR65|GPR78|GPR83|GPR84|GPR85|GPR88|GRPR|GUSB|GZMA|GZMB|GZMH|GZMK|GZMM|HABP2|HCRTR1|HCRTR2|HDHD2|HDHD5|HEPH|HEPHL1|HEXA|HEXB|HGFAC|HLA-A|HLA-B|HLA-C|HLA-DMA|HLA-DOB|HLA-DPB1|HLA-DQA1|HLA-DQA2|HLA-DQB1|HLA-DQB2|HLA-DRB1|HLA-DRB5|HLA-F|HLA-G|HP|HPN|HPR|HRH2|HRH3|HRH4|HTR1A|HTR1B|HTR1E|HTR1F|HTR2B|HTR2C|HTR4|HTR5A|HTR6|HTR7|ICAM1|IGF2R|IL17F|IL6R|ITGAV|ITGB2|KISS1R|KIT|KLK1|KLK10|KLK11|KLK12|KLK13|KLK14|KLK15|KLK2|KLK3|KLK4|KLK5|KLK6|KLK7|KLK8|KLKB1|LCN2|LGALS1|LGALS12|LGALS13|LGALS14|LGALS16|LGALS2|LGALS3|LGALS4|LGALS7|LGALS7B|LGALS8|LGALS9|LGALS9B|LGALS9C|LGALSL|LHPP|LPAR1|LPAR2|LPAR3|LPO|LSP1|LTB4R|LTB4R2|LTF|LUM|LY86|LY96|LYZ|MADCAM1|MAN1A1|MAN1A2|MAN1B1|MAN1C1|MAN2A1|MAN2A2|MAN2B1|MAN2B2|MAPDA|MASP1|MASP2|MBTPS1|MC1R|MC2R|MC3R|MC4R|MC5R|MCHR1|MCHR2|MELTF|MINPP1|MLNR|MPO|MR1|MRPL38|NAGK|NAGLU|NCAM2|NFASC|NGF|NMBR|NMUR1|NMUR2|NPBWR2|NPFFR1|NPFFR2|NPR3|NPSR1|NPY1R|NPY2R|NPY4R|NPY5R|NRCAM|NTRK1|NTSR1|NTSR2|OGA|OPN1LW|OPN1MW2|OPN1SW|OPN3|OPN4|OPN5|OPRD1|OPRK1|OPRL1|OPRM1|OVCH1|OVGP1|OXTR|PCSK1|PCSK2|PCSK4|PCSK5|PCSK7|PCSK9|PDGFB|PDGFRB|PDXP|PEBP1|PEBP4|PGP|PIP|PLAT|PLAU|PLAUR|PLXNC1|PPT1|PPT2|PRLHR|PROCR|PROKR1|PROKR2|PROZ|PRSS1|PRSS12|PRSS21|PRSS22|PRSS27|PRSS3|PRSS33|PRSS36|PRSS37|PRSS38|PRSS48|PRSS50|PRSS53|PRSS54|PRSS55|PRSS57|PRSS58|PRSS8|PRTN3|PTGDR|PTGER1|PTGER2|PTGER3|PTGER4|PTGFR|PTGIR|PTGS1|PTGS2|PTPRM|PXDN|PXDNL|QRFPR|REG1A|REN|RGR|RHO|RRH|RSPO1|RSPO3|RSPO4|RTN4R|RTN4RL1|RTN4RL2|RXFP3|RXFP4|SEMA7A|SERPINA5|SERPINC1|SERPIND1|SERPINE1|SIGLEC7|SLC3A1|SLC3A2|SSTR1|SSTR2|SSTR4|SSTR5|ST14|TAAR1|TAAR2|TAAR5|TAAR6|TAAR8|TAP1|TBXA2R|TEK|TF|TGFBR2|THBD|TLR3|TLR4|TMIGD3|TMPRSS11A|TMPRSS11B|TMPRSS11D|TMPRSS11E|TMPRSS11F|TMPRSS12|TMPRSS13|TMPRSS15|TMPRSS2|TMPRSS4|TMPRSS5|TMPRSS6|TMPRSS7|TPO|TPP2|TPSAB1|TPSD1|TPSG1|TRHR|UTS2R,482,ACE|ACHE|GBA1|IGHG1|SIGLEC7,5,,,482,,ACE|ACHE|GBA1|IGHG1|SIGLEC7,5
OYPRJOBELJOOCE-UHFFFAOYSA-N,OYPRJOBELJOOCE,OYPRJOBELJOOCE-UHFFFAOYSA-N,DB01373,Calcium,full_inchikey,ADRA1A|ADRA1B|ADRA1D|ADRA2A|ADRA2B|ADRA2C|ADRB2|ALG2|ALOX5|ALPP|ANXA5|AOC1|ATP2C1|BMP4|CACNA1C|CACNA2D4|CACNB3|CALM1|CASR|CHRNA7|CHRNB2|COMP|CP|CXCL10|CXCL2|CXCL5|CXCL8|CXCL9|CXCR1|CXCR2|CXCR3|CYSLTR1|CYSLTR2|DNAJB11|DNAJC3|DRD2|ESRRG|F2RL3|F8|GABBR1|GABBR2|GPBAR1|HRH1|HRH4|HSPA5|ITGB1BP2|ITIH1|ITIH2|MARCO|MGP|OCLN|OR1D2|P2RX3|P2RY1|P2RY4|PCDH19|PDCD6|PRL|PRLR|RYR1|S100A13|S100A2|S100A8|S100A9|S100B|SEC61A1|SOD1|SPTBN1|SUGT1|TJP1|TNFAIP6|TNNC1|TNNC2|TRPM8|TRPV1|UMOD,76,ALPP|AOC1|ATP2C1|BMP4|CACNA1C|CALM1|CAST|COMP|CP|MGP|PCDH19|PDCD6|S100A13|S100A2|S100A8|S100A9|S100B|SPTBN1|TNNC1|TNNC2,20,,,76,A11AA02|A11GB01|M05BB01|M05BB02|M05BB04|M05BB05|M05BB08,ALPP|AOC1|ATP2C1|BMP4|CACNA1C|CALM1|CAST|COMP|CP|MGP|PCDH19|PDCD6|S100A13|S100A2|S100A8|S100A9|S100B|SPTBN1|TNNC1|TNNC2,20
PCCSBWNGDMYFCW-QFIPXVFZSA-N,PCCSBWNGDMYFCW,PCCSBWNGDMYFCW-QFIPXVFZSA-N,DB07778,(S)-famoxadone,full_inchikey,CYC1|MT-CYB|PMPCA|PMPCB|UQCR10|UQCR11|UQCRB|UQCRC1|UQCRC2|UQCRFS1|UQCRH|UQCRQ,12,CYC1|MT-CYB|UQCR10|UQCR11|UQCRB|UQCRC1|UQCRC2|UQCRFS1|UQCRH|UQCRQ,10,,,12,,CYC1|MT-CYB|UQCR10|UQCR11|UQCRB|UQCRC1|UQCRC2|UQCRFS1|UQCRH|UQCRQ,10
PEDCQBHIVMGVHV-UHFFFAOYSA-N,PEDCQBHIVMGVHV,PEDCQBHIVMGVHV-UHFFFAOYSA-N,DB09462,Glycerin,full_inchikey,AACS|AADAC|AADACL2|AADACL3|AADACL4|AADAT|AANAT|AASDHPPT|AASS|ABCB1|ABCB10|ABCB4|ABCB5|ABCB8|ABCB9|ABCC1|ABCC10|ABCC11|ABCC12|ABCC3|ABCC5|ABCC6|ABCC8|ABCC9|ABCF1|ABCF2-H2BK1|ABCF3|ABHD10|ABHD11|ABHD12|ABHD12B|ABHD13|ABHD14A|ABHD14A-ACY1|ABHD14B|ABHD17A|ABHD17B|ABHD17C|ABHD4|ABHD5|ABI2|ABL1|ACAA1|ACAA2|ACACB|ACAD10|ACAD11|ACAD8|ACAD9|ACADM|ACADS|ACADSB|ACADVL|ACAT1|ACAT2|ACCS|ACCSL|ACE|ACHE|ACKR1|ACLY|ACMSD|ACO1|ACOT1|ACOT11|ACOT12|ACOT13|ACOT2|ACOT4|ACOT6|ACOT7|ACOT8|ACOX1|ACOX2|ACOX3|ACOXL|ACP1|ACSF2|ACSF3|ACSM1|ACSM2A|ACSM2B|ACSM3|ACSM4|ACSM5|ACSS1|ACSS2|ACSS3|ACTA1|ACTA2|ACTBL2|ACTC1|ACTG2|ACTL6A|ACTL6B|ACTL7A|ACTL7B|ACTL8|ACTL9|ACTN1|ACTN2|ACTN4|ACTR10|ACTR1A|ACTR1B|ACTR2|ACTR3|ACTR3B|ACTR3C|ACTR8|ACTRT1|ACTRT2|ACTRT3|ACVR1|ACY1|ACYP1|ADA|ADAT2|ADAT3|ADCY1|ADCY10|ADCY2|ADCY3|ADCY4|ADCY5|ADCY6|ADCY7|ADCY8|ADCY9|ADD1|ADD2|ADD3|ADGRA1|ADGRA2|ADGRA3|ADGRB3|ADGRD1|ADGRE1|ADGRE2|ADGRE3|ADGRE5|ADGRF1|ADGRF3|ADGRF4|ADGRF5|ADGRG2|ADGRG3|ADGRG4|ADGRG5|ADGRG6|ADGRG7|ADGRL1|ADGRL2|ADGRL3|ADGRL4|ADH1A|ADH1B|ADH4|ADH5|ADH6|ADH7|ADHFE1|ADIPOQ|ADK|ADPRS|ADSL|ADSS1|ADSS2|AEBP1|AEBP2|AEN|AFM|AFMID|AFP|AGBL1|AGBL3|AGBL4|AGBL5|AGFG1|AGMAT|AGO1|AGO2|AGO3|AGO4|AGPS|AGT|AGTPBP1|AGXT|AHCY|AHCYL1|AHCYL2|AHSA1|AIFM1|AIFM3|AIMP1|AK1|AK2|AK3|AK4|AK5|AK7|AK8|AK9|AKR1A1|AKR1B1|AKR1B10|AKR1B15|AKR1C1|AKR1C2|AKR1C3|AKR1C4|AKR1D1|AKR1E2|AKR7A2|AKR7A3|AKT1|ALAD|ALB|ALDH16A1|ALDH1A1|ALDH1A2|ALDH1A3|ALDH1B1|ALDH1L1|ALDH1L2|ALDH2|ALDH3A1|ALDH3A2|ALDH3B2|ALDH4A1|ALDH5A1|ALDH7A1|ALDH8A1|ALDH9A1|ALG1|ALG11|ALG2|ALG5|ALK|ALKBH1|ALKBH2|ALKBH3|ALKBH5|ALKBH7|ALKBH8|ALOX15B|ALPP|ALX1|AMACR|AMBP|AMDHD1|AMDHD2|AMPH|AMT|AMY1A|AMY1B|AMY1C|AMY2A|AMY2B|ANG|ANK1|ANKRD45|ANP32A|ANPEP|ANTKMT|AOC1|AOC3|AOPEP|AOX1|AP4M1|APAF1|APBB1|APCS|APEH|APEX1|APEX2|APIP|APMAP|APOM|APP|APPBP2|APRT|APTX|AQP1|AQP10|AQP2|AQP3|AQP4|AQP5|AQP6|AQP7|AQP8|AQP9|AR|ARF1|ARF3|ARF4|ARF5|ARF6|ARG1|ARG2|ARHGEF4|ARHGEF6|ARHGEF7|ARHGEF9|ARL11|ARL14|ARL17A|ARL17B|ARL4A|ARL4C|ARL4D|ARL5A|ARL5B|ARL5C|ARL6|ARL9|ARMT1|ARPC4-TTLL3|ARSA|ARSB|ARSD|ARSF|ARSG|ARSH|ARSI|ARSJ|ARSK|ARSL|ARX|ASAH2|ASAH2B|ASF1A|ASF1B|ASH1L|ASL|ASMT|ASMTL|ASNS|ASNSD1|ASPG|ASPN|ASS1|ATAD2|ATG7|ATIC|ATMIN|ATP5F1A|ATP5F1B|ATP5F1C|ATP5F1D|ATP5F1E|ATP5IF1|ATP5MC1|ATP5MC2|ATP5MC3|ATP6V0B|ATP6V0C|ATP6V0D1|ATP6V0D2|ATP6V1B1|ATP6V1B2|ATP6V1F|ATP7A|ATP7B|ATXN7L1|ATXN7L2|ATXN7L3|AUH|AURKA|AXIN1|AZIN1|AZIN2|B3GNTL1|B4GALT1|BAAT|BACE1|BACE2|BAG3|BAG4|BAG5|BAIAP2L2|BARD1|BAZ1A|BAZ1B|BAZ2A|BAZ2B|BBS4|BCAP31|BCAT1|BCAT2|BCHE|BCKDHA|BCKDHB|BCKDK|BCL11A|BCL11B|BCL2L1|BCL6|BCL6B|BCL9|BDH2|BGN|BHMT|BHMT2|BIRC3|BLMH|BOLL|BPGM|BPHL|BPIFA1|BPTF|BRCA1|BRD1|BRD2|BRD3|BRD4|BRDT|BRIP1|BRK1|BROX|BRPF3|BRWD1|BST1|BST2|BTBD2|BTD|BTN3A1|C2ORF81|C3|CA13|CA14|CA2|CA6|CA7|CA8|CA9|CAB39|CABP1|CABP2|CABP4|CABP5|CABP7|CACUL1|CAD|CALB1|CALB2|CALM1|CALM2|CALM3|CALML3|CALML4|CALML5|CALML6|CALN1|CAMK1|CAMK1G|CAMK4|CAMKMT|CAMKV|CAPN1|CAPN11|CAPN13|CAPN2|CAPN3|CAPN8|CAPN9|CAPNS1|CAPNS2|CAPS2|CAPSL|CARM1|CARNS1|CASP3|CAT|CBR1|CBR3|CBR4|CBS|CBX3|CCL2|CCNA2|CCNC|CCND1|CCNT1|CCS|CD180|CD1A|CD1B|CD1C|CD1D|CD1E|CD200R1|CD200R1L|CD274|CD4|CD44|CD55|CD69|CD8A|CDA|CDC14A|CDC14B|CDC27|CDC34|CDC42|CDH1|CDH10|CDH11|CDH12|CDH13|CDH15|CDH16|CDH17|CDH18|CDH19|CDH2|CDH20|CDH24|CDH26|CDH3|CDH5|CDH6|CDH7|CDH8|CDH9|CDHR1|CDHR2|CDHR3|CDHR5|CDIPT|CDK2|CDK4|CDK8|CDK9|CDKN3|CDY1|CDY1B|CDY2A|CDY2B|CDYL|CEACAM1|CEACAM5|CECR2|CELA1|CENPA|CENPE|CENPM|CENPS|CENPV|CEP170|CEP97|CERT1|CETN1|CETN2|CETN3|CFAP52|CFD|CFH|CFHR1|CFTR|CGAS|CHAD|CHADL|CHAT|CHD1L|CHDH|CHEK1|CHI3L1|CHI3L2|CHIA|CHIT1|CHKA|CHKB|CHL1|CHMP5|CHP1|CHP2|CIB1|CIB2|CIB3|CIB4|CIRBP|CKB|CKM|CKMT1A|CKMT1B|CKMT2|CLASP1|CLASP2|CLASRP|CLC|CLINT1|CLMN|CLP1|CLPB|CLPP|CLTC|CLVS1|CLVS2|CLXN|CMA1|CMAS|CMPK1|CMPK2|CNBD2|CNDP1|CNDP2|CNNM1|CNNM2|CNNM3|CNNM4|CNOT1|CNOT2|CNOT3|CNOT6|CNOT7|CNOT9|CNP|CNTN1|CNTN2|CNTN3|CNTN4|CNTN5|CNTN6|COA7|COL18A1|COL1A1|COL3A1|COL4A1|COL4A2|COL4A5|COMT|COMTD1|COPS2|COQ6|CP|CPA1|CPA2|CPA3|CPA4|CPA6|CPAP|CPB1|CPB2|CPD|CPE|CPM|CPN1|CPN2|CPO|CPSF7|CPXM1|CPXM2|CPZ|CREBBP|CRHR2|CRK|CRKL|CRLS1|CRMP1|CRY1|CRY2|CRYAA|CRYBA4|CRYL1|CRYM|CRYZ|CS|CSAD|CSNK1G1|CSNK1G2|CSNK1G3|CSNK2A1|CST1|CST2|CST3|CST4|CTBP1|CTBP2|CTBS|CTCF|CTCFL|CTH|CTNNB1|CTR9|CTRB1|CTRB2|CTRL|CTSA|CTSB|CTSC|CTSD|CTSK|CTSL|CTSS|CUL1|CUL2|CUL3|CUL4A|CUL4B|CUL5|CUTA|CUX1|CUX2|CWC22|CWC27|CYB5R1|CYB5R2|CYB5R3|CYB5R4|CYC1|CYCS|CYGB|CYP11A1|CYP11B1|CYP11B2|CYP17A1|CYP1A1|CYP1A2|CYP20A1|CYP24A1|CYP26A1|CYP26B1|CYP27A1|CYP27B1|CYP27C1|CYP2A13|CYP2A6|CYP2A7|CYP2B6|CYP2C18|CYP2C19|CYP2C8|CYP2C9|CYP2E1|CYP2F1|CYP2J2|CYP2R1|CYP2S1|CYP2U1|CYP2W1|CYP39A1|CYP3A4|CYP3A43|CYP3A5|CYP3A7|CYP46A1|CYP4A11|CYP4A22|CYP4B1|CYP4F11|CYP4F12|CYP4F2|CYP4F22|CYP4F3|CYP4V2|CYP4X1|CYP4Z1|CYP51A1|CYP7A1|CYP7B1|CYP8B1|CYTH3|D2HGDH|DAO|DAPK1|DAPK2|DAPK3|DARS1|DAZ1|DAZ2|DAZ3|DAZ4|DAZL|DBR1|DBT|DCAF1|DCC|DCHS1|DCHS2|DCN|DCUN1D1|DCUN1D2|DCUN1D3|DCUN1D4|DCUN1D5|DDC|DDX1|DDX10|DDX17|DDX18|DDX19B|DDX20|DDX21|DDX23|DDX39A|DDX39B|DDX3X|DDX3Y|DDX4|DDX5|DDX50|DDX59|DECR1|DECR2|DEFA3|DEFA5|DEFA6|DEFB1|DELE1|DERA|DHCR24|DHDDS|DHDH|DHFR|DHODH|DHRS1|DHRS12|DHRS13|DHRS2|DHRS4|DHRS4L2|DHRS7B|DHRS7C|DHRSX|DHX15|DHX16|DHX29|DHX30|DHX32|DHX33|DHX34|DHX35|DHX36|DHX37|DHX38|DHX40|DHX8|DHX9|DIP2A|DIP2B|DIP2C|DIS3|DIS3L|DIS3L2|DKC1|DKK1|DLAT|DLD|DLG1|DLG3|DLK2|DLST|DMBX1|DMC1|DMD|DMGDH|DMP1|DNAAF11|DNAAF2|DNAAF4|DNAJC1|DNAJC10|DNAJC12|DNAJC15|DNAJC17|DNAJC19|DNAJC6|DNAJC9|DNAL1|DNASE1|DNASE1L1|DNASE1L2|DNMBP|DNMT1|DNPEP|DOCK9|DOK1|DOLPP1|DOT1L|DPEP1|DPEP2|DPEP3|DPH5|DPM1|DPP10|DPP4|DPP6|DPP8|DPP9|DPRX|DPYD|DPYS|DPYSL2|DPYSL3|DPYSL4|DPYSL5|DQX1|DSC1|DSC2|DSC3|DSG1|DSG2|DSG3|DSG4|DTX3L|DTYMK|DUSP1|DUSP10|DUSP11|DUSP12|DUSP15|DUSP16|DUSP18|DUSP19|DUSP2|DUSP21|DUSP22|DUSP23|DUSP26|DUSP28|DUSP29|DUSP3|DUSP4|DUSP5|DUSP6|DUSP7|DUSP8|DUSP9|DUT|DXO|E4F1|ECH1|ECHDC1|ECHDC2|ECHS1|ECI1|ECI2|ECM2|EDC3|EEF1E1|EEF1G|EFCAB11|EFCAB13|EFCAB2|EFCAB3|EFCAB6|EFCAB7|EFCAB9|EGFR|EGR1|EGR2|EGR3|EGR4|EHHADH|EHMT1|EIF1AX|EIF1AY|EIF2AK3|EIF2AK4|EIF4A1|EIF4A2|EIF4B|EIF4H|EIF5B|ELAC1|ELAC2|ELAVL1|ELOB|ELOC|EN1|EN2|ENO1|ENO2|ENO3|ENO4|ENOPH1|ENOSF1|ENPEP|ENTPD1|ENTPD2|ENTPD3|ENTPD4|ENTPD5|ENTPD6|ENTPD7|ENTPD8|EP300|EPHA3|EPHA4|EPHA5|EPHA8|EPHX1|EPHX2|EPM2A|EPRS1|EPYC|ERAL1|ERAP1|ERAP2|ERBIN|ERCC2|ERI3|ERP27|ERP44|ESD|ESR1|ESRRG|ESX1|ETFDH|ETHE1|ETNK1|ETNK2|ETS2|EVA1C|EVPLL|EXO1|EXOSC1|EXOSC10|EXOSC2|EXOSC3|EXOSC4|EXOSC5|EXOSC6|EXOSC7|EXOSC8|EXOSC9|EZR|F10|F11|F13A1|F2|F2R|F5|F7|F8|FAAH|FAAH2|FABP5|FAH|FAHD1|FAHD2A|FAHD2B|FAM3B|FANCL|FANCM|FAP|FARS2|FARSB|FASLG|FASN|FAT1|FAT2|FAT4|FBH1|FBN3|FBP2|FBXO3|FBXO45|FBXO7|FBXW7|FCER2|FCGR2A|FDPS|FDX1|FECH|FEN1|FERMT1|FERMT2|FERMT3|FEV|FEZF1|FEZF2|FGF1|FGF19|FGFR1|FGR|FH|FIBCD1|FIS1|FIZ1|FKBP10|FKBP11|FKBP14|FKBP1A|FKBP1B|FKBP1C|FKBP2|FKBP3|FKBP4|FKBP6|FKBP7|FKBP8|FKBP9|FKBPL|FLII|FLNA|FLNB|FLNC|FLRT1|FLRT3|FLT1|FMO1|FMO2|FMO3|FMO4|FMO5|FMOD|FN1|FNDC1|FNTA|FNTB|FOXRED2|FPGS|FRAT1|FREM2|FREM3|FRMD4A|FRMD4B|FRMPD1|FSCN1|FST|FTCD|FTH1|FTHL17|FTMT|FTO|FUCA1|FUCA2|FURIN|FXR1|FYN|G3BP1|G6PD|GAA|GAD1|GAD2|GADL1|GAK|GALK1|GALK2|GALM|GALNS|GANAB|GANC|GAPDH|GAPDHS|GARS1|GART|GATA1|GATA2|GATA3|GATA4|GATA5|GATA6|GBA1|GBE1|GBGT1|GC|GCA|GCDH|GCK|GCKR|GCLM|GCSH|GDA|GDE1|GDPD1|GDPD2|GDPD3|GDPD4|GDPD5|GEN1|GFI1|GFI1B|GFOD1|GFOD2|GFPT1|GFPT2|GFUS|GGA1|GGA2|GGH|GGPS1|GGT5|GGT6|GGT7|GGTLC1|GGTLC2|GIMAP2|GIPC2|GK|GK2|GK5|GLA|GLB1|GLB1L|GLB1L3|GLE1|GLI1|GLI2|GLI3|GLI4|GLIPR1|GLIS1|GLIS2|GLIS3|GLRX|GLRX2|GLS|GLT6D1|GLTP|GLUD1|GLUD2|GLUL|GLYR1|GMPR|GMPR2|GMPS|GNAI1|GNB2|GNB3|GNB4|GNB5|GNE|GNG10|GNG11|GNG12|GNG13|GNG2|GNG3|GNG4|GNG5|GNG7|GNG8|GNGT1|GNGT2|GNPDA1|GNPDA2|GNPNAT1|GNS|GOPC|GOT1|GOT1L1|GOT2|GP1BA|GP1BB|GP6|GP9|GPCPD1|GPD1|GPD1L|GPHN|GPI|GPR149|GPSM1|GPSM2|GPT|GPT2|GPX8|GRB14|GRB2|GREM1|GREM2|GRHPR|GRIA1|GRIA2|GRIA4|GRIK1|GRIK2|GRIK5|GRIN1|GRIN2A|GRIN2C|GRIN2D|GRIN3A|GRIN3B|GRK1|GRK2|GRK3|GRK4|GRK5|GRK6|GRK7|GSC|GSC2|GSK3A|GSK3B|GSN|GSR|GSTA1|GSTO1|GSTO2|GSTP1|GSTT2B|GSTZ1|GTF3A|GUCA1B|GUCA1C|GUCY1A1|GUCY1A2|GUCY1B1|GUCY2C|GUCY2D|GUCY2F|GUSB|GYG1|GYG2|GYS1|GYS2|GZF1|H6PD|HACL1|HADH|HADHA|HADHB|HAGH|HAGHL|HAL|HARS1|HARS2|HASPIN|HBA1|HBA2|HBB|HBE1|HBG1|HBG2|HBM|HBQ1|HBZ|HCK|HCN4|HDAC1|HDAC10|HDAC11|HDAC2|HDAC3|HDAC4|HDAC5|HDAC6|HDAC7|HDAC8|HDAC9|HDC|HDDC2|HDHD2|HDHD3|HDHD5|HELZ2|HENMT1|HEPH|HEPHL1|HESX1|HEXA|HEXB|HEXD|HFE|HHIPL1|HHIPL2|HIBADH|HIBCH|HIC1|HIC2|HIF1AN|HINT1|HINT2|HIVEP1|HIVEP2|HJURP|HK2|HK3|HKDC1|HLA-A|HLA-B|HLA-C|HLA-DOA|HLA-DOB|HLA-DRB1|HLA-DRB5|HLA-G|HLCS|HMCN1|HMCN2|HMGCL|HMGCLL1|HMGCR|HMGCS1|HMGCS2|HMOX1|HMOX2|HMSD|HNRNPA1|HNRNPA2B1|HNRNPA3|HNRNPAB|HNRNPCL1|HNRNPD|HNRNPL|HNRNPM|HOGA1|HOPX|HPCA|HPCAL1|HPCAL4|HPGD|HPGDS|HPRT1|HRAS|HRG|HSD11B1|HSD11B1L|HSD17B1|HSD17B10|HSD17B11|HSD17B13|HSD17B14|HSD17B8|HSD3B1|HSD3B2|HSD3B7|HSDL2|HSF1|HSF2|HSFX1|HSFY1|HSFY2|HSP90AA1|HSP90AB1|HSPA12A|HSPA12B|HSPA13|HSPA14|HSPA1A|HSPA1B|HSPA1L|HSPA2|HSPA4|HSPA4L|HSPA5|HSPA6|HSPA8|HSPA9|HSPB6|HSPH1|HTATIP2|HTRA1|HYAL1|IAH1|IBSP|ICAM5|IDH1|IDH2|IDH3A|IDH3B|IDH3G|IDI2|IDS|IDUA|IFFO2|IFIT1|IFIT1B|IFIT2|IFIT3|IFIT5|IFNAR1|IFNL1|IFNLR1|IGDCC3|IGDCC4|IGF2BP1|IGF2R|IGFALS|IGLL5|IGSF9B|IHH|IKZF1|IKZF2|IKZF3|IKZF4|IKZF5|IL10RB|IL13|IL15|IL15RA|IL18|IL2|IL22|IL3RA|IL4I1|IL7R|ILKAP|ILVBL|IMMP1L|IMMP2L|IMPA1|IMPA2|IMPDH1|IMPDH2|INAVA|INHBA|INPP5B|INPP5E|INS-IGF2|INSR|IPPK|IQCB1|ISCU|ISG20|ISG20L2|ISL1|ISL2|ISLR|ISLR2|IST1|ISX|ISYNA1|ITGA1|ITGA2B|ITGA4|ITGAL|ITGAM|ITGAV|ITGB2|ITGB7|ITIH1|ITIH2|ITIH3|ITIH4|ITIH6|ITK|ITPA|ITPKA|ITPR1|ITPR2|ITPR3|IYD|JAK2|JAK3|JMJD6|JUN|JUNB|JUND|JUP|KARS1|KAT2A|KAT2B|KAT5|KAT6A|KAT6B|KAT7|KAT8|KCNAB1|KCNAB2|KCNAB3|KCNH3|KCNH4|KCNH8|KCNIP1|KCNIP2|KCNIP3|KCNIP4|KCNN3|KCTD19|KCTD9|KDM1A|KDM1B|KDM2A|KDM2B|KDM3B|KDM4A|KDM4D|KDM4E|KDM6A|KDM6B|KDM7A|KERA|KHK|KIF11|KIF13A|KIF13B|KIF14|KIF15|KIF16B|KIF17|KIF18A|KIF19|KIF1A|KIF1B|KIF1C|KIF20A|KIF20B|KIF21A|KIF21B|KIF22|KIF23|KIF26A|KIF26B|KIF27|KIF2A|KIF2B|KIF2C|KIF3A|KIF3B|KIF3C|KIF4A|KIF4B|KIF5A|KIF5B|KIF5C|KIF6|KIF7|KIF9|KIFC1|KIFC2|KIFC3|KIRREL1|KIRREL2|KIRREL3|KL|KLB|KLC1|KLC2|KLC3|KLC4|KLF1|KLF10|KLF11|KLF13|KLF15|KLF16|KLF17|KLF2|KLF3|KLF4|KLF5|KLF6|KLF7|KLF8|KLF9|KLRK1|KMO|KMT2A|KMT5B|KMT5C|KNL1|KPNA2|KRAS|KRBOX1|KRBOX4|KRBOX5|KRIT1|KYAT1|KYAT3|L3HYPDH|L3MBTL1|LACC1|LACTB|LACTB2|LACTBL1|LAMTOR5|LAP3|LARS1|LARS2|LCK|LCMT1|LCMT2|LCN2|LCP1|LCT|LCTL|LDHD|LEMD2|LEMD3|LEO1|LGALS1|LGALS12|LGALS13|LGALS14|LGALS16|LGALS2|LGALS3|LGALS4|LGALS7|LGALS7B|LGALS8|LGALS9|LGALS9B|LGALS9C|LGALSL|LGR4|LGR5|LGR6|LHPP|LHX2|LHX5|LHX6|LHX8|LHX9|LIN28B|LINGO1|LINGO4|LIPA|LIPE|LIPF|LIPJ|LIPK|LIPM|LIPN|LMAN1|LMAN2|LMAN2L|LMNA|LMO1|LMO2|LMO3|LMO4|LMX1A|LMX1B|LNPEP|LONRF2|LONRF3|LPO|LRCH1|LRCH2|LRCH3|LRCH4|LRFN1|LRFN2|LRFN3|LRFN4|LRFN5|LRG1|LRGUK|LRIG1|LRIG2|LRIG3|LRIT1|LRIT2|LRMDA|LRP2BP|LRP6|LRR1|LRRC1|LRRC10|LRRC10B|LRRC17|LRRC18|LRRC19|LRRC2|LRRC23|LRRC24|LRRC26|LRRC28|LRRC3|LRRC30|LRRC32|LRRC38|LRRC39|LRRC3B|LRRC3C|LRRC4|LRRC40|LRRC43|LRRC46|LRRC47|LRRC49|LRRC4B|LRRC4C|LRRC52|LRRC53|LRRC55|LRRC56|LRRC57|LRRC58|LRRC61|LRRC63|LRRC66|LRRC69|LRRC70|LRRC8A|LRRC8B|LRRC8C|LRRC8D|LRRC8E|LRRC9|LRRCC1|LRRD1|LRRIQ1|LRRIQ3|LRRIQ4|LRRK1|LRRK2|LRRN1|LRRN2|LRRN3|LRRN4|LRRTM1|LRRTM2|LRRTM3|LRRTM4|LRSAM1|LRTM1|LRTM2|LRTOMT|LRWD1|LTA4H|LTC4S|LTF|LUM|LVRN|LY86|LYZ|M6PR|MACF1|MAD2L2|MADCAM1|MAGOH|MAGOHB|MAN1A1|MAN1A2|MAN1B1|MAN1C1|MAN2C1|MANEA|MAOA|MAP2K1|MAP2K6|MAP3K3|MAP3K5|MAPK1|MAPK10|MAPK11|MAPK12|MAPK13|MAPK14|MAPK15|MAPK3|MAPK4|MAPK6|MAPK7|MAPK8|MARS1|MARS2|MASP1|MASP2|MAT2A|MAZ|MB|MBLAC2|MBTPS1|MBTPS2|MCAT|MCCC1|MCEE|MCFD2|MCPH1|MCTS1|MDC1|ME1|ME2|MECOM|MECR|MELTF|MEMO1|MEP1B|MERTK|MET|METAP1|METTL1|METTL21C|METTL27|MFHAS1|MGAM|MGAM2|MGLL|MGMT|MICAL1|MICAL2|MICAL3|MIEF1|MIF|MINPP1|MIPEP|MITD1|MLH1|MLH3|MLKL|MMACHC|MME|MMP13|MMP3|MMP9|MOCOS|MOCS2|MOCS3|MOSPD2|MPHOSPH8|MPI|MPO|MR1|MRE11|MRM3|MRPL11|MRPL38|MRPL39|MRPS16|MRPS6|MRRF|MRTFA|MRTFB|MSN|MST1R|MT-CO1|MT-CO2|MT-CYB|MTA1|MTF1|MTFMT|MTHFD1|MTHFD1L|MTHFD2|MTHFD2L|MTIF2|MTPAP|MTR|MTRR|MUTYH|MVD|MVP|MXRA5|MYH1|MYH10|MYH11|MYH13|MYH15|MYH2|MYH4|MYH7|MYH7B|MYH8|MYH9|MYL1|MYL10|MYL11|MYL12A|MYL12B|MYL2|MYL3|MYL4|MYL5|MYL6|MYL7|MYL9|MYLK2|MYLK3|MYLK4|MYNN|MYO10|MYO16|MYO18A|MYO18B|MYO1A|MYO1B|MYO1D|MYO1E|MYO1G|MYO1H|MYO3B|MYO5A|MYO5B|MYO5C|MYO6|MYO7A|MYO7B|MYO9A|MYO9B|MYOM1|MYORG|MZF1|NAA10|NAA11|NAA20|NAA30|NAA50|NAALAD2|NACC1|NACC2|NADSYN1|NAE1|NAGA|NAGK|NAGLU|NAGS|NAIP|NAMPT|NANP|NAPEPLD|NAPRT|NARS1|NAT1|NAT2|NAT8|NAXD|NAXE|NBR1|NCALD|NCAM2|NCBP1|NCBP2|NCEH1|NCF4|NCKAP1|NCOA5|NCOR2|NCS1|NDC80|NDOR1|NDRG2|NDUFAB1|NDUFAF5|NEDD4|NEDD4L|NEDD8|NEK2|NEO1|NEU1|NF2|NFASC|NFATC2IP|NFS1|NGB|NGF|NGLY1|NISCH|NIT1|NIT2|NKRF|NKTR|NLE1|NLGN4X|NLN|NLRP1|NLRP14|NME1|NME1-NME2|NME2|NME3|NME4|NME5|NME6|NME7|NME8|NMNAT1|NMNAT2|NMNAT3|NMRAL1|NMT1|NMT2|NNT|NOBOX|NOP2|NOP56|NOP58|NOS1|NOS2|NOS3|NOTCH2|NOXRED1|NPC1|NPC2|NPEPL1|NPEPPS|NPHP3|NPL|NPR1|NPR2|NPR3|NQO1|NQO2|NR1I2|NR3C1|NR3C2|NR4A1|NR5A2|NRCAM|NRP1|NRP2|NRROS|NRXN1|NRXN2|NRXN3|NSD3|NSDHL|NSUN2|NSUN3|NSUN4|NSUN5|NSUN6|NSUN7|NT5C|NT5C2|NT5E|NT5M|NTHL1|NTRK1|NTRK2|NUDT1|NUDT10|NUDT15|NUDT16L1|NUDT21|NUDT6|NUF2|NUMA1|NUP133|NUP153|NUP214|NUP98|NUS1|NYX|OAT|OBSCN|OBSL1|OCM|OCM2|OCRL|ODC1|OGA|OGFOD1|OGG1|OGN|OGT|OLFML1|OLFML2A|OLFML2B|OLFML3|OMA1|OMD|OMG|ONECUT1|ONECUT3|OPTC|OSGEP|OSGEPL1|OSR1|OSR2|OTC|OTP|OTUB2|OTULIN|OVGP1|OXCT1|OXNAD1|OXSM|P2RX1|P2RX3|P2RX4|P2RX5|P2RX6|P4HA1|P4HA2|P4HA3|P4HB|P4HTM|PA2G4|PABPC1|PACSIN1|PACSIN2|PACSIN3|PAEP|PAFAH1B1|PAICS|PAK4|PALB2|PAM|PAN2|PAN3|PANK3|PAPLN|PAPOLA|PAPOLB|PAPOLG|PAPSS1|PAPSS2|PARG|PARK7|PARL|PARP1|PARP14|PARP15|PARP2|PARS2|PARVA|PATZ1|PBLD|PBRM1|PC|PCBD1|PCBD2|PCCA|PCDH10|PCDH11X|PCDH11Y|PCDH12|PCDH15|PCDH17|PCDH18|PCDH19|PCDH8|PCDH9|PCDHA1|PCDHA10|PCDHA11|PCDHA12|PCDHA13|PCDHA2|PCDHA3|PCDHA4|PCDHA5|PCDHA6|PCDHA7|PCDHA8|PCDHA9|PCDHAC1|PCDHAC2|PCDHB1|PCDHB10|PCDHB11|PCDHB12|PCDHB13|PCDHB14|PCDHB15|PCDHB2|PCDHB3|PCDHB4|PCDHB5|PCDHB6|PCDHB7|PCDHB8|PCDHGA1|PCDHGA10|PCDHGA11|PCDHGA12|PCDHGA2|PCDHGA3|PCDHGA4|PCDHGA5|PCDHGA6|PCDHGA7|PCDHGA8|PCDHGA9|PCDHGB1|PCDHGB2|PCDHGB3|PCDHGB4|PCDHGB6|PCDHGB7|PCDHGC3|PCDHGC4|PCDHGC5|PCLO|PCMT1|PCMTD1|PCMTD2|PCNA|PCP2|PCSK1|PCSK2|PCSK4|PCSK5|PCSK7|PCSK9|PCYT1A|PCYT1B|PCYT2|PDCD1|PDCD1LG2|PDCD4|PDCD6|PDCD6IP|PDE10A|PDE4B|PDE5A|PDE6A|PDE6B|PDE6C|PDF|PDHB|PDHX|PDIA2|PDIA3|PDIA4|PDIA5|PDIA6|PDILT|PDK1|PDK2|PDK4|PDP1|PDP2|PDPK1|PDPR|PDSS1|PDSS2|PDXK|PDXP|PEBP1|PEBP4|PECR|PEF1|PEG3|PELO|PEPD|PEX5|PEX5L|PFAS|PFKFB1|PFKFB2|PFKFB3|PFKFB4|PFKL|PFKM|PFKP|PFN1|PFN2|PFN4|PGAM1|PGAM2|PGAM4|PGAM5|PGD|PGGHG|PGGT1B|PGK1|PGK2|PGLS|PGLYRP2|PGM2|PGM2L1|PGM3|PGP|PGPEP1|PGPEP1L|PGR|PHACTR1|PHF13|PHF2|PHF6|PHF8|PHGDH|PHKG1|PHKG2|PHLPP1|PIGA|PIGL|PIGR|PIH1D1|PIH1D2|PIK3C2A|PIK3C3|PIK3CA|PIK3CD|PIK3R2|PIK3R3|PIM1|PIN1|PITRM1|PKLR|PKM|PLA2G2E|PLAA|PLAG1|PLAGL1|PLAGL2|PLAU|PLBD1|PLBD2|PLEC|PLEKHA3|PLK1|PLPP1|PLPP2|PLPP3|PLPP4|PLPP5|PLPPR2|PLS1|PLS3|PLXNA1|PLXNA2|PLXNA3|PLXNA4|PLXNB1|PLXNB3|PM20D1|PM20D2|PMM1|PMM2|PMP2|PMPCA|PMPCB|PMS1|PMS2|PNCK|PNKD|PNKP|PNMA8B|PNMT|PNP|PNPLA6|PNPLA7|PODN|PODNL1|POGZ|POLA1|POLB|POLD1|POLE|POLG|POLG2|POLH|POLI|POLK|POLM|POLN|POLQ|POR|POTEE|POTEI|POTEJ|PP2D1|PPA1|PPA2|PPARD|PPARG|PPCDC|PPCS|PPEF1|PPEF2|PPFIBP1|PPFIBP2|PPIA|PPID|PPIE|PPIF|PPIG|PPIH|PPIL3|PPIL6|PPM1A|PPM1B|PPM1D|PPM1E|PPM1F|PPM1K|PPM1L|PPM1N|PPME1|PPOX|PPP1CA|PPP1R10|PPP1R7|PPP1R8|PPP1R9A|PPP2CA|PPP2CB|PPP2R3B|PPP3CA|PPP3CB|PPP3CC|PPP3R1|PPP3R2|PPP4C|PPP5C|PPT1|PPT2|PPTC7|PPWD1|PRDM10|PRDM13|PRDM14|PRDM15|PRDM16|PRDM4|PRDM5|PRDM6|PRDM8|PRDM9|PRDX1|PRDX2|PRDX3|PRDX4|PRDX5|PRDX6|PRELP|PREP|PREPL|PRG2|PRIM1|PRKAB1|PRKAB2|PRKACA|PRKACB|PRKACG|PRKAG1|PRKAG2|PRKAR1A|PRKAR1B|PRKAR2A|PRKAR2B|PRKG1|PRKG2|PRKN|PRKX|PRMT1|PRMT5|PRMT6|PRMT7|PRMT8|PRNP|PRODH|PRODH2|PROP1|PRPF31|PRPF8|PRRX1|PRRX2|PRSS1|PRSS3|PRSS8|PRTFDC1|PRTG|PRUNE1|PSAP|PSAT1|PSIP1|PSKH1|PSKH2|PSMA1|PSMA4|PSMA5|PSMB1|PSMB10|PSMB2|PSMB7|PSMD11|PSMD8|PSPH|PTEN|PTER|PTGDS|PTGIS|PTGR3|PTGS1|PTGS2|PTK2B|PTK7|PTPA|PTPDC1|PTPN1|PTPN11|PTPN23|PTPN4|PTPN5|PTPN7|PTPRN|PTRH1|PTRH2|PTS|PUDP|PUM1|PUM2|PUS10|PUS7|PUS7L|PVALB|PWWP2B|PYCR1|PYCR2|PYGB|PYGL|PYGM|PYGO1|PYGO2|QARS1|QPCT|QPCTL|QRSL1|QTRT1|QTRT2|RAB11A|RAB11FIP2|RAB1A|RAB22A|RAB25|RAB28|RAB4A|RAB5A|RAB5C|RABGGTA|RABGGTB|RAC3|RACGAP1|RACK1|RAD51|RAD51B|RAD51C|RAD51D|RADIL|RALY|RALYL|RAN|RANBP1|RANBP2|RANBP3|RAP1B|RAPGEF3|RAPGEF4|RAPGEF5|RAPGEFL1|RARA|RARS1|RASA1|RASGRF1|RASGRF2|RASGRP1|RASIP1|RAX|RAX2|RBAK|RBBP4|RBKS|RBM23|RBM3|RBM34|RBM39|RBP4|RBSN|RCL1|RCVRN|RDH10|RDH11|RDH12|RDH13|RDH14|REN|REPIN1|REST|REV1|REV3L|REXO1|REXO4|REXO5|RFK|RGN|RGPD1|RGPD2|RGPD3|RGPD4|RGPD5|RGPD6|RGPD8|RGS11|RGS9|RHBDF1|RHBDF2|RHBDL1|RHBDL2|RHBDL3|RHEB|RHOXF1|RHOXF2|RHOXF2B|RIDA|RIMS1|RIMS3|RLBP1|RLF|RNASE1|RNASE2|RNASE4|RNASEH1|RNF2|RNF41|RNF8|RNGTT|RNH1|RNPEP|RNPEPL1|RP1|RPAP3|RPE|RPGRIP1|RPH3A|RPH3AL|RPL12|RPP21|RPS27A|RPS6KB1|RREB1|RRM1|RRM2|RRM2B|RSPO1|RSPO3|RSPO4|RSU1|RTCA|RTCB|RTEL1|RTF1|RTN4IP1|RTN4R|RTN4RL1|RTN4RL2|RUSC1|RXFP1|RXFP2|RYR1|RYR2|RYR3|S100A3|S100A8|S100A9|SAE1|SAMD14|SAMHD1|SAP18|SARDH|SARS1|SARS2|SASS6|SAT1|SATL1|SBDS|SCAF8|SCAND1|SCAND3|SCGB2B2|SCGN|SCLY|SCRIB|SDHA|SDHB|SDHD|SDK1|SDR16C5|SDR42E1|SEC11A|SEC11C|SEC14L1|SEC14L3|SEC14L4|SEC14L5|SEC14L6|SEC22A|SEC22C|SEL1L|SEL1L2|SEL1L3|SELENOS|SELP|SEMA3A|SEMA3C|SEMA3D|SEMA3F|SEMA3G|SEMA4A|SEMA4B|SEMA4C|SEMA4D|SEMA4F|SEMA4G|SEMA5A|SEMA5B|SEMA6A|SEMA6C|SEMA6D|SEMA7A|SENP1|SEPSECS|SERHL2|SERPINA1|SERPINA10|SERPINA11|SERPINA12|SERPINA3|SERPINA4|SERPINA5|SERPINA6|SERPINA7|SERPINA9|SERPINB1|SERPINB10|SERPINB12|SERPINB13|SERPINB2|SERPINB3|SERPINB4|SERPINB5|SERPINB7|SERPINB8|SERPINB9|SERPINC1|SERPIND1|SERPINE1|SERPINE2|SERPINE3|SERPINF1|SERPINF2|SERPING1|SERPINH1|SERPINI1|SERPINI2|SETD7|SETMAR|SFN|SFTPA1|SFTPA2|SGF29|SGPL1|SGPP1|SGPP2|SGSH|SGTA|SGTB|SH3BGR|SH3BGRL|SH3BGRL2|SH3BGRL3|SHMT1|SHMT2|SHOC2|SHOX|SHOX2|SHPK|SHQ1|SI|SIAH1|SIRT1|SIRT2|SIRT3|SIRT4|SIRT5|SIRT6|SIRT7|SLC26A1|SLC26A11|SLC26A2|SLC26A3|SLC26A5|SLC26A6|SLC26A7|SLC26A8|SLC26A9|SLC3A1|SLC3A2|SLC4A1AP|SLC8A1|SLC8A2|SLC8A3|SLIRP|SLIT1|SLIT2|SLIT3|SMAD1|SMAD2|SMAD3|SMAD4|SMAD5|SMAD6|SMAD7|SMAD9|SMARCA1|SMARCA2|SMARCA5|SMC1A|SMC1B|SMC2|SMC3|SMC4|SMC5|SMC6|SMG6|SMS|SMYD1|SMYD2|SND1|SNIP1|SNRNP35|SNRNP70|SNRPA|SNRPA1|SNRPB|SNRPD3|SNUPN|SNX1|SNX10|SNX11|SNX12|SNX17|SNX2|SNX3|SNX30|SNX4|SNX7|SNX8|SOD1|SOD2|SOD3|SORD|SORT1|SP1|SP2|SP3|SP4|SP5|SP6|SP7|SP8|SP9|SPAG1|SPAG9|SPATA21|SPIN1|SPINT1|SPR|SPRED1|SPSB1|SPSB2|SPSB4|SPTAN1|SPTB|SPTBN1|SPTBN2|SPTBN4|SPTBN5|SQLE|SQOR|SRC|SRI|SRM|SRPRA|SRSF1|SRSF10|SRSF4|SRSF5|SRSF6|SRSF9|SSBP1|SSH1|SSH2|SSH3|SSRP1|ST13|ST14|ST3GAL2|ST3GAL3|ST3GAL4|ST3GAL5|ST3GAL6|ST6GAL1|ST6GAL2|ST6GALNAC1|ST6GALNAC2|ST6GALNAC3|ST6GALNAC4|ST6GALNAC5|ST6GALNAC6|ST8SIA1|ST8SIA2|ST8SIA3|ST8SIA4|ST8SIA5|ST8SIA6|STARD9|STK17A|STK17B|STK26|STK3|STK33|STMN4|STS|STYX|STYXL1|STYXL2|SUCLG1|SUCLG2|SULF1|SULF2|SULT1A1|SULT1A2|SULT1A3|SULT1B1|SULT1C2|SULT1C3|SULT1C4|SULT1E1|SULT2A1|SULT2B1|SULT4A1|SUMO1|SUMO2|SUMO3|SUMO4|SUOX|SUPT16H|SUPT5H|SYK|SYNE1|SYNE2|SYNE3|SYT1|TAB1|TAF1|TAF1L|TALDO1|TAP1|TARBP1|TARS1|TARS2|TARS3|TAT|TATDN1|TATDN2|TATDN3|TBK1|TBP|TBPL1|TBPL2|TBRG1|TCTE1|TDP1|TDP2|TDRD1|TDRD12|TDRD15|TDRD9|TEAD2|TEAD3|TEAD4|TENT2|TENT4A|TENT4B|TEP1|TESC|TF|TFPI|TFRC|TGFBR2|TGM2|THAP4|THNSL1|THOP1|THTPA|THUMPD2|THUMPD3|THYN1|TIA1|TIAL1|TIGAR|TIRAP|TK1|TKFC|TKT|TKTL1|TKTL2|TLE1|TLN1|TLNRD1|TLR1|TLR10|TLR2|TLR3|TLR4|TLR6|TLR7|TLR8|TLR9|TMTC1|TMTC3|TMX3|TNFRSF11A|TNFRSF6B|TNFSF14|TNFSF15|TNKS|TNKS2|TNNC1|TNNC2|TNS1|TNS2|TNS3|TOM1|TOM1L1|TOM1L2|TOMM34|TOMM70|TOP2A|TOP2B|TOPBP1|TP73|TPBG|TPI1|TPP2|TPST2|TRAF7|TRAPPC3|TRAPPC3L|TRAPPC6B|TRDMT1|TRHDE|TRIM23|TRIM24|TRIM63|TRMT1|TRMT1L|TRMT2A|TRMT2B|TRMT9B|TRNAU1AP|TRNT1|TRPS1|TRPV4|TRUB1|TSEN2|TSEN34|TSKU|TSTD1|TTBK1|TTC13|TTC16|TTC19|TTC24|TTC28|TTC32|TTC4|TTC6|TTK|TTL|TTLL1|TTLL10|TTLL2|TTLL3|TTLL5|TTLL8|TTLL9|TTN|TTPA|TTPAL|TTR|TUBA1A|TUBA1B|TUBA1C|TUBA3C|TUBA3D|TUBA3E|TUBA4A|TUBA8|TUBAL3|TUBB|TUBB1|TUBB2A|TUBB2B|TUBB3|TUBB4A|TUBB4B|TUBB6|TUBD1|TUBE1|TUBG1|TUBG2|TUBGCP4|TUFM|TUT1|TUT4|TUT7|TXN|TXN2|TXNDC11|TXNDC16|TXNDC2|TXNDC5|TXNDC8|TXNDC9|TXNRD1|TXNRD2|TXNRD3|TYMP|TYMS|TYW1|UAP1|UAP1L1|UBA1|UBA2|UBA3|UBA5|UBA52|UBA6|UBA7|UBB|UBE2A|UBE2B|UBE2D1|UBE2D2|UBE2D3|UBE2D4|UBE2E1|UBE2E2|UBE2E3|UBE2F|UBE2G1|UBE2I|UBE2J1|UBE2K|UBE2L3|UBE2L6|UBE2M|UBE2N|UBE2R2|UBE2S|UBE2U|UBE2W|UBE2Z|UCHL5|UCKL1|UEVLD|UGDH|UGP2|UHMK1|UHRF2|UMPS|UNC13A|UNC13B|UNC13C|UNCX|UNG|UPB1|UPF1|UPP1|UPRT|UQCR10|UQCRB|UQCRC1|UQCRC2|UQCRFS1|UQCRH|UQCRQ|UROC1|UROD|UROS|USB1|USH2A|USP15|USP2|USP21|USP22|USP3|USP30|USP44|USP51|UTRN|UTY|UXS1|VAMP1|VAMP2|VAMP3|VAMP4|VAMP5|VAMP7|VAMP8|VARS1|VASN|VCL|VCP|VEGFA|VEGFB|VEZF1|VGLL4|VHL|VIM|VNN1|VNN2|VPS26A|VPS35|VPS54|VRK1|VSNL1|VTI1B|VWA1|VWA5A|VWA5B1|VWA7|VWF|WARS1|WASF1|WDR5|WDR5B|WDR88|WEE1|WIZ|WNK1|WNK2|WNK3|WNK4|WNT1|WNT10A|WNT10B|WNT11|WNT16|WNT2|WNT2B|WNT3|WNT3A|WNT4|WNT5A|WNT5B|WNT6|WNT7A|WNT7B|WNT8A|WNT8B|WNT9A|WNT9B|WRNIP1|WSB2|WT1|XDH|XIAP|XPNPEP1|XPNPEP2|XPNPEP3|XPO1|XPO5|XPO6|XRCC3|XRN1|XRN2|XRRA1|XYLB|YARS1|YES1|YJEFN3|YKT6|YOD1|YTHDC2|YWHAZ|YY1|YY2|ZBTB10|ZBTB11|ZBTB12|ZBTB14|ZBTB16|ZBTB17|ZBTB18|ZBTB2|ZBTB20|ZBTB21|ZBTB24|ZBTB26|ZBTB3|ZBTB32|ZBTB33|ZBTB37|ZBTB38|ZBTB39|ZBTB4|ZBTB40|ZBTB41|ZBTB42|ZBTB43|ZBTB44|ZBTB45|ZBTB46|ZBTB47|ZBTB48|ZBTB49|ZBTB5|ZBTB6|ZBTB7A|ZBTB7B|ZBTB8A|ZBTB9|ZDHHC17|ZFAT|ZFP1|ZFP14|ZFP2|ZFP28|ZFP3|ZFP30|ZFP37|ZFP41|ZFP42|ZFP57|ZFP62|ZFP64|ZFP69|ZFP69B|ZFP82|ZFP90|ZFP91|ZFP92|ZFPM1|ZFPM2|ZFX|ZFY|ZG16|ZGLP1|ZIC1|ZIC2|ZIC3|ZIC4|ZIC5|ZIK1|ZIM3|ZKSCAN1|ZKSCAN2|ZKSCAN3|ZKSCAN4|ZKSCAN5|ZKSCAN7|ZKSCAN8|ZMPSTE24|ZNF10|ZNF100|ZNF101|ZNF106|ZNF107|ZNF112|ZNF114|ZNF117|ZNF12|ZNF121|ZNF124|ZNF131|ZNF132|ZNF133|ZNF134|ZNF135|ZNF136|ZNF138|ZNF14|ZNF140|ZNF141|ZNF142|ZNF143|ZNF146|ZNF148|ZNF154|ZNF155|ZNF157|ZNF16|ZNF160|ZNF165|ZNF169|ZNF17|ZNF174|ZNF175|ZNF18|ZNF180|ZNF181|ZNF184|ZNF189|ZNF19|ZNF195|ZNF197|ZNF20|ZNF200|ZNF202|ZNF205|ZNF208|ZNF211|ZNF212|ZNF213|ZNF214|ZNF215|ZNF217|ZNF219|ZNF22|ZNF221|ZNF222|ZNF223|ZNF224|ZNF225|ZNF226|ZNF227|ZNF23|ZNF230|ZNF232|ZNF233|ZNF234|ZNF235|ZNF236|ZNF239|ZNF24|ZNF248|ZNF25|ZNF250|ZNF251|ZNF253|ZNF254|ZNF256|ZNF257|ZNF26|ZNF260|ZNF263|ZNF264|ZNF267|ZNF268|ZNF273|ZNF274|ZNF276|ZNF28|ZNF280A|ZNF280C|ZNF280D|ZNF281|ZNF283|ZNF284|ZNF286A|ZNF287|ZNF292|ZNF296|ZNF3|ZNF30|ZNF300|ZNF302|ZNF304|ZNF311|ZNF317|ZNF319|ZNF32|ZNF320|ZNF322|ZNF324|ZNF324B|ZNF329|ZNF331|ZNF333|ZNF334|ZNF335|ZNF337|ZNF33A|ZNF33B|ZNF34|ZNF341|ZNF343|ZNF345|ZNF347|ZNF35|ZNF350|ZNF354A|ZNF354B|ZNF354C|ZNF362|ZNF366|ZNF367|ZNF37A|ZNF382|ZNF383|ZNF384|ZNF391|ZNF394|ZNF396|ZNF397|ZNF398|ZNF404|ZNF407|ZNF408|ZNF41|ZNF410|ZNF414|ZNF415|ZNF416|ZNF417|ZNF418|ZNF419|ZNF420|ZNF425|ZNF426|ZNF429|ZNF43|ZNF430|ZNF431|ZNF432|ZNF433|ZNF436|ZNF438|ZNF439|ZNF44|ZNF440|ZNF441|ZNF442|ZNF443|ZNF444|ZNF445|ZNF446|ZNF449|ZNF45|ZNF454|ZNF460|ZNF461|ZNF462|ZNF467|ZNF468|ZNF469|ZNF470|ZNF471|ZNF473|ZNF479|ZNF48|ZNF480|ZNF483|ZNF484|ZNF485|ZNF486|ZNF490|ZNF491|ZNF492|ZNF493|ZNF496|ZNF497|ZNF500|ZNF501|ZNF502|ZNF507|ZNF510|ZNF512|ZNF513|ZNF514|ZNF516|ZNF517|ZNF518B|ZNF519|ZNF521|ZNF524|ZNF525|ZNF526|ZNF527|ZNF528|ZNF529|ZNF530|ZNF532|ZNF534|ZNF536|ZNF540|ZNF543|ZNF544|ZNF546|ZNF547|ZNF548|ZNF549|ZNF550|ZNF551|ZNF552|ZNF554|ZNF555|ZNF556|ZNF557|ZNF558|ZNF559|ZNF560|ZNF561|ZNF562|ZNF563|ZNF564|ZNF565|ZNF566|ZNF567|ZNF568|ZNF569|ZNF57|ZNF570|ZNF572|ZNF573|ZNF574|ZNF575|ZNF576|ZNF577|ZNF578|ZNF579|ZNF580|ZNF581|ZNF582|ZNF583|ZNF584|ZNF585A|ZNF585B|ZNF586|ZNF587|ZNF587B|ZNF589|ZNF592|ZNF594|ZNF596|ZNF597|ZNF599|ZNF600|ZNF605|ZNF606|ZNF607|ZNF610|ZNF611|ZNF613|ZNF614|ZNF615|ZNF616|ZNF619|ZNF620|ZNF621|ZNF624|ZNF625|ZNF626|ZNF627|ZNF629|ZNF630|ZNF639|ZNF641|ZNF644|ZNF646|ZNF648|ZNF649|ZNF652|ZNF653|ZNF655|ZNF66|ZNF660|ZNF662|ZNF664|ZNF665|ZNF667|ZNF668|ZNF669|ZNF670|ZNF671|ZNF672|ZNF674|ZNF675|ZNF676|ZNF677|ZNF678|ZNF679|ZNF680|ZNF681|ZNF682|ZNF684|ZNF687|ZNF688|ZNF689|ZNF69|ZNF692|ZNF695|ZNF696|ZNF697|ZNF699|ZNF70|ZNF700|ZNF701|ZNF705A|ZNF705B|ZNF705D|ZNF705G|ZNF707|ZNF708|ZNF709|ZNF71|ZNF710|ZNF711|ZNF713|ZNF716|ZNF721|ZNF724|ZNF728|ZNF729|ZNF732|ZNF736|ZNF737|ZNF738|ZNF740|ZNF746|ZNF747|ZNF749|ZNF75A|ZNF75D|ZNF76|ZNF763|ZNF764|ZNF765|ZNF766|ZNF768|ZNF77|ZNF770|ZNF771|ZNF772|ZNF773|ZNF774|ZNF775|ZNF776|ZNF777|ZNF778|ZNF780A|ZNF780B|ZNF782|ZNF783|ZNF784|ZNF785|ZNF786|ZNF789|ZNF79|ZNF790|ZNF791|ZNF792|ZNF793|ZNF799|ZNF80|ZNF800|ZNF805|ZNF808|ZNF81|ZNF813|ZNF814|ZNF816|ZNF816-ZNF321P|ZNF823|ZNF827|ZNF829|ZNF83|ZNF831|ZNF835|ZNF837|ZNF84|ZNF841|ZNF843|ZNF844|ZNF845|ZNF846|ZNF85|ZNF850|ZNF852|ZNF853|ZNF860|ZNF862|ZNF865|ZNF875|ZNF878|ZNF879|ZNF880|ZNF90|ZNF91|ZNF92|ZNF93|ZNF98|ZSCAN1|ZSCAN10|ZSCAN12|ZSCAN16|ZSCAN18|ZSCAN2|ZSCAN21|ZSCAN22|ZSCAN23|ZSCAN29|ZSCAN30|ZSCAN31|ZSCAN32|ZSCAN4|ZSCAN5A|ZSCAN9|ZXDA|ZXDB|ZXDC,3875,ADH1B|ARF1|GSTZ1|ISYNA1|ITPR1|NAGA|PAEP|PAPSS1|PLA2G2E|PPARD|TRDMT1,11,,,3875,A06AG04|A06AX01,ADH1B|ARF1|GSTZ1|ISYNA1|ITPR1|NAGA|PAEP|PAPSS1|PLA2G2E|PPARD|TRDMT1,11
PFNFFQXMRSDOHW-UHFFFAOYSA-N,PFNFFQXMRSDOHW,PFNFFQXMRSDOHW-UHFFFAOYSA-N,DB00127,Spermine,full_inchikey,AANAT|ACAD8|ACAD9|ACADM|ACADS|ACADSB|ACADVL|ACOX1|ACOX2|ACOX3|ACOXL|ADRB1|ADRB2|CA1|CA12|CA14|CA2|CA3|CA4|CA5A|CA5B|CA6|CA7|CA9|CASP2|CASR|CLPB|CYP11A1|CYP11B1|CYP11B2|CYP17A1|CYP1A1|CYP1A2|CYP20A1|CYP24A1|CYP26A1|CYP26B1|CYP27A1|CYP27B1|CYP27C1|CYP2A13|CYP2A6|CYP2A7|CYP2B6|CYP2C18|CYP2C19|CYP2C8|CYP2C9|CYP2E1|CYP2F1|CYP2J2|CYP2R1|CYP2S1|CYP2U1|CYP2W1|CYP39A1|CYP3A4|CYP3A43|CYP3A5|CYP3A7|CYP46A1|CYP4A11|CYP4A22|CYP4B1|CYP4F11|CYP4F12|CYP4F2|CYP4F22|CYP4F3|CYP4V2|CYP4X1|CYP4Z1|CYP51A1|CYP7A1|CYP7B1|CYP8B1|DRD1|GCDH|GNPNAT1|GRIN1|GRIN2A|GRIN2B|KDM1A|KDM1B|MAOA|MAOB|MPO|ODC1|PTGIS|SAT1|SAT2|SATL1|SLC22A1|SLC22A4|SMOX|SMS|SRM|TDP1|TYMS|UBE2N|XDH,101,ADRB1|ADRB2|CA14|CA4|CA6|CA9|CASR|GRIN1|GRIN2A|ODC1|SMOX|SMS,12,5.221023108895468,5.085145059366608,101,,ADRB1|ADRB2|CA14|CA4|CA6|CA9|CASR|GRIN1|GRIN2A|ODC1|SMOX|SMS,12
PFTAWBLQPZVEMU-DZGCQCFKSA-N,PFTAWBLQPZVEMU,PFTAWBLQPZVEMU-DZGCQCFKSA-N,DB14086,Cianidanol,full_inchikey,ALPG|ALPI|ALPL|BACE1|CA1|CA12|CA14|CA2|CA3|CA4|CA5A|CA5B|CA6|CA7|CA9|CD38|DAPK1|F2|FEN1|MTNR1A|MTNR1B|OPRD1|OPRK1|POLB|POLH|PTGS1|PTGS2|XDH,28,CA1|CA12|CA14|CA2|CA4|CA6|CA9|PTGS1,8,4.861748033207456,4.899998417198648,28,,CA1|CA12|CA14|CA2|CA4|CA6|CA9|PTGS1,8
PGAVKCOVUIYSFO-XVFCMESISA-N,PGAVKCOVUIYSFO,PGAVKCOVUIYSFO-XVFCMESISA-N,DB04005,Uridine 5'-triphosphate,full_inchikey,CAD|CGAS|IFIT5|ILF2|LIG1|LIG3|MED26|MTPAP|P2RX1|P2RX2|P2RX3|P2RX4|P2RX5|P2RX6|P2RY1|P2RY11|P2RY2|P2RY4|P2RY6|POLR1A|POLR1B|POLR1D|POLR1H|POLR2B|POLR2C|POLR2E|POLR2F|POLR2I|POLR2J|POLR2J3|POLR2K|POLR2L|POLR3A|POLR3B|POLR3K|PPEF1|PPEF2|PPP2CA|PPP2CB|PPP3CA|PPP3CB|PPP3CC|PPP4C|PPP5C|PRIM1|TCEA1|TCEA2|TCEA3|TCEANC2|TENT2|TENT4A|TENT4B|TUT1|TUT4|TUT7|UAP1|UAP1L1|UBXN7|UCK2|UGP2|ZFR|ZFR2,62,P2RY11|P2RY2|P2RY4|P2RY6|UCK2,5,6.163975400938968,6.1419983281826,62,,P2RY11|P2RY2|P2RY4|P2RY6|UCK2,5
PHIQHXFUZVPYII-ZCFIWIBFSA-N,PHIQHXFUZVPYII,PHIQHXFUZVPYII-ZCFIWIBFSA-N,DB00583,Levocarnitine,full_inchikey,CES1|CHAT|CPT1A|CPT1B|CPT1C|CPT2|CRAT|CROT|MPO|SLC22A16|SLC22A4|SLC22A5|SLC22A8|SLC25A20|SLC25A29|SLCO1B1|XDH,17,CES1|CPT1A|CPT1B|CPT2|CRAT|CROT|MPO|SLC22A4|SLC22A5|SLC25A20|SLC25A29|XDH,12,4.522878745280337,4.522878745280337,17,A16AA01,CES1|CPT1A|CPT1B|CPT2|CRAT|CROT|MPO|SLC22A4|SLC22A5|SLC25A20|SLC25A29|XDH,12
PMATZTZNYRCHOR-CGLBZJNRSA-N,PMATZTZNYRCHOR,PMATZTZNYRCHOR-CGLBZJNRSA-N,DB00091,Cyclosporine,full_inchikey,ABCB1|ABCB10|ABCB11|ABCB4|ABCB5|ABCB8|ABCB9|ABCC1|ABCC10|ABCC11|ABCC12|ABCC2|ABCC3|ABCC4|ABCC5|ABCC6|ABCC8|ABCC9|ABCG2|ADRA1A|AR|ATXN2|CAMLG|CFTR|CYP19A1|CYP1A2|CYP2C19|CYP2C9|CYP2D6|CYP3A4|CYP3A43|CYP3A5|CYP3A7|CYP3A7-CYP3A51P|DHODH|ESR1|ESRRA|FKBP1A|FKBP1B|FKBP4|FPR1|GLI3|IL2|LDLR|NFE2L2|NGF|NR1H4|NR1I2|NR1I3|NSD2|PDGFB|PPIA|PPIB|PPID|PPIF|PPP3CA|PPP3CC|PPP3R1|PPP3R2|RARB|SLC10A1|SLC10A2|SLC22A6|SLCO1B1|SLCO1B3|SLCO2B1|SP1|TACR1|TACR2|TAP1,70,CAMLG|PPIA|PPIF|PPP3CA|PPP3R2,5,5.701864398870952,5.54868955416217,70,L04AD01|S01XA18,CAMLG|PPIA|PPIF|PPP3CA|PPP3R2,5
POULHZVOKOAJMA-UHFFFAOYSA-N,POULHZVOKOAJMA,POULHZVOKOAJMA-UHFFFAOYSA-N,DB03017,Lauric acid,full_inchikey,ADH5|ALB|AR|C8G|CD55|CYP2C19|FFAR1|FFAR4|GLTP|GM2A|GPR84|HNF4A|LTF|LY96|OXSM|PAEP|PLA2G2A|PLA2G2D|PPARA|PPARD|PPARG|RXRA|TLR4|UNC119|VLDLR,25,ADH5|C8G|GLTP|GM2A|HNF4A|LTF|LY96|PLA2G2A|PLA2G2D|PPARA|TLR4|VLDLR,12,4.7793585662070495,4.522878745280337,25,,ADH5|C8G|GLTP|GM2A|HNF4A|LTF|LY96|PLA2G2A|PLA2G2D|PPARA|TLR4|VLDLR,12
PTOAARAWEBMLNO-KVQBGUIXSA-N,PTOAARAWEBMLNO,PTOAARAWEBMLNO-KVQBGUIXSA-N,DB00242,Cladribine,full_inchikey,ABCB1|ABCC3|ABCC4|ABCG2|ADA|BCL2L11|CREB1|CYP1A2|DCK|DGUOK|ESR1|ESRRA|GLI3|NR1I2|NR5A1|NSD2|PARP1|PDE4D|PNP|POLA1|POLE|POLE2|POLE3|POLE4|RARA|RORA|RRM1|RRM2|RRM2B|SLC28A3|SLC29A1|SYK|TP53|YES1,34,ADA|PARP1|PNP|POLA1|POLE|POLE2|POLE3|POLE4|RRM1|RRM2|RRM2B,11,5.28175349754708,5.392135969670778,34,L01BB04|L04AA40,ADA|PARP1|PNP|POLA1|POLE|POLE2|POLE3|POLE4|RRM1|RRM2|RRM2B,11
PVKSNHVPLWYQGJ-FCIPNVEPSA-N,PVKSNHVPLWYQGJ,PVKSNHVPLWYQGJ-FCIPNVEPSA-N,DB04395,Phosphoaminophosphonic Acid-Adenylate Ester,full_inchikey,ACTA1|CCT3|CFTR|CSNK2A1|DAPK1|DTYMK|EPHA2|EPHB2|GALK1|GSK3B|GSS|HK1|IGF1R|ITPKA|KIF1A|KIF2C|LCK|MAPK10|MAPK12|PFKFB4|PIM1|RAD51|SRPK2|TOP2B|TRPM7|VCP,26,ACTA1|CCT3|CFTR|CSNK2A1|DAPK1|DTYMK|EPHA2|EPHB2|GALK1|GSK3B|GSS|HK1|IGF1R|ITPKA|KIF1A|KIF2C|LCK|MAPK10|MAPK12|PFKFB4|PIM1|RAD51|SRPK2|TOP2B|TRPM7|VCP,26,,,26,,ACTA1|CCT3|CFTR|CSNK2A1|DAPK1|DTYMK|EPHA2|EPHB2|GALK1|GSK3B|GSS|HK1|IGF1R|ITPKA|KIF1A|KIF2C|LCK|MAPK10|MAPK12|PFKFB4|PIM1|RAD51|SRPK2|TOP2B|TRPM7|VCP,26
PVNIIMVLHYAWGP-UHFFFAOYSA-N,PVNIIMVLHYAWGP,PVNIIMVLHYAWGP-UHFFFAOYSA-N,DB00627,Niacin,full_inchikey,APP|CYP2D6|CYP2E1|CYP3A4|DAO|DDO|DGAT2|HCAR2|HCAR3|HTR2A|NFE2L2|NNMT|QPRT|SERPINA7|SLC16A1|SLC16A3|SLC22A5|SLC47A1|SLC5A8|SLCO2B1|SNCA|XDH,22,DGAT2|HCAR2|HCAR3|NNMT|QPRT,5,4.810076465208167,4.62,22,C04AC01|C10AD02|C10AD52|C10BA01,DGAT2|HCAR2|HCAR3|NNMT|QPRT,5
PWKSKIMOESPYIA-BYPYZUCNSA-N,PWKSKIMOESPYIA,PWKSKIMOESPYIA-BYPYZUCNSA-N,DB06151,Acetylcysteine,full_inchikey,ACY1|ALB|CHUK|CYP2C19|FCN2|GRIN1|GRIN2A|GRIN2B|GRIN2D|GRIN3A|GSS|HDAC1|IKBKB|LYZ|PTGS2|RXRA|SLC22A6|SLC7A11|SLCO1B1,19,ACY1|CHUK|GRIN1|GRIN2A|GRIN2B|GRIN2D|GRIN3A|GSS|IKBKB|SLC7A11,10,4.351341082630831,4.642631327426667,19,R05CB01|S01XA08|V03AB23,ACY1|CHUK|GRIN1|GRIN2A|GRIN2B|GRIN2D|GRIN3A|GSS|IKBKB|SLC7A11,10
PWWVAXIEGOYWEE-UHFFFAOYSA-N,PWWVAXIEGOYWEE,PWWVAXIEGOYWEE-UHFFFAOYSA-N,DB01069,Promethazine,full_inchikey,ABCB1|ABCC3|ABCC4|ACKR3|ADORA1|ADORA2A|ADORA2B|ADRA1A|ADRA1B|ADRA1D|ADRA2A|ADRA2B|ADRA2C|ADRB1|ADRB2|ADRB3|AGTR1|AGTR2|ALB|APLNR|AR|ATXN2|AVPR1A|AVPR1B|AVPR2|BDKRB1|BRS3|CACNA1B|CALM1|CBX1|CCKAR|CCKBR|CCR1|CCR3|CCR4|CCR5|CCR9|CHRM1|CHRM2|CHRM3|CHRM4|CHRM5|CNR1|CNR2|CXCR4|CXCR6|CYP1A2|CYP2B6|CYP2C19|CYP2C9|CYP2D6|CYP3A7|DRD1|DRD2|DRD3|DRD4|DRD5|EDNRA|EDNRB|ESR2|FFAR4|GALR1|GALR2|GALR3|GHSR|GLI3|GNRHR|GPR119|GPR12|GPR135|GPR139|GPR142|GPR148|GPR150|GPR151|GPR161|GPR173|GPR176|GPR19|GPR22|GPR26|GPR27|GPR3|GPR37|GPR37L1|GPR39|GPR45|GPR52|GPR6|GPR61|GPR62|GPR63|GPR65|GPR78|GPR83|GPR84|GPR85|GPR88|GPT2|GRPR|HCRTR1|HCRTR2|HRH1|HRH2|HRH3|HRH4|HTR1A|HTR1B|HTR1E|HTR1F|HTR2A|HTR2B|HTR2C|HTR4|HTR5A|HTR6|HTR7|HTT|JUN|KCNH2|KISS1R|LPAR1|LPAR2|LPAR3|LSP1|LTB4R|LTB4R2|MC1R|MC2R|MC3R|MC4R|MC5R|MCHR1|MCHR2|MLNR|NMBR|NMUR1|NMUR2|NPBWR2|NPFFR1|NPFFR2|NPSR1|NPY1R|NPY2R|NPY4R|NPY5R|NSD2|NTSR1|NTSR2|OPN1LW|OPN1MW2|OPN1SW|OPN3|OPN4|OPN5|OPRD1|OPRK1|OPRL1|OPRM1|OXTR|PRLHR|PRNP|PROKR1|PROKR2|PTGDR|PTGER1|PTGER2|PTGER3|PTGER4|PTGFR|PTGIR|QRFPR|RARA|RGR|RHO|RRH|RXFP3|RXFP4|SCN1A|SCN2A|SCN3A|SIGMAR1|SLC22A1|SLC6A2|SLC6A4|SSTR1|SSTR2|SSTR4|SSTR5|TAAR1|TAAR2|TAAR5|TAAR6|TAAR8|TBXA2R|TMIGD3|TRHR|UTS2R,198,ADRA1A|CALM1|CHRM1|CHRM2|CHRM3|CHRM4|CHRM5|DRD2|HRH1|HRH2|KCND1|LPAR4|SCN1A,13,5.795797452440501,5.560032214764547,198,D04AA10|R06AD02|R06AD52|V03AB05,ADRA1A|CALM1|CHRM1|CHRM2|CHRM3|CHRM4|CHRM5|DRD2|HRH1|HRH2|KCND1|LPAR4|SCN1A,13
PXGPLTODNUVGFL-YNNPMVKQSA-N,PXGPLTODNUVGFL,PXGPLTODNUVGFL-YNNPMVKQSA-N,DB12789,Dinoprost,full_inchikey,ABCC3|ABCC4|ACKR3|ADORA1|ADORA2A|ADORA2B|ADRA1A|ADRA1B|ADRA1D|ADRA2A|ADRA2C|ADRB1|ADRB2|ADRB3|AGTR1|AGTR2|APLNR|AVPR1A|AVPR1B|AVPR2|BDKRB1|BRS3|CCKAR|CCKBR|CCR1|CCR3|CCR4|CCR5|CCR9|CNR1|CNR2|CXCR4|CXCR6|DRD2|DRD3|DRD4|DRD5|EDNRA|EDNRB|ESR1|FFAR4|GALR1|GALR2|GALR3|GHSR|GNRHR|GPR119|GPR12|GPR135|GPR139|GPR142|GPR148|GPR150|GPR151|GPR161|GPR173|GPR176|GPR19|GPR22|GPR26|GPR27|GPR3|GPR37|GPR37L1|GPR39|GPR45|GPR52|GPR6|GPR61|GPR62|GPR63|GPR65|GPR78|GPR83|GPR84|GPR85|GPR88|GRPR|HCRTR1|HCRTR2|HRH2|HRH3|HRH4|HTR1A|HTR1B|HTR1E|HTR1F|HTR2B|HTR2C|HTR4|HTR5A|HTR6|HTR7|KISS1R|LPAR1|LPAR2|LPAR3|LSP1|LTB4R|LTB4R2|MC1R|MC2R|MC3R|MC4R|MC5R|MCHR1|MCHR2|MLNR|NMBR|NMUR1|NMUR2|NPBWR2|NPFFR1|NPFFR2|NPSR1|NPY1R|NPY2R|NPY4R|NPY5R|NTSR1|NTSR2|OPN1LW|OPN1MW2|OPN1SW|OPN3|OPN4|OPN5|OPRD1|OPRK1|OPRL1|OPRM1|OXTR|PRLHR|PROKR1|PROKR2|PTGDR|PTGDR2|PTGER1|PTGER2|PTGER3|PTGER4|PTGFR|PTGIR|QRFPR|RGR|RHO|RRH|RXFP3|RXFP4|SLC22A1|SLC22A11|SLC22A2|SLC22A6|SLC22A7|SLC22A8|SLCO1A2|SLCO1B1|SLCO1B3|SLCO1B3-SLCO1B7|SLCO2A1|SLCO2B1|SLCO3A1|SLCO4A1|SLCO4C1|SLCO5A1|SLCO6A1|SSTR1|SSTR2|SSTR4|SSTR5|TAAR1|TAAR2|TAAR5|TAAR6|TAAR8|TBXA2R|TMIGD3|TRHR|UTS2R,179,PTGDR|PTGDR2|PTGER1|PTGER2|PTGER3|PTGER4|PTGFR|TBXA2R,8,6.065477878959758,6.2403321553103694,179,G02AD01,PTGDR|PTGDR2|PTGER1|PTGER2|PTGER3|PTGER4|PTGFR|TBXA2R,8
PXXJHWLDUBFPOL-UHFFFAOYSA-O,PXXJHWLDUBFPOL,PXXJHWLDUBFPOL-UHFFFAOYSA-O,DB03127,Benzamidine,full_inchikey,ATOX1|C1S|CSNK2A1|ECI1|F10|F2|KLK1|KLK6|PLAT|PLAU|PRSS1|PRSS2|PRSS3|ST14|TPSB2,15,ATOX1|CSNK2A1|ECI1|KLK1|KLK6|PLAU|PRSS1|PRSS2|PRSS3|ST14,10,3.7913854287427817,3.833447400539459,15,,ATOX1|CSNK2A1|ECI1|KLK1|KLK6|PLAU|PRSS1|PRSS2|PRSS3|ST14,10
PYUSHNKNPOHWEZ-YFKPBYRVSA-N,PYUSHNKNPOHWEZ,PYUSHNKNPOHWEZ-YFKPBYRVSA-N,DB04464,N-Formylmethionine,full_inchikey,ATP5MC1|ATP5MC2|ATP5MC3|ATP6V0B|ATP6V0C|B2M|CLPP|COA6|COX4I1|COX4I2|COX5A|COX5B|COX6A1|COX6A2|COX6B1|COX6B2|COX6C|COX7A1|COX7B|COX7C|COX8A|CYC1|FDPS|FNTA|FNTB|GDAP2|GGPS1|HLA-A|HLA-B|HLA-C|HLA-F|HLA-G|IMP3|MACROD1|MACROD2|MACROH2A1|MACROH2A2|MR1|MRPS10|MRPS11|MRPS12|MRPS14|MRPS15|MRPS16|MRPS18A|MRPS18C|MRPS2|MRPS5|MRPS6|MRPS7|MRPS9|MT-CO1|MT-CO2|MT-CO3|MT-CYB|MT-ND1|MT-ND3|MTFMT|NAPEPLD|PARP14|PARP15|PARP9|PDSS1|PDSS2|PGGT1B|PMPCA|PMPCB|RABGGTA|RABGGTB|RNASE1|RPS11|RPS13|RPS14|RPS15|RPS15A|RPS16|RPS18|RPS2|RPS20|RPS23|RPS29|RPS3|RPS5|RPS9|RPSA|RUSC1|S100B|S100G|SERPINC1|UBB|UBC|UQCR10|UQCRB|UQCRC1|UQCRC2|UQCRFS1|UQCRH|UQCRQ,98,B2M|CLPP|COX4I1|COX5A|COX5B|COX6A2|COX6B1|COX6C|COX7A1|COX7B|COX7C|COX8A|HLA-B|MT-CO1|MT-CO2|MT-CO3|MT-ND1|MT-ND3|RABGGTA|RABGGTB|RNASE1|S100B|S100G|SERPINC1|UBC,25,,,98,,B2M|CLPP|COX4I1|COX5A|COX5B|COX6A2|COX6B1|COX6C|COX7A1|COX7B|COX7C|COX8A|HLA-B|MT-CO1|MT-CO2|MT-CO3|MT-ND1|MT-ND3|RABGGTA|RABGGTB|RNASE1|S100B|S100G|SERPINC1|UBC,25
QDLHCMPXEPAAMD-QAIWCSMKSA-N,QDLHCMPXEPAAMD,QDLHCMPXEPAAMD-QAIWCSMKSA-N,DB08059,Wortmannin,full_inchikey,ABCB11|ABCC2|ABCC3|ABCC4|ATR|BOLA2-SMG1P6|C5|EGFLAM|EPAS1|HIF1A|HSP90AA1|IGFN1|IGSF22|IL12A|IL12B|ITGAV|ITGB3|MAPT|MTOR|MYLK|OBSCN|OBSL1|PI4KA|PI4KB|PIK3C2A|PIK3C2B|PIK3C3|PIK3CA|PIK3CB|PIK3CD|PIK3CG|PIK3R1|PIK3R5|PIM2|PLK1|PLK2|PLK3|PLK4|PLK5|POLI|PRKDC|PTGER1|REL|RPS6|SMG1|SPEG|THRA|TRRAP|TTN|VDR,50,PIK3CA|PIK3CD|PIK3CG|PIK3R1|PLK1,5,6.085944462118055,6.358273661756906,50,,PIK3CA|PIK3CD|PIK3CG|PIK3R1|PLK1,5
QGWNDRXFNXRZMB-UUOKFMHZSA-N,QGWNDRXFNXRZMB,QGWNDRXFNXRZMB-UUOKFMHZSA-N,DB04315,Guanosine-5'-Diphosphate,full_inchikey,ADAM17|ADSS1|ARF1|ARF4|ARF6|ARL1|ARL3|ARL5A|ARL5B|CDC42|EEF1A1|EEF2|EFL1|EIF2S3|FUT5|FUT6|FUT7|FUT9|GMDS|GNAI1|GNAT1|GSPT1|HRAS|IRGC|KRAS|MMP2|MMP7|NME1|NME2|P2RY6|RAB11A|RAB5A|RAB7A|RAB8B|RAB9A|RAC1|RALA|RAN|RAP2A|RHEB|RHOA|SAR1B|SOS1|ST3GAL1|TGM2|TGM3|TUFM,47,ADSS1|ARF1|ARF4|ARF6|ARL1|ARL3|ARL5A|ARL5B|CDC42|EEF1A1|EEF2|EFL1|EIF2S3|GMDS|GNAI1|GNAT1|GSPT1|HRAS|IRGC|NME1|NME2|RAB11A|RAB5A|RAB7A|RAB8B|RAB9A|RAC1|RALA|RAN|RAP2A|RHEB|RHOA|SAR1B|TGM2|TGM3|TUFM,36,4.499616997278596,4.170682615660455,47,,ADSS1|ARF1|ARF4|ARF6|ARL1|ARL3|ARL5A|ARL5B|CDC42|EEF1A1|EEF2|EFL1|EIF2S3|GMDS|GNAI1|GNAT1|GSPT1|HRAS|IRGC|NME1|NME2|RAB11A|RAB5A|RAB7A|RAB8B|RAB9A|RAC1|RALA|RAN|RAP2A|RHEB|RHOA|SAR1B|TGM2|TGM3|TUFM,36
QHMBSVQNZZTUGM-ZWKOTPCHSA-N,QHMBSVQNZZTUGM,QHMBSVQNZZTUGM-ZWKOTPCHSA-N,DB09061,Cannabidiol,full_inchikey,AANAT|ABCB1|ABCC1|ABCG2|ABTB1|ACAT1|ADORA1|ADRA2B|ADRA2C|ALOX15|ALOX5|ANK1|ANK2|ANK3|ANKDD1B|ANKEF1|ANKFY1|ANKHD1-EIF4EBP3|ANKK1|ANKRA2|ANKRD1|ANKRD10|ANKRD16|ANKRD17|ANKRD18A|ANKRD18B|ANKRD2|ANKRD22|ANKRD23|ANKRD24|ANKRD26|ANKRD27|ANKRD28|ANKRD29|ANKRD30A|ANKRD30B|ANKRD30BL|ANKRD35|ANKRD36|ANKRD36C|ANKRD37|ANKRD39|ANKRD42|ANKRD44|ANKRD46|ANKRD49|ANKRD50|ANKRD52|ANKRD53|ANKRD54|ANKRD55|ANKRD6|ANKRD60|ANKRD61|ANKRD63|ANKRD65|ANKRD66|ANKRD7|ANKRD9|ANKS1A|ANKS1B|ANKS3|ANKS4B|ANKS6|ASB1|ASB10|ASB11|ASB12|ASB13|ASB14|ASB15|ASB16|ASB18|ASB2|ASB4|ASB5|ASB6|ASB7|ASB8|ASB9|ASPG|ASZ1|BARD1|BCL3|CACNA1G|CACNA1H|CACNA1I|CASKIN1|CASKIN2|CASP1|CAT|CDKN2B|CDKN2C|CDKN2D|CES1|CHRM2|CHRNA7|CNR1|CNR2|CRYZ|CTTNBP2|CYP17A1|CYP1A1|CYP1A2|CYP1B1|CYP2A6|CYP2B6|CYP2C19|CYP2C8|CYP2C9|CYP2D6|CYP2E1|CYP2J2|CYP3A4|CYP3A5|CYP3A7|DAGLA|DIABLO|DRD1|EHMT1|EHMT2|ESPNL|FAAH|FABP1|FANK1|FEM1A|FEM1B|FEM1C|FPGT-TNNI3K|GABPB1|GABPB2|GLRA1|GLRA3|GPR119|GPR12|GPR18|GPR55|GPX1|GPX4|GSR|HACE1|HCRTR1|HMGCR|HRH3|HTR1A|HTR2A|HTR2B|HTR2C|HTR3A|IDO1|IFNB1|ILK|INVS|KANK1|KANK3|KANK4|KIDINS220|LDHA|MIB1|MPHOSPH8|NAAA|NFKB1|NFKB2|NFKBIA|NFKBIB|NFKBIE|NFKBIZ|NKPD1|NOTCH2|NOTCH3|NOTCH4|NQO1|NR1I2|NR1I3|NRARP|NSD2|OPRD1|OPRK1|OPRM1|PIDD1|PLA2G6|POTEB|POTEB2|POTEC|POTED|POTEE|POTEH|POTEI|POTEJ|PPARG|PPP1R12A|PPP1R12C|PPP1R16A|PPP1R16B|PPP1R27|PSMD10|PTGS1|PTGS2|RAI14|RFXANK|RIPK4|RNASEL|SHANK1|SHANK2|SLC29A1|SNCAIP|SOD1|SOWAHC|SYK|TANC1|TANC2|TBXA2R|TMEM97|TNKS|TNKS2|TONSL|TRPA1|TRPM8|TRPV1|TRPV2|TRPV3|TRPV4|UACA|UGT1A7|UGT1A9|UGT2B17|UGT2B7|VDAC1|XIAP|ZDHHC13|ZDHHC17,231,AANAT|ACAT1|ADORA1|CACNA1G|CACNA1H|CACNA1I|CAT|CHRNA7|CNR1|CNR2|CYP17A1|GLRA1|GLRA3|GPR12|GPR18|GPR55|GPX1|GSR|HMGCR|HTR1A|HTR2A|HTR3A|IDO1|NAAA|NQO1|OPRD1|OPRM1|PPARG|PTGS1|PTGS2|SOD1|TRPA1|TRPM8|TRPV1|TRPV2|TRPV3|TRPV4|VDAC1,38,,5.503372081961455,231,N03AX24,AANAT|ACAT1|ADORA1|CACNA1G|CACNA1H|CACNA1I|CAT|CHRNA7|CNR1|CNR2|CYP17A1|GLRA1|GLRA3|GPR12|GPR18|GPR55|GPX1|GSR|HMGCR|HTR1A|HTR2A|HTR3A|IDO1|NAAA|NQO1|OPRD1|OPRM1|PPARG|PTGS1|PTGS2|SOD1|TRPA1|TRPM8|TRPV1|TRPV2|TRPV3|TRPV4|VDAC1,38
QNAYBMKLOCPYGJ-REOHCLBHSA-N,QNAYBMKLOCPYGJ,QNAYBMKLOCPYGJ-REOHCLBHSA-N,DB00160,Alanine,full_inchikey,AARS1|AARS2|ABAT|ABHD10|ABHD11|ABHD14A|ABHD14B|ABHD4|ABHD5|ACACB|ACR|AGXT|AGXT2|AIMP2|ALDH16A1|ALDH1A1|ALDH1A2|ALDH1A3|ALDH1B1|ALDH1L1|ALDH1L2|ALDH2|ALDH3A1|ALDH3A2|ALDH3B2|ALDH4A1|ALDH5A1|ALDH7A1|ALDH8A1|ALDH9A1|ANPEP|AOPEP|AZU1|BPGM|C1RL|C1S|C2|CARNS1|CELA1|CELA2A|CELA2B|CELA3A|CELA3B|CFB|CFD|CFI|CMA1|CORIN|CTRB1|CTRB2|CTRC|CTRL|CTSG|CWC27|ELANE|ENOSF1|ENPEP|EPHX1|ERAP1|ERAP2|F10|F11|F12|F2|F7|F9|GATM|GPT|GPT2|GZMA|GZMB|GZMH|GZMK|GZMM|HABP2|HGF|HGFAC|HP|HPN|HPR|IFFO2|IL4I1|KARS1|KLK1|KLK10|KLK11|KLK12|KLK13|KLK14|KLK15|KLK2|KLK3|KLK4|KLK5|KLK6|KLK7|KLK8|KLKB1|KYNU|LIPA|LIPF|LIPJ|LIPK|LIPM|LIPN|LNPEP|LPA|LTA4H|LVRN|MASP1|MASP2|MDH2|MST1|NCS1|NFS1|NKTR|NPEPPS|OVCH1|PGAM1|PGAM2|PGAM4|PHYKPL|PIN1|PLAT|PLAU|PLG|PPIA|PPIAL4D|PPIAL4F|PPIAL4G|PPID|PPIE|PPIF|PPIG|PPIH|PPIL1|PPIL3|PPIL4|PPIL6|PPME1|PROC|PROZ|PRSS1|PRSS12|PRSS21|PRSS22|PRSS27|PRSS3|PRSS33|PRSS36|PRSS37|PRSS38|PRSS48|PRSS50|PRSS53|PRSS54|PRSS55|PRSS57|PRSS58|PRSS8|PRTN3|PVR|RANBP2|RNPEP|RNPEPL1|SERHL2|SLC15A1|SLC15A2|SLC15A3|SLC15A4|SLC15A5|SLC16A10|SLC1A4|SLC36A1|SLC6A1|SLC6A11|SLC6A12|SLC6A13|SLC6A15|SLC6A16|SLC6A17|SLC6A18|SLC6A19|SLC6A2|SLC6A20|SLC6A3|SLC6A4|SLC6A5|SLC6A7|SLC6A8|SLC6A9|SLC7A8|SRPK1|SRSF1|ST14|TMPRSS11A|TMPRSS11B|TMPRSS11D|TMPRSS11E|TMPRSS11F|TMPRSS12|TMPRSS13|TMPRSS15|TMPRSS2|TMPRSS4|TMPRSS5|TMPRSS6|TMPRSS7|TPSAB1|TPSD1|TPSG1|TRHDE|XDH,213,AARS1|AARS2|ABAT|AGXT|AGXT2|GPT|GPT2|KYNU|NFS1|PHYKPL|SLC1A4|SLC36A1|SLC7A8,13,3.3873453591370684,3.3873453591370684,213,,AARS1|AARS2|ABAT|AGXT|AGXT2|GPT|GPT2|KYNU|NFS1|PHYKPL|SLC1A4|SLC36A1|SLC7A8,13
QTBSBXVTEAMEQO-UHFFFAOYSA-M,QTBSBXVTEAMEQO,QTBSBXVTEAMEQO-UHFFFAOYSA-M,DB14511,Acetate,full_inchikey,AACS|AADAC|AADACL2|AADACL3|AADACL4|AADAT|AANAT|ABAT|ABCB1|ABCB10|ABCB4|ABCB5|ABCB8|ABCB9|ABCC1|ABCC10|ABCC11|ABCC12|ABCC3|ABCC5|ABCC6|ABCC8|ABCC9|ABHD10|ABHD11|ABHD14A|ABHD14A-ACY1|ABHD14B|ABHD4|ABHD5|ABL1|ABL2|ABTB1|ACAD10|ACAD11|ACAD8|ACCS|ACCSL|ACE|ACHE|ACKR3|ACLY|ACMSD|ACO1|ACOT13|ACP2|ACP3|ACP4|ACP5|ACP7|ACR|ACSM1|ACSM2A|ACSM2B|ACSM3|ACSM4|ACSM5|ACSS1|ACSS2|ACSS3|ACTA1|ACTA2|ACTBL2|ACTC1|ACTG2|ACTL6A|ACTL6B|ACTL7A|ACTL7B|ACTL8|ACTL9|ACTR10|ACTR1A|ACTR1B|ACTR2|ACTR3|ACTR3B|ACTR3C|ACTR8|ACTRT1|ACTRT2|ACTRT3|ACY1|ACY3|ADAT2|ADAT3|ADCY10|ADD1|ADD2|ADD3|ADH4|ADH7|ADK|ADORA1|ADORA2A|ADORA2B|ADPRM|ADRA1A|ADRA1B|ADRA1D|ADRA2A|ADRA2C|ADRB1|ADRB2|ADRB3|ADSS1|ADSS2|AEBP2|AFM|AFMID|AFP|AGBL1|AGBL3|AGBL4|AGBL5|AGER|AGTPBP1|AGTR1|AGTR2|AGXT|AGXT2|AIMP1|AKR1C2|AKR1C3|ALAS1|ALB|ALDH16A1|ALDH1A1|ALDH1A2|ALDH1A3|ALDH1B1|ALDH1L1|ALDH1L2|ALDH2|ALDH3A1|ALDH3A2|ALDH3B2|ALDH4A1|ALDH5A1|ALDH7A1|ALDH8A1|ALDH9A1|ALKBH1|ALKBH2|ALKBH3|ALKBH5|ALKBH7|ALKBH8|ALPP|AMDHD1|ANG|ANK1|ANK2|ANK3|ANKDD1B|ANKEF1|ANKFY1|ANKHD1-EIF4EBP3|ANKK1|ANKRA2|ANKRD1|ANKRD10|ANKRD16|ANKRD17|ANKRD18A|ANKRD18B|ANKRD2|ANKRD22|ANKRD23|ANKRD24|ANKRD26|ANKRD27|ANKRD28|ANKRD29|ANKRD30A|ANKRD30B|ANKRD30BL|ANKRD35|ANKRD36|ANKRD36C|ANKRD37|ANKRD39|ANKRD42|ANKRD44|ANKRD46|ANKRD49|ANKRD50|ANKRD52|ANKRD53|ANKRD54|ANKRD55|ANKRD6|ANKRD60|ANKRD61|ANKRD63|ANKRD65|ANKRD66|ANKRD7|ANKRD9|ANKS1A|ANKS1B|ANKS3|ANKS4B|ANKS6|ANPEP|ANTKMT|ANTXR1|ANTXR2|APAF1|APCS|APEX1|APIP|APLNR|APP|APRT|APTX|ARFGEF1|ASB1|ASB10|ASB11|ASB12|ASB13|ASB14|ASB15|ASB16|ASB18|ASB2|ASB4|ASB5|ASB6|ASB7|ASB8|ASB9|ASF1A|ASF1B|ASPA|ASPG|ASZ1|ATMIN|ATOX1|ATP10A|ATP11B|ATP11C|ATP12A|ATP13A1|ATP1A1|ATP1A2|ATP1A4|ATP2A1|ATP2A2|ATP2A3|ATP2C2|ATP4A|ATP5MC1|ATP5MC2|ATP5MC3|ATP6V0B|ATP6V0C|ATP6V1A|ATP7A|ATP7B|ATP8B2|ATP8B4|AUH|AURKA|AVPR1A|AVPR1B|AVPR2|AXL|AZU1|B4GALT7|BACE1|BACE2|BAG3|BAG4|BAG5|BARD1|BCAR1|BCAT2|BCHE|BCKDK|BCL11A|BCL11B|BCL3|BCL6|BCL6B|BDH2|BDKRB1|BHMT|BHMT2|BLK|BLM|BMX|BRCA1|BRD1|BRD4|BRMS1|BRS3|BRWD1|BSG|BTD|BTK|BUB1B|BUB3|C1RL|C1S|C2|C2ORF81|CA1|CA10|CA12|CA13|CA14|CA2|CA3|CA4|CA5A|CA5B|CA9|CABP1|CABP2|CABP4|CABP5|CABP7|CALB1|CALB2|CALM1|CALM2|CALM3|CALML3|CALML4|CALML5|CALML6|CALN1|CAMK1|CAMK1G|CAMK2D|CAMK4|CAMKV|CANT1|CAPS2|CAPSL|CARD10|CARD14|CASK|CASKIN1|CASKIN2|CASP6|CAT|CBR1|CBR3|CBR4|CBS|CBX3|CBX6|CCIN|CCKAR|CCKBR|CCL2|CCNK|CCR1|CCR3|CCR4|CCR5|CCR9|CCS|CD1B|CD200R1|CD200R1L|CD55|CDA|CDC14A|CDC14B|CDC42BPB|CDC6|CDH1|CDK2|CDK6|CDKL5|CDKN2B|CDKN2C|CDKN2D|CDKN3|CDY1|CDY1B|CDY2A|CDY2B|CDYL|CECR2|CEL|CELA1|CELA2A|CELA2B|CELA3A|CELA3B|CENPA|CERT1|CES1|CES2|CES3|CES4A|CES5A|CETN1|CETN2|CETN3|CFAP52|CFB|CFD|CFH|CFI|CFTR|CHDH|CHI3L1|CHI3L2|CHIA|CHIT1|CHP1|CHP2|CIAO2A|CIAO3|CIB1|CIB2|CIB3|CIB4|CKB|CKM|CLASRP|CLIC1|CLPB|CLTC|CLVS1|CLVS2|CLXN|CLYBL|CMA1|CMAS|CMPK2|CNBD2|CNDP1|CNDP2|CNNM1|CNNM2|CNNM3|CNNM4|CNOT1|CNOT2|CNOT3|CNP|CNR1|CNR2|COASY|COL4A1|COL4A2|COMT|COMTD1|COPS7A|COPS7B|CORIN|CORO1A|CORO1B|CORO1C|CORO2A|CORO6|CP|CPA1|CPA2|CPA3|CPA4|CPA6|CPB1|CPB2|CPO|CRABP2|CRLF2|CRMP1|CRPPA|CRY1|CRY2|CRYGA|CRYGB|CRYGC|CRYGD|CRYZ|CRYZL1|CS|CSAD|CSF1R|CSK|CSNK1G1|CSNK2A1|CSNK2A2|CST3|CST7|CTBP1|CTCF|CTCFL|CTNNA1|CTNNB1|CTRB1|CTRB2|CTRC|CTRL|CTSA|CTSB|CTSC|CTSD|CTSE|CTSG|CTSK|CTSL|CTTNBP2|CUX1|CUX2|CWC27|CXCL8|CXCR4|CXCR6|CYC1|CYGB|DAO|DAPK1|DAPK2|DAPK3|DBT|DCAKD|DCP2|DDC|DDO|DDX39B|DECR1|DECR2|DEFB1|DERA|DHDH|DHFR|DHFR2|DHODH|DHRS1|DHRS12|DHRS13|DHRS2|DHRS4|DHRS4L2|DHRS7B|DHRS7C|DHRSX|DHX15|DHX16|DHX29|DHX30|DHX32|DHX33|DHX34|DHX35|DHX36|DHX37|DHX38|DHX40|DHX8|DHX9|DIMT1|DLAT|DLG1|DLG2|DLG3|DLG5|DLST|DMC1|DMGDH|DNAJC10|DNAJC6|DOT1L|DPYD|DPYS|DPYSL2|DPYSL3|DPYSL4|DPYSL5|DQX1|DRD2|DRD3|DRD4|DRD5|DSTYK|DTYMK|DUSP1|DUSP10|DUSP12|DUSP15|DUSP16|DUSP18|DUSP19|DUSP2|DUSP21|DUSP22|DUSP23|DUSP26|DUSP28|DUSP29|DUSP3|DUSP4|DUSP5|DUSP6|DUSP7|DUSP8|DUSP9|DUT|E4F1|ECHDC1|ECHDC2|ECHS1|ECI1|ECI2|EDNRA|EDNRB|EEF1E1|EEF1G|EFCAB11|EFCAB13|EFCAB2|EFCAB3|EFCAB6|EFCAB7|EFCAB9|EGLN1|EGR1|EGR2|EGR3|EGR4|EHHADH|EHMT1|EHMT2|EIF1AX|EIF1AY|EIF2AK2|EIF2AK3|EIF2AK4|EIF4A1|ELANE|ELOB|ELOC|ENC1|ENGASE|ENOSF1|ENTPD1|ENTPD2|ENTPD3|ENTPD4|ENTPD5|ENTPD6|ENTPD7|ENTPD8|EPHA1|EPHA10|EPHA2|EPHA3|EPHA4|EPHA5|EPHA6|EPHA7|EPHA8|EPHB1|EPHB2|EPHB3|EPHB4|EPHX1|EPHX2|EPM2A|EPRS1|ERAL1|ERN1|ERN2|ERP27|ERP44|ESD|ESPNL|ESR1|ESR2|ESYT2|ETHE1|ETNPPL|ETS2|EXO1|F10|F11|F12|F13A1|F2|F7|F9|FAAH|FAAH2|FABP4|FAH|FAHD1|FAHD2A|FAHD2B|FANK1|FASN|FBP1|FBP2|FCHO2|FCN2|FCN3|FDPS|FDXR|FECH|FEM1A|FEM1B|FEM1C|FEN1|FEZF1|FEZF2|FFAR4|FGFR1|FGFR2|FGFR3|FGFR4|FGFRL1|FGR|FIBCD1|FIZ1|FLAD1|FLNA|FLNB|FLT1|FLT3|FLT4|FMNL1|FMNL2|FMNL3|FMO1|FMO2|FMO3|FMO4|FMO5|FNTA|FNTB|FOXA1|FOXA3|FOXB1|FOXB2|FOXD2|FOXD3|FOXD4|FOXD4L1|FOXD4L3|FOXD4L4|FOXD4L5|FOXE1|FOXE3|FOXF1|FOXG1|FOXH1|FOXI1|FOXI2|FOXJ1|FOXJ2|FOXJ3|FOXK1|FOXK2|FOXL1|FOXM1|FOXN1|FOXN2|FOXN3|FOXN4|FOXO1|FOXO3|FOXO4|FOXP1|FOXP2|FOXP3|FOXP4|FOXQ1|FOXR1|FOXR2|FOXRED2|FOXS1|FPGT-TNNI3K|FURIN|FXN|FYN|GAA|GABARAP|GABARAPL1|GABARAPL2|GABPB1|GABPB2|GAD1|GAD2|GADL1|GAK|GALM|GALR1|GALR2|GALR3|GANAB|GANC|GAPDH|GAPDHS|GART|GATA1|GATA2|GATA3|GATA4|GATA5|GATA6|GATD3|GBE1|GCAT|GCSH|GDA|GDAP2|GDE1|GDPD1|GDPD2|GDPD3|GDPD4|GDPD5|GEN1|GFER|GFI1|GFI1B|GFOD1|GFOD2|GFPT1|GFPT2|GFUS|GGCT|GGPS1|GHSR|GLA|GLB1|GLB1L|GLB1L3|GLI1|GLI2|GLI3|GLI4|GLIS1|GLIS2|GLIS3|GLYR1|GM2A|GMPR|GMPR2|GMPS|GNA11|GNA12|GNA13|GNA14|GNA15|GNAI1|GNAI2|GNAI3|GNAO1|GNAQ|GNAT1|GNAT2|GNAT3|GNE|GNMT|GNPNAT1|GNRHR|GOT1|GOT1L1|GOT2|GP1BA|GPCPD1|GPHN|GPI|GPR119|GPR12|GPR135|GPR139|GPR142|GPR148|GPR150|GPR151|GPR161|GPR173|GPR176|GPR19|GPR22|GPR26|GPR27|GPR3|GPR37|GPR37L1|GPR39|GPR45|GPR52|GPR6|GPR61|GPR62|GPR63|GPR65|GPR78|GPR83|GPR84|GPR85|GPR88|GPT|GPT2|GPX1|GPX2|GPX3|GPX4|GPX5|GPX6|GPX7|GPX8|GRB2|GRIA2|GRIK5|GRPR|GSK3A|GSK3B|GSTA1|GSTA2|GSTA3|GSTA4|GSTO1|GSTP1|GSTT2B|GSTZ1|GTF3A|GTPBP10|GTPBP6|GUCA1B|GUCA1C|GUK1|GZF1|GZMA|GZMB|GZMH|GZMK|GZMM|H3-3A|H3-3B|H3-4|H3-5|H3C10|H3C12|H3C13|H3C14|H3C15|H3C4|H4C11|H4C16|H4C2|H4C3|H4C6|HABP2|HACE1|HADHA|HAGH|HAGHL|HAO1|HAO2|HARS1|HARS2|HAT1|HBA1|HBA2|HBB|HBE1|HBG1|HBG2|HBM|HBQ1|HBZ|HCK|HCN4|HCRTR1|HCRTR2|HDAC1|HDAC3|HDAC8|HDC|HDHD2|HDHD3|HDHD5|HECW1|HEPH|HEPHL1|HEXA|HEXB|HEXD|HGF|HGFAC|HIBADH|HIBCH|HIC1|HIC2|HINT1|HINT2|HIVEP1|HIVEP2|HLA-A|HLA-B|HLA-C|HLA-DOA|HLA-DOB|HLA-DQA1|HLA-DQB1|HLA-G|HLCS|HOGA1|HP|HPCA|HPCAL1|HPCAL4|HPD|HPDL|HPGD|HPGDS|HPN|HPR|HPRT1|HRAS|HRH2|HRH3|HRH4|HSCB|HSD11B1|HSD11B1L|HSD17B1|HSD17B11|HSD17B13|HSD17B14|HSD17B8|HSD3B1|HSD3B2|HSD3B7|HSDL2|HSF1|HSF2|HSFX1|HSFY1|HSFY2|HSP90AA1|HSPA8|HTR1A|HTR1B|HTR1E|HTR1F|HTR2B|HTR2C|HTR4|HTR5A|HTR6|HTR7|HUNK|HYAL1|IBA57|ID2|IDE|IDH3A|IDH3B|IDH3G|IDI1|IFFO2|IFNA10|IFNA14|IFNA17|IFNA2|IFNA21|IFNA4|IFNA6|IFNA7|IFNA8|IGLL5|IHH|IKZF1|IKZF2|IKZF3|IKZF4|IKZF5|IL15|IL15RA|IL1B|IL22|IL22RA1|IL2RB|IL2RG|IL6|IL7R|ILK|ILKAP|IMPA1|IMPA2|IMPDH1|IMPDH2|INSR|INSRR|INVS|IP6K1|IP6K2|IPMK|IPP|IQCB1|IRAK1|IRAK2|IRAK3|IRF3|ISG20|ITK|IVNS1ABP|IYD|JAK1|JAK2|JAK3|JMJD6|JUP|KANK1|KANK3|KANK4|KAT2A|KAT2B|KAT6A|KBTBD2|KBTBD3|KBTBD4|KBTBD8|KCNIP1|KCNIP2|KCNIP3|KCNIP4|KCTD9|KDM1A|KDM1B|KDM3B|KDM4D|KDR|KEAP1|KIDINS220|KIF5B|KIN|KISS1R|KIT|KL|KLB|KLF1|KLF10|KLF11|KLF13|KLF15|KLF16|KLF17|KLF2|KLF3|KLF4|KLF5|KLF6|KLF7|KLF8|KLF9|KLHL1|KLHL10|KLHL12|KLHL14|KLHL15|KLHL17|KLHL18|KLHL2|KLHL20|KLHL21|KLHL22|KLHL23|KLHL24|KLHL25|KLHL26|KLHL28|KLHL29|KLHL3|KLHL30|KLHL31|KLHL34|KLHL35|KLHL36|KLHL38|KLHL4|KLHL40|KLHL41|KLHL5|KLHL6|KLHL7|KLHL8|KLHL9|KLK1|KLK10|KLK11|KLK12|KLK13|KLK14|KLK15|KLK2|KLK3|KLK4|KLK5|KLK6|KLK7|KLK8|KLKB1|KLRG1|KRAS|KRBOX1|KRBOX4|KRBOX5|KYAT1|KYAT3|L3HYPDH|L3MBTL1|LACC1|LACTB2|LANCL1|LANCL2|LANCL3|LCK|LCT|LCTL|LDHAL6A|LDHB|LEPR|LGALS7B|LHPP|LIMK1|LIMK2|LIPA|LIPE|LIPF|LIPJ|LIPK|LIPM|LIPN|LPA|LPAR1|LPAR2|LPAR3|LRGUK|LRTOMT|LSM10|LSM2|LSM5|LSM6|LSP1|LTA4H|LTB4R|LTB4R2|LYN|LYZ|M6PR|MACROD1|MACROD2|MACROH2A1|MACROH2A2|MAOA|MAOB|MAP1LC3A|MAP1LC3B|MAP1LC3C|MAP2K1|MAP3K10|MAP3K11|MAP3K20|MAP3K21|MAP3K5|MAP3K7|MAP3K9|MAPK14|MASP1|MASP2|MAT2A|MATK|MAZ|MB|MBD3L1|MBD3L2|MBD3L3|MBD3L4|MBD3L5|MBD4|MBLAC2|MBTPS1|MC1R|MC2R|MC3R|MC4R|MC5R|MCAT|MCEE|MCHR1|MCHR2|MCL1|MCPH1|MDP1|ME1|ME2|MECOM|MECP2|MECR|MED26|MEIS1|MELK|MERTK|MESD|MET|METAP1|METAP1D|METAP2|METTL21C|METTL27|MFSD1|MFSD3|MGAM|MGAM2|MIB1|MLKL|MLNR|MME|MMP12|MMP9|MOCOS|MOCS3|MOS|MPHOSPH8|MPI|MPO|MPP1|MPP2|MPP3|MPP4|MPP7|MR1|MRM3|MRPL1|MRPL11|MRPL13|MRPL15|MRPL16|MRPL2|MRPL22|MRPL24|MRPL3|MRPL38|MRPL4|MRRF|MRTO4|MSRA|MSRB1|MSRB2|MSRB3|MST1|MST1R|MT-CO2|MTA1|MTF1|MTFMT|MTG2|MTHFD1|MTHFR|MTR|MTRR|MUSK|MUTYH|MVD|MYH1|MYH10|MYH11|MYH13|MYH15|MYH2|MYH4|MYH7|MYH7B|MYH8|MYH9|MYL1|MYL10|MYL11|MYL12A|MYL12B|MYL2|MYL3|MYL4|MYL5|MYL6|MYL7|MYL9|MYLIP|MYLK2|MYLK3|MYLK4|MYNN|MYO10|MYO16|MYO18A|MYO18B|MYO1A|MYO1B|MYO1D|MYO1E|MYO1G|MYO1H|MYO3B|MYO5A|MYO5B|MYO5C|MYO6|MYO7A|MYO7B|MYO9A|MYO9B|MYOM1|MYORG|MZF1|NAA10|NAA11|NAA20|NAA30|NAA50|NACC1|NACC2|NADSYN1|NAGA|NAGS|NAMPT|NANP|NANS|NAPEPLD|NAPRT|NAPSA|NARF|NAT8|NBR1|NCALD|NCEH1|NCOR2|NCS1|NDOR1|NDRG2|NDUFAF5|NEDD8-MDP1|NFE2L2|NFKB1|NFKB2|NFKBIA|NFKBIB|NFKBIE|NFKBIZ|NFYB|NGB|NGLY1|NHERF1|NHP2|NIM1K|NIT1|NIT2|NKPD1|NKRF|NKTR|NLE1|NLGN1|NLGN2|NLGN3|NLGN4X|NLGN4Y|NMBR|NMUR1|NMUR2|NOP56|NOP58|NOS1|NOS2|NOS3|NOTCH2|NOTCH3|NOTCH4|NPBWR2|NPC2|NPFFR1|NPFFR2|NPHS2|NPL|NPSR1|NPY1R|NPY2R|NPY4R|NPY5R|NR1H2|NR5A1|NR5A2|NRARP|NSDHL|NT5E|NTRK1|NTSR1|NTSR2|NUDC|NUDT1|NUDT10|NUDT11|NUDT14|NUDT15|NUDT5|NUDT7|NUDT8|OAT|OC90|OCM|OCM2|ODC1|OGA|ONECUT1|ONECUT3|OPN1LW|OPN1MW2|OPN1SW|OPN3|OPN4|OPN5|OPRD1|OPRK1|OPRL1|OPRM1|ORC1|ORM2|OSR1|OSR2|OVCH1|OVGP1|OXSM|OXSR1|OXTR|P4HA1|P4HA2|P4HA3|P4HB|P4HTM|PA2G4|PAFAH1B1|PAFAH1B2|PAFAH1B3|PAICS|PALS1|PALS2|PAM|PAPSS1|PAPSS2|PARK7|PARL|PARP14|PARP15|PARP9|PASK|PATJ|PATZ1|PBK|PBRM1|PCK1|PCMT1|PCMTD1|PCMTD2|PCNA|PCSK1|PCSK2|PCSK4|PCSK5|PCSK7|PCSK9|PDCD4|PDGFRA|PDGFRB|PDGFRL|PDHX|PDIA2|PDIA3|PDIA4|PDIA5|PDIA6|PDILT|PDK1|PDK2|PDK4|PDLIM1|PDP1|PDP2|PDSS1|PDSS2|PDXP|PDZK1|PEBP1|PEBP4|PECR|PEG3|PEPD|PFAS|PFKFB3|PGA3|PGA4|PGA5|PGC|PGP|PGPEP1|PGPEP1L|PHB1|PHB2|PHF8|PHLPP1|PHYKPL|PIDD1|PIGL|PIM1|PIM2|PIM3|PIPOX|PITRM1|PKDCC|PKLR|PKM|PLA2G10|PLA2G1B|PLA2G2A|PLA2G2C|PLA2G2D|PLA2G2E|PLA2G2F|PLA2G5|PLA2G6|PLA2G7|PLAG1|PLAGL1|PLAGL2|PLAT|PLAU|PLBD1|PLBD2|PLCB1|PLCB2|PLCB3|PLCD1|PLCD4|PLG|PLK1|PLPBP|PM20D1|PMM1|PMM2|PMPCA|PMPCB|PNCK|PNKD|PNKP|PNMA8B|PNP|PNPLA6|PNPLA7|PNPO|POGZ|POLA1|POLD1|POLE|POLG|POLH|POLI|POLK|POLL|POLN|POLQ|POLR1A|POLR1B|POLR1D|POLR1H|POLR2B|POLR2C|POLR2D|POLR2E|POLR2F|POLR2G|POLR2I|POLR2J|POLR2J3|POLR2K|POLR2L|POLR3A|POLR3B|POLR3H|POLR3K|POP5|POR|POTEB|POTEB2|POTEC|POTED|POTEE|POTEH|POTEI|POTEJ|PP2D1|PPEF1|PPEF2|PPIA|PPIAL4D|PPIAL4F|PPIAL4G|PPID|PPIE|PPIF|PPIG|PPIH|PPIL1|PPIL3|PPIL4|PPIL6|PPM1A|PPM1B|PPM1D|PPM1E|PPM1F|PPM1K|PPM1L|PPM1N|PPME1|PPOX|PPP1R12A|PPP1R12C|PPP1R16A|PPP1R16B|PPP1R27|PPP2CA|PPP2CB|PPP3CA|PPP3CB|PPP3CC|PPP3R1|PPP3R2|PPP4C|PPP5C|PPTC7|PRDM10|PRDM13|PRDM14|PRDM15|PRDM16|PRDM4|PRDM5|PRDM6|PRDM8|PRDM9|PRDX1|PRDX2|PRDX3|PRDX4|PRDX6|PREP|PRKACA|PRKAG1|PRKAG2|PRKAR1A|PRKAR1B|PRKAR2A|PRKAR2B|PRKCD|PRLHR|PRMT7|PROC|PRODH|PRODH2|PROKR1|PROKR2|PROZ|PRPF31|PRSS1|PRSS12|PRSS21|PRSS22|PRSS27|PRSS3|PRSS33|PRSS36|PRSS37|PRSS38|PRSS48|PRSS50|PRSS53|PRSS54|PRSS55|PRSS57|PRSS58|PRSS8|PRTFDC1|PRTN3|PRUNE1|PSKH1|PSKH2|PSMD10|PSPH|PTEN|PTGDR|PTGER1|PTGER2|PTGER3|PTGER4|PTGFR|PTGIR|PTK6|PTK7|PTP4A3|PTPDC1|PTPN1|PTPN23|PTPRB|PTPRG|PTPRK|PTRH1|PTS|PUDP|PVALB|QARS1|QPCT|QPCTL|QRFPR|QRSL1|RAB1A|RABGGTA|RAD51|RAD51B|RAD51C|RAD51D|RAF1|RAI14|RANBP2|RASIP1|RBAK|RBKS|RBP2|RCVRN|RDH10|RDH11|RDH12|RDH13|RDH14|RELN|REN|REPIN1|REST|RET|RETN|RETNLB|REV1|REV3L|REXO2|RFK|RFXANK|RGR|RHBDF1|RHBDF2|RHBDL1|RHBDL2|RHBDL3|RHEB|RHO|RIDA|RIPK1|RIPK2|RIPK3|RIPK4|RLBP1|RLF|RNASE1|RNASE2|RNASE4|RNASEL|ROR1|RPIA|RPL10|RPL10A|RPL10L|RPL11|RPL12|RPL13A|RPL15|RPL17|RPL18|RPL19|RPL21|RPL23|RPL23A|RPL24|RPL26L1|RPL27A|RPL3|RPL31|RPL32|RPL35|RPL36A|RPL36A-HNRNPH2|RPL36AL|RPL37A|RPL39|RPL39L|RPL3L|RPL4|RPL5|RPL7|RPL7A|RPL7L1|RPL8|RPL9|RPLP0|RPP30|RPP38|RPS12|RPS27A|RPUSD1|RPUSD2|RPUSD3|RPUSD4|RREB1|RRH|RRM2|RRM2B|RSL24D1|RSPO1|RSPO3|RSPO4|RSRC1|RTN4IP1|RTN4R|RUSC1|RXFP3|RXFP4|RXRA|S100A4|S100B|SARS1|SARS2|SAT1|SATL1|SCAF8|SCAND1|SCAND3|SCGB2B2|SCGN|SDCBP|SDHA|SDHB|SDR16C5|SDR42E1|SDS|SDSL|SEC14L1|SEC14L3|SEC14L4|SEC14L5|SEC14L6|SEMA3A|SEMA3C|SEMA3D|SEMA3F|SEMA3G|SEMA4A|SEMA4B|SEMA4C|SEMA4D|SEMA4F|SEMA4G|SEMA5A|SEMA5B|SEMA6A|SEMA6C|SEMA6D|SEMA7A|SEPSECS|SERHL2|SERPINA3|SERPINE1|SERPINE2|SETD3|SGPL1|SH2D3C|SH3BGR|SH3BGRL|SH3BGRL2|SH3BGRL3|SHANK1|SHANK2|SHH|SHMT1|SHMT2|SI|SIRT2|SLC16A1|SLC16A10|SLC16A12|SLC16A5|SLC16A6|SLC16A8|SLC16A9|SLC17A3|SLC22A1|SLC22A10|SLC22A11|SLC22A12|SLC22A2|SLC22A24|SLC22A25|SLC22A6|SLC22A7|SLC22A8|SLC22A9|SLC2A1|SLC2A11|SLC2A14|SLC2A2|SLC2A3|SLC2A4|SLC2A5|SLC2A7|SLC2A9|SLC33A1|SLC3A2|SLC6A1|SLC6A11|SLC6A12|SLC6A13|SLC6A15|SLC6A16|SLC6A17|SLC6A18|SLC6A19|SLC6A2|SLC6A20|SLC6A3|SLC6A4|SLC6A5|SLC6A7|SLC6A8|SLC6A9|SLC8B1|SLF1|SMAD3|SMS|SNCAIP|SNRPB|SNRPD1|SNRPD2|SNRPD3|SNRPE|SNRPN|SNU13|SOD1|SOD2|SOD3|SORD|SOWAHC|SP1|SP2|SP3|SP4|SP5|SP6|SP7|SP8|SP9|SPATA21|SPNS1|SPNS2|SPNS3|SPTLC1|SPTLC2|SPTLC3|SRBD1|SRC|SRM|SRMS|SRP54|SRPK1|SRPK2|SRR|SSH1|SSH2|SSH3|SSTR1|SSTR2|SSTR4|SSTR5|ST14|STEAP2|STEAP3|STEAP4|STK10|STK11|STK17A|STK17B|STK33|STK40|STOM|STOML1|STOML2|STOML3|STYK1|STYX|STYXL1|STYXL2|SULT1A2|SUMF1|SUMF2|SUPT5H|SUPT6H|SV2B|SYK|SYT1|TAAR1|TAAR2|TAAR5|TAAR6|TAAR8|TAB1|TALDO1|TANC1|TANC2|TAP1|TARBP1|TAT|TATDN1|TATDN2|TATDN3|TBC1D20|TBC1D31|TBCA|TBXA2R|TCEA1|TCEA2|TCEA3|TCEANC2|TDG|TDP2|TDRD9|TEC|TEK|TEP1|TESC|TESK1|TESK2|TFB1M|TFB2M|TG|THUMPD2|THUMPD3|TIE1|TIMD4|TJP1|TKT|TKTL1|TKTL2|TLR4|TMIGD3|TMPRSS11A|TMPRSS11B|TMPRSS11D|TMPRSS11E|TMPRSS11F|TMPRSS12|TMPRSS13|TMPRSS15|TMPRSS2|TMPRSS4|TMPRSS5|TMPRSS6|TMPRSS7|TMX3|TNF|TNFRSF11A|TNFRSF21|TNFSF18|TNKS|TNKS2|TNNC1|TNNC2|TNS1|TNS2|TNS3|TONSL|TOP1|TOP1MT|TOP2A|TOP2B|TOP3A|TOP3B|TOPBP1|TP53|TP53BP2|TP53I3|TP73|TPI1|TPK1|TPP2|TPSAB1|TPSD1|TPSG1|TRHR|TRIB1|TRIB2|TRIB3|TRIM63|TRMO|TRMT10A|TRMT10B|TRMT10C|TRMT61A|TRMT61B|TRMT9B|TRPA1|TRPS1|TRPV1|TRPV2|TRPV3|TRPV4|TRPV5|TRPV6|TSG101|TSLP|TSSK1B|TSSK2|TSSK3|TSSK4|TST|TSTD1|TTPA|TTPAL|TTR|TUFM|TXK|TXN|TXN2|TXNDC11|TXNDC16|TXNDC2|TXNDC5|TXNDC8|TXNDC9|TYMS|TYRO3|TYW1|UACA|UBE2D1|UBXN7|UCKL1|UGDH|UHMK1|UHRF2|UMPS|UPB1|UPP1|UPRT|UQCRC1|UQCRC2|UQCRFS1|UROC1|UROD|UROS|USP15|USP37|USP39|UTS2R|UXS1|VAT1|VAT1L|VCL|VEGFA|VEZF1|VHL|VIM|VNN1|VNN2|VSNL1|VWF|WAPL|WDR5|WDR5B|WDR88|WIF1|WIZ|WRN|WRNIP1|WSB2|WT1|XDH|XPNPEP1|XPNPEP2|XPNPEP3|XRCC3|XRCC4|YARS1|YES1|YTHDC2|YY1|YY2|ZAP70|ZBTB10|ZBTB11|ZBTB12|ZBTB14|ZBTB16|ZBTB17|ZBTB18|ZBTB2|ZBTB20|ZBTB21|ZBTB24|ZBTB26|ZBTB3|ZBTB32|ZBTB33|ZBTB37|ZBTB38|ZBTB39|ZBTB4|ZBTB40|ZBTB41|ZBTB42|ZBTB43|ZBTB44|ZBTB45|ZBTB46|ZBTB47|ZBTB48|ZBTB49|ZBTB5|ZBTB6|ZBTB7A|ZBTB7B|ZBTB8A|ZBTB8OS|ZBTB9|ZDHHC13|ZDHHC17|ZFAT|ZFP1|ZFP14|ZFP2|ZFP28|ZFP3|ZFP30|ZFP37|ZFP41|ZFP42|ZFP57|ZFP62|ZFP64|ZFP69|ZFP69B|ZFP82|ZFP90|ZFP91|ZFP92|ZFPM1|ZFPM2|ZFX|ZFY|ZFYVE9|ZGLP1|ZIC1|ZIC2|ZIC3|ZIC4|ZIC5|ZIK1|ZIM3|ZKSCAN1|ZKSCAN2|ZKSCAN3|ZKSCAN4|ZKSCAN5|ZKSCAN7|ZKSCAN8|ZNF10|ZNF100|ZNF101|ZNF106|ZNF107|ZNF112|ZNF114|ZNF117|ZNF12|ZNF121|ZNF124|ZNF131|ZNF132|ZNF133|ZNF134|ZNF135|ZNF136|ZNF138|ZNF14|ZNF140|ZNF141|ZNF142|ZNF143|ZNF146|ZNF148|ZNF154|ZNF155|ZNF157|ZNF16|ZNF160|ZNF165|ZNF169|ZNF17|ZNF174|ZNF175|ZNF18|ZNF180|ZNF181|ZNF184|ZNF189|ZNF19|ZNF195|ZNF197|ZNF20|ZNF200|ZNF202|ZNF205|ZNF208|ZNF211|ZNF212|ZNF213|ZNF214|ZNF215|ZNF217|ZNF219|ZNF22|ZNF221|ZNF222|ZNF223|ZNF224|ZNF225|ZNF226|ZNF227|ZNF23|ZNF230|ZNF232|ZNF233|ZNF234|ZNF235|ZNF236|ZNF239|ZNF24|ZNF248|ZNF25|ZNF250|ZNF251|ZNF253|ZNF254|ZNF256|ZNF257|ZNF26|ZNF260|ZNF263|ZNF264|ZNF267|ZNF268|ZNF273|ZNF274|ZNF276|ZNF28|ZNF280A|ZNF280C|ZNF280D|ZNF281|ZNF283|ZNF284|ZNF286A|ZNF287|ZNF292|ZNF296|ZNF3|ZNF30|ZNF300|ZNF302|ZNF304|ZNF311|ZNF317|ZNF319|ZNF32|ZNF320|ZNF322|ZNF324|ZNF324B|ZNF329|ZNF331|ZNF333|ZNF334|ZNF335|ZNF337|ZNF33A|ZNF33B|ZNF34|ZNF341|ZNF343|ZNF345|ZNF347|ZNF35|ZNF350|ZNF354A|ZNF354B|ZNF354C|ZNF362|ZNF366|ZNF367|ZNF37A|ZNF382|ZNF383|ZNF384|ZNF391|ZNF394|ZNF396|ZNF397|ZNF398|ZNF404|ZNF407|ZNF408|ZNF41|ZNF410|ZNF414|ZNF415|ZNF416|ZNF417|ZNF418|ZNF419|ZNF420|ZNF425|ZNF426|ZNF429|ZNF43|ZNF430|ZNF431|ZNF432|ZNF433|ZNF436|ZNF438|ZNF439|ZNF44|ZNF440|ZNF441|ZNF442|ZNF443|ZNF444|ZNF445|ZNF446|ZNF449|ZNF45|ZNF454|ZNF460|ZNF461|ZNF462|ZNF467|ZNF468|ZNF469|ZNF470|ZNF471|ZNF473|ZNF479|ZNF48|ZNF480|ZNF483|ZNF484|ZNF485|ZNF486|ZNF490|ZNF491|ZNF492|ZNF493|ZNF496|ZNF497|ZNF500|ZNF501|ZNF502|ZNF507|ZNF510|ZNF512|ZNF513|ZNF514|ZNF516|ZNF517|ZNF518B|ZNF519|ZNF521|ZNF524|ZNF525|ZNF526|ZNF527|ZNF528|ZNF529|ZNF530|ZNF532|ZNF534|ZNF536|ZNF540|ZNF543|ZNF544|ZNF546|ZNF547|ZNF548|ZNF549|ZNF550|ZNF551|ZNF552|ZNF554|ZNF555|ZNF556|ZNF557|ZNF558|ZNF559|ZNF560|ZNF561|ZNF562|ZNF563|ZNF564|ZNF565|ZNF566|ZNF567|ZNF568|ZNF569|ZNF57|ZNF570|ZNF572|ZNF573|ZNF574|ZNF575|ZNF576|ZNF577|ZNF578|ZNF579|ZNF580|ZNF581|ZNF582|ZNF583|ZNF584|ZNF585A|ZNF585B|ZNF586|ZNF587|ZNF587B|ZNF589|ZNF592|ZNF594|ZNF596|ZNF597|ZNF599|ZNF600|ZNF605|ZNF606|ZNF607|ZNF610|ZNF611|ZNF613|ZNF614|ZNF615|ZNF616|ZNF619|ZNF620|ZNF621|ZNF624|ZNF625|ZNF626|ZNF627|ZNF629|ZNF630|ZNF639|ZNF641|ZNF644|ZNF646|ZNF648|ZNF649|ZNF652|ZNF653|ZNF655|ZNF66|ZNF660|ZNF662|ZNF664|ZNF665|ZNF667|ZNF668|ZNF669|ZNF670|ZNF671|ZNF672|ZNF674|ZNF675|ZNF676|ZNF677|ZNF678|ZNF679|ZNF680|ZNF681|ZNF682|ZNF684|ZNF687|ZNF688|ZNF689|ZNF69|ZNF692|ZNF695|ZNF696|ZNF697|ZNF699|ZNF70|ZNF700|ZNF701|ZNF705A|ZNF705B|ZNF705D|ZNF705G|ZNF707|ZNF708|ZNF709|ZNF71|ZNF710|ZNF711|ZNF713|ZNF716|ZNF721|ZNF724|ZNF728|ZNF729|ZNF732|ZNF736|ZNF737|ZNF738|ZNF740|ZNF746|ZNF747|ZNF749|ZNF75A|ZNF75D|ZNF76|ZNF763|ZNF764|ZNF765|ZNF766|ZNF768|ZNF77|ZNF770|ZNF771|ZNF772|ZNF773|ZNF774|ZNF775|ZNF776|ZNF777|ZNF778|ZNF780A|ZNF780B|ZNF782|ZNF783|ZNF784|ZNF785|ZNF786|ZNF789|ZNF79|ZNF790|ZNF791|ZNF792|ZNF793|ZNF799|ZNF80|ZNF800|ZNF805|ZNF808|ZNF81|ZNF813|ZNF814|ZNF816|ZNF816-ZNF321P|ZNF823|ZNF827|ZNF829|ZNF83|ZNF831|ZNF835|ZNF837|ZNF84|ZNF841|ZNF843|ZNF844|ZNF845|ZNF846|ZNF85|ZNF850|ZNF852|ZNF853|ZNF860|ZNF862|ZNF865|ZNF875|ZNF878|ZNF879|ZNF880|ZNF90|ZNF91|ZNF92|ZNF93|ZNF98|ZSCAN1|ZSCAN10|ZSCAN12|ZSCAN16|ZSCAN18|ZSCAN2|ZSCAN21|ZSCAN22|ZSCAN23|ZSCAN29|ZSCAN30|ZSCAN31|ZSCAN32|ZSCAN4|ZSCAN5A|ZSCAN9|ZXDA|ZXDB|ZXDC,2827,ABAT|ACE|AKR1C3|CA2|CALM1|CALM2|CALM3|CELA1|ESR2|HPD|LTA4H|MMP12|NOS1|NOS3|PLA2G1B|PTPN1|SOD1|TXN,18,2.9045758359150073,3.2596373105057563,2827,,ABAT|ACE|AKR1C3|CA2|CALM1|CALM2|CALM3|CELA1|ESR2|HPD|LTA4H|MMP12|NOS1|NOS3|PLA2G1B|PTPN1|SOD1|TXN,18
QXWYKJLNLSIPIN-JGVFFNPUSA-N,QXWYKJLNLSIPIN,QXWYKJLNLSIPIN-JGVFFNPUSA-N,DB06262,Droxidopa,full_inchikey,ADRA1A|ADRA1B|ADRA1D|ADRA2A|ADRA2B|ADRA2C|ADRB1|ADRB2|ADRB3|CHRM1|DDC|NR1I2|PAH|SLC16A10|SLC6A2,15,ADRA1A|ADRA1B|ADRA1D|ADRA2A|ADRA2B|ADRA2C|ADRB1|ADRB2|ADRB3|PAH,10,7.548469579434479,7.548469579434479,15,C01CA27,ADRA1A|ADRA1B|ADRA1D|ADRA2A|ADRA2B|ADRA2C|ADRB1|ADRB2|ADRB3|PAH,10
QYPPJABKJHAVHS-UHFFFAOYSA-N,QYPPJABKJHAVHS,QYPPJABKJHAVHS-UHFFFAOYSA-N,DB08838,Agmatine,full_inchikey,ADRA2C|ASIC3|CACNA1B|CHRNA1|CYP3A4|GRIN1|KCNJ1|MAOA|MAOB|NISCH|SLC22A1|SLC22A2|SLC22A3|SLC7A7,14,ADRA2C|ASIC3|CACNA1B|CHRNA1|GRIN1|KCNJ1|NISCH,7,3.206596252762798,4.0,14,,ADRA2C|ASIC3|CACNA1B|CHRNA1|GRIN1|KCNJ1|NISCH,7
QZAYGJVTTNCVMB-UHFFFAOYSA-N,QZAYGJVTTNCVMB,QZAYGJVTTNCVMB-UHFFFAOYSA-N,DB08839,Serotonin,full_inchikey,ACKR3|ADORA1|ADORA2A|ADORA2B|ADORA3|ADRA1A|ADRA1B|ADRA1D|ADRA2A|ADRA2C|ADRB1|ADRB2|ADRB3|AGTR1|AGTR2|APLNR|AVPR1A|AVPR1B|AVPR2|BDKRB1|BRS3|CA12|CA14|CA3|CA4|CA5A|CA5B|CA7|CCKAR|CCKBR|CCR1|CCR3|CCR4|CCR5|CCR9|CHRFAM7A|CHRNA1|CHRNA10|CHRNA2|CHRNA3|CHRNA4|CHRNA5|CHRNA6|CHRNA7|CHRNA9|CHRNB1|CHRNB2|CHRNB3|CHRNB4|CHRND|CNR1|CNR2|CXCR4|CXCR6|CYP1A2|DRD1|DRD2|DRD3|DRD4|DRD5|EDNRA|EDNRB|EGFR|FFAR4|FLT4|GALR1|GALR2|GALR3|GHSR|GNRHR|GPR119|GPR12|GPR135|GPR139|GPR142|GPR148|GPR150|GPR151|GPR161|GPR173|GPR176|GPR19|GPR22|GPR26|GPR27|GPR3|GPR37|GPR37L1|GPR39|GPR45|GPR52|GPR6|GPR61|GPR62|GPR63|GPR65|GPR78|GPR83|GPR84|GPR85|GPR88|GRPR|HCRTR1|HCRTR2|HRH2|HRH3|HRH4|HTR1A|HTR1B|HTR1D|HTR1E|HTR1F|HTR2A|HTR2B|HTR2C|HTR3A|HTR3B|HTR3C|HTR3D|HTR3E|HTR4|HTR5A|HTR6|HTR7|IGF1R|KAT2A|KDR|KISS1R|LPAR1|LPAR2|LPAR3|LSP1|LTB4R|LTB4R2|MARK4|MC1R|MC2R|MC3R|MC4R|MC5R|MCHR1|MCHR2|MIF|MLNR|MTNR1A|MTNR1B|MTRR|NDOR1|NMBR|NMUR1|NMUR2|NOS1|NOS2|NOS3|NPBWR2|NPFFR1|NPFFR2|NPSR1|NPY1R|NPY2R|NPY4R|NPY5R|NQO2|NTSR1|NTSR2|OPN1LW|OPN1MW2|OPN1SW|OPN3|OPN4|OPN5|OPRD1|OPRK1|OPRL1|OPRM1|OXTR|POR|PPARG|PRLHR|PROKR1|PROKR2|PTGDR|PTGER1|PTGER2|PTGER3|PTGER4|PTGFR|PTGIR|PTGS1|PTGS2|QRFPR|RGR|RHO|RRH|RXFP3|RXFP4|SLC18A2|SLC22A2|SLC6A1|SLC6A11|SLC6A12|SLC6A13|SLC6A15|SLC6A16|SLC6A17|SLC6A18|SLC6A19|SLC6A2|SLC6A20|SLC6A3|SLC6A4|SLC6A5|SLC6A7|SLC6A8|SLC6A9|SSTR1|SSTR2|SSTR4|SSTR5|TAAR1|TAAR2|TAAR5|TAAR6|TAAR8|TBXA2R|TMIGD3|TRHR|TYW1|UTS2R,229,ADORA3|HTR1A|HTR1B|HTR1D|HTR2A|HTR2B|HTR2C|HTR3A|HTR3B|HTR4|HTR5A|HTR6|HTR7|SLC18A2|SLC6A4,15,,6.107905397309519,229,,ADORA3|HTR1A|HTR1B|HTR1D|HTR2A|HTR2B|HTR2C|HTR3A|HTR3B|HTR4|HTR5A|HTR6|HTR7|SLC18A2|SLC6A4,15
RAXXELZNTBOGNW-UHFFFAOYSA-N,RAXXELZNTBOGNW,RAXXELZNTBOGNW-UHFFFAOYSA-N,DB03366,Imidazole,full_inchikey,AADAC|AADACL2|AADACL3|AADACL4|AADAT|AANAT|ADAM17|ADAT2|ADAT3|AFMID|AGMAT|AGPS|AK1|AK2|AK3|AK4|AK5|AK7|AK8|AK9|ALKBH8|ANTKMT|AOC1|AOC2|AOC3|AP1G2|APP|APPBP2|ARG1|ARG2|ARPC4-TTLL3|ARR3|ARRB1|ARRB2|B4GALT7|BBS4|BCL9|CA2|CDC14A|CDC14B|CDC27|CDK5|CDKN3|CENPE|CLASRP|CMPK1|CPAP|CRY1|CRY2|CRYM|CST3|CTNNB1|CTR9|CUTA|CYCS|CYP11A1|CYP11B1|CYP11B2|CYP17A1|CYP1A1|CYP1A2|CYP20A1|CYP24A1|CYP26A1|CYP26B1|CYP27A1|CYP27B1|CYP27C1|CYP2A13|CYP2A6|CYP2A7|CYP2B6|CYP2C18|CYP2C19|CYP2C8|CYP2C9|CYP2E1|CYP2F1|CYP2J2|CYP2R1|CYP2S1|CYP2U1|CYP2W1|CYP39A1|CYP3A4|CYP3A43|CYP3A5|CYP3A7|CYP46A1|CYP4A11|CYP4A22|CYP4B1|CYP4F11|CYP4F12|CYP4F2|CYP4F22|CYP4F3|CYP4V2|CYP4X1|CYP4Z1|CYP51A1|CYP7A1|CYP7B1|CYP8B1|D2HGDH|DERA|DHCR24|DLD|DLG1|DMC1|DNAAF4|DUSP1|DUSP10|DUSP12|DUSP15|DUSP16|DUSP18|DUSP19|DUSP2|DUSP21|DUSP22|DUSP23|DUSP26|DUSP28|DUSP29|DUSP3|DUSP4|DUSP5|DUSP6|DUSP7|DUSP8|DUSP9|ENOSF1|EPM2A|EPX|ERAP2|F2|FECH|FKBP5|FKBPL|FLNC|FUCA1|FUCA2|GLA|GNPNAT1|GPD2|GPHN|GSR|HARS1|HCK|HLA-A|HLA-B|HLA-C|HLA-F|HLA-G|HRH3|IAH1|IDI1|IDI2|IFIT1|IFIT1B|IFIT2|IFIT3|IFIT5|IL12B|IL23A|IQCB1|ITGA2B|KDM6A|KIF11|KIF13A|KIF13B|KIF14|KIF15|KIF16B|KIF17|KIF18A|KIF19|KIF1A|KIF1B|KIF1C|KIF20A|KIF20B|KIF21A|KIF21B|KIF22|KIF23|KIF26A|KIF26B|KIF27|KIF2A|KIF2B|KIF2C|KIF3A|KIF3B|KIF3C|KIF4A|KIF4B|KIF5A|KIF5B|KIF5C|KIF6|KIF7|KIF9|KIFC1|KIFC2|KIFC3|KLC1|KLC2|KLC3|KLC4|LAP3|LDHD|LIPE|LPO|LTA4H|M6PR|MASP1|MB|METTL21C|METTL27|MPO|MR1|MSL3|MTHFD1|MTHFD1L|MTHFD2|MTHFD2L|MUTYH|MYH1|MYH10|MYH11|MYH13|MYH15|MYH2|MYH4|MYH7|MYH7B|MYH8|MYH9|MYO10|MYO16|MYO18A|MYO18B|MYO1A|MYO1B|MYO1D|MYO1E|MYO1G|MYO1H|MYO3B|MYO5A|MYO5B|MYO5C|MYO6|MYO7A|MYO7B|MYO9A|MYO9B|NADSYN1|NAGA|NCEH1|NCK2|NDRG2|NDUFAB1|NDUFAF5|NEDD8|NOS1|NOS2|NPEPL1|NPHP3|NQO2|NUDT1|OAS1|OAS2|OAS3|OASL|OXSM|PAH|PDXK|PIM1|PNMT|POLM|POLR2C|PRMT7|PRSS1|PRSS3|PTEN|PTGIS|PTGS1|PTGS2|PTPDC1|PXDN|PXDNL|QPCT|RAD23A|RAD23B|RAD51|RAD51B|RAD51C|RAD51D|RASIP1|RNF31|RPS27A|SAG|SAT1|SATL1|SF1|SGTA|SGTB|SPAG1|SSH1|SSH2|SSH3|SSU72|STARD9|STMN4|STYX|STYXL1|STYXL2|TAX1BP3|TBXAS1|TCAF1|TCAF2|TH|TMTC1|TMTC3|TNS1|TNS3|TOMM34|TPH1|TPH2|TPO|TRMT9B|TSG101|TTC13|TTC16|TTC19|TTC24|TTC28|TTC32|TTC4|TTC6|TTL|TTLL1|TTLL10|TTLL2|TTLL3|TTLL5|TTLL8|TTLL9|TUBA1A|TUBA1B|TUBA1C|TUBA3C|TUBA3D|TUBA3E|TUBA4A|TUBA8|TUBAL3|TUBB|TUBB1|TUBB2A|TUBB2B|TUBB3|TUBB4A|TUBB4B|TUBB6|TUBD1|TUBE1|TUBG1|TUBG2|TXNRD1|TXNRD2|TXNRD3|UBA52|UBB|UBC|UBD|UBL4A|UBL4B|UBQLN1|UBQLN2|UBQLN4|UBQLNL|UEVLD|UNG|UTY|XRCC3|ZFAND4,390,AK2|CYCS|DMC1|GPHN|LTA4H|MB|MYO1E|NOS2|PIM1,9,3.685931570757712,3.74184530978732,390,,AK2|CYCS|DMC1|GPHN|LTA4H|MB|MYO1E|NOS2|PIM1,9
REFJWTPEDVJJIY-UHFFFAOYSA-N,REFJWTPEDVJJIY,REFJWTPEDVJJIY-UHFFFAOYSA-N,DB04216,Quercetin,full_inchikey,ABCB1|ABCC1|ABCC2|ABCC3|ABCC4|ABCG2|ABL1|ABL2|ACHE|ACTB|ADORA2A|ADORA3|ADRA1A|ADRA1B|ADRA2A|ADRA2B|ADRA2C|AHR|AKR1A1|AKR1B1|AKR1B10|AKR1B15|AKR1C1|AKR1C2|AKR1C3|AKR1C4|AKR1D1|AKR1E2|AKT1|ALB|ALK|ALOX12|ALOX15|ALOX15B|ALOX5|ALOXE3|AMY1A|AOX1|APP|AR|ATAD5|ATP5F1A|ATP5F1B|ATP5F1C|ATR|AURKB|AVPR1B|AVPR2|AXL|BACE1|BCHE|BCL9|BLK|BLM|BMX|BOLA2-SMG1P6|BRAF|BTK|CA1|CA12|CA14|CA2|CA3|CA4|CA5A|CA5B|CA6|CA7|CA9|CALM2|CAMK2B|CBR1|CCR4|CD38|CDC42BPB|CDK1|CDK2|CDK4|CDK5R1|CDK6|CEBPB|CFTR|CHRM1|CHRM2|CHRM3|CHRM4|CHRM5|CSF1R|CSK|CSNK2A1|CSNK2A2|CSNK2A3|CSNK2B|CTNNB1|CTRB1|CTRC|CTSL|CXCR1|CYP19A1|CYP1A1|CYP1A2|CYP1B1|CYP2C19|CYP2C8|CYP2C9|CYP2D6|CYP2E1|CYP3A4|DAPK1|DPP3|DPP4|DRD1|DRD4|DRD5|DSTYK|EGFR|EIF3F|ELANE|ELAVL1|ELAVL3|EPHA1|EPHA10|EPHA2|EPHA3|EPHA4|EPHA5|EPHA6|EPHA7|EPHA8|EPHB1|EPHB2|EPHB3|EPHB4|EPHX2|ERN1|ERN2|ESR1|ESR2|ESRRA|F2|FEN1|FGFR1|FGFR2|FGFR3|FGFR4|FGFRL1|FGR|FLT1|FLT3|FLT4|FYN|GAA|GALK1|GCLM|GFUS|GLO1|GPR35|GPT2|GSK3A|GSK3B|GSR|HCK|HDAC6|HDAC9|HIBCH|HIF1A|HIF1AN|HNRNPA1|HPGD|HSD17B2|HSD3B1|HSD3B2|HSD3B7|HSF1|HSP90AA1|HSPA2|HTR1A|HTR1D|HTR3A|HTR5A|HTR6|HTR7|HUNK|IFNG|IGF1R|INSR|INSRR|IP6K2|IPMK|IRAK1|IRAK2|IRAK3|ITK|JAK1|JAK2|JAK3|KDM1A|KDM1B|KDR|KIT|LCK|LIMK1|LIMK2|LPCAT1|LPCAT2|LYN|MAOA|MAOB|MAP2K1|MAP3K10|MAP3K11|MAP3K20|MAP3K21|MAP3K7|MAP3K9|MAPK10|MAPK14|MAPT|MATK|MELK|MERTK|MET|METTL14|METTL3|MGAM|MGAM2|MLKL|MMP1|MMP12|MMP13|MMP2|MMP3|MMP9|MOS|MPHOSPH8|MPO|MTOR|MUSK|NEK2|NEK6|NEU2|NFE2L2|NFKB1|NIM1K|NOX4|NQO2|NR1I2|NR3C1|NSD2|NSDHL|NT5E|NUAK1|OPRK1|OPRM1|OXTR|PASK|PBK|PDGFRA|PDGFRB|PDGFRL|PGR|PIK3C2A|PIK3C2B|PIK3C3|PIK3CA|PIK3CD|PIK3CG|PIK3R1|PIM1|PIM2|PIM3|PKDCC|PKN1|PLA2G1B|PLAU|PLK1|PNLIP|POLB|POLH|POLI|POLK|PPARG|PREP|PRKDC|PRSS1|PSMB5|PTGS2|PTK2|PTK6|PTK7|PTPN1|PYGB|PYGL|PYGM|RAPGEF3|RET|RIPK1|RIPK2|RIPK3|RIPK4|RNASEL|ROR1|RUVBL2|RXRA|SDR42E1|SF3B3|SHBG|SI|SIRT6|SLC16A1|SLC16A7|SLC6A2|SLC6A4|SLCO1B1|SLCO2B1|SMG1|SORD|SPHK1|SRC|SRMS|STAT3|STK11|STK17B|STK33|STK40|STYK1|SYK|TEC|TEK|TESK1|TESK2|TIE1|TOP2A|TOP2B|TP53|TRIB1|TRIB2|TRIB3|TRPC5|TRRAP|TSSK1B|TSSK2|TSSK3|TSSK4|TXK|TYR|TYRO3|UBA1|UGT1A1|UGT1A10|UGT1A3|UGT1A4|UGT1A5|UGT1A6|UGT1A7|UGT1A8|UGT1A9|UGT2A3|UGT2B10|UGT2B11|UGT2B15|UGT2B17|UGT2B28|UGT2B4|UGT2B7|UGT3A1|UGT3A2|UGT8|UXS1|XDH|YES1|ZAP70,372,ACTB|AHR|ATP5F1A|ATP5F1B|ATP5F1C|CBR1|CEBPB|CSNK2A1|CSNK2B|CYP1B1|EIF3F|ESR1|ESR2|HCK|HIBCH|HSP90AA1|HSPA2|LPCAT1|LPCAT2|NQO2|NR1I2|PIK3CG|PIM1|RUVBL2|SF3B3|SHBG|STAT3|STK17B|UBA1|UGT3A1,30,5.142622662622478,5.0,372,,ACTB|AHR|ATP5F1A|ATP5F1B|ATP5F1C|CBR1|CEBPB|CSNK2A1|CSNK2B|CYP1B1|EIF3F|ESR1|ESR2|HCK|HIBCH|HSP90AA1|HSPA2|LPCAT1|LPCAT2|NQO2|NR1I2|PIK3CG|PIM1|RUVBL2|SF3B3|SHBG|STAT3|STK17B|UBA1|UGT3A1,30
RGJOEKWQDUBAIZ-IBOSZNHHSA-N,RGJOEKWQDUBAIZ,RGJOEKWQDUBAIZ-IBOSZNHHSA-N,DB01992,Coenzyme A,full_inchikey,AANAT|AASDHPPT|ACAA1|ACAA2|ACACB|ACAT1|ACAT2|ACBD4|ACBD5|ACBD7|ACLY|ACOT12|ACOT13|ACOT7|ACSM2A|AIFM1|AIFM3|AMACR|AUH|CDY1|CDY1B|CDY2A|CDY2B|CDYL|CENPA|CES1|CHAT|CLYBL|CPT1A|CPT1B|CPT1C|CPT2|CRAT|CRYL1|CS|DBI|DBT|DECR2|DLAT|DLST|ECHDC1|ECHDC2|ECHS1|ECI1|ECI2|EDC3|EHHADH|EP300|FASN|GNPNAT1|H3-3A|H3-3B|H3-4|H3-5|H3C10|H3C12|H3C13|H3C14|H3C15|H3C4|H4C11|H4C16|H4C2|H4C3|H4C6|HACL1|HADH|HADHA|HADHB|HAT1|HIBCH|HMGCL|HMGCLL1|HMGCR|HMGCS1|HMGCS2|ILVBL|KAT2A|KAT2B|KAT5|KAT6A|KAT6B|KAT7|KAT8|MCAT|MCCC1|MCCC2|MOCS3|NAA50|NAGS|NAT1|NAT2|NAXD|NAXE|NFYB|OXCT1|OXCT2|OXSM|PC|PCCA|PCCB|PDHX|PPP5C|RBBP4|RBBP7|SARS1|SARS2|SAT1|SATL1|SCP2|SQOR|SUCLG1|SUCLG2|TSTD1|WDR59|WDR73|YJEFN3,117,ACAT2|CRAT|CS|DBI|HMGCR|KAT2A|KAT2B|KAT5,8,5.455171999104567,4.358872837076787,117,,ACAT2|CRAT|CS|DBI|HMGCR|KAT2A|KAT2B|KAT5,8
RGLYKWWBQGJZGM-ISLYRVAYSA-N,RGLYKWWBQGJZGM,RGLYKWWBQGJZGM-ISLYRVAYSA-N,DB00255,Diethylstilbestrol,full_inchikey,ABCB1|ABCB11|ABCG2|ACHE|ADORA1|ADORA2A|ADORA3|ADRA1D|ADRA2A|ADRA2B|ADRA2C|ADRB1|ALOX15|AOX1|AR|AVPR1A|CA1|CA2|CHRM1|CHRM2|CHRM3|COMT|CYP19A1|CYP1A2|CYP2C8|CYP2C9|CYP2D6|CYP2E1|CYP3A4|CYP3A7|CYSLTR1|DRD1|DRD2|DRD3|ESR1|ESR2|ESRRA|ESRRB|ESRRG|FYN|GALE|GLI3|GMNN|HSPB1|HTR2A|HTR2B|HTR2C|HTR6|MAPK14|NCOA2|NFE2L2|NR1H4|NR1I2|NR3C1|NSD2|NTMT1|OPRD1|OPRK1|OPRM1|PGR|PPARG|PPM1D|PTGS1|PTGS2|RORC|SHBG|SLC5A7|SLC6A2|SLC6A3|SLC6A4|SLCO1B1|SLCO2B1|SYK|TACR2|TBXA2R|TBXAS1|TMIGD3|TP53|TTR,79,AR|ESR1|ESR2|ESRRA|ESRRB|ESRRG|NCOA2|NR1I2|SHBG,9,5.288142465364306,5.114040100792051,79,G03CB02|G03CC05|L02AA01|L02AA04,AR|ESR1|ESR2|ESRRA|ESRRB|ESRRG|NCOA2|NR1I2|SHBG,9
RHGKLRLOHDJJDR-BYPYZUCNSA-N,RHGKLRLOHDJJDR,RHGKLRLOHDJJDR-BYPYZUCNSA-N,DB00155,Citrulline,full_inchikey,ACR|ASS1|AZU1|C1RL|C1S|C2|CCNA2|CDK2|CELA1|CELA2A|CELA2B|CELA3A|CELA3B|CFB|CFD|CFI|CMA1|CORIN|CTRB1|CTRB2|CTRC|CTRL|CTSG|DDAH1|DDAH2|ELANE|F10|F11|F12|F2|F7|F9|GZMA|GZMB|GZMH|GZMK|GZMM|HABP2|HGF|HGFAC|HLA-B|HP|HPN|HPR|KLK1|KLK10|KLK11|KLK12|KLK13|KLK14|KLK15|KLK2|KLK3|KLK4|KLK5|KLK6|KLK7|KLK8|KLKB1|LPA|MASP1|MASP2|MST1|NOS1|NOS2|NOS3|OTC|OVCH1|PADI1|PADI2|PADI3|PADI4|PADI6|PLAT|PLAU|PLG|PROC|PROZ|PRSS1|PRSS12|PRSS21|PRSS22|PRSS27|PRSS3|PRSS33|PRSS36|PRSS37|PRSS38|PRSS48|PRSS50|PRSS53|PRSS54|PRSS55|PRSS57|PRSS58|PRSS8|PRTN3|SLC22A6|ST14|TMPRSS11A|TMPRSS11B|TMPRSS11D|TMPRSS11E|TMPRSS11F|TMPRSS12|TMPRSS13|TMPRSS15|TMPRSS2|TMPRSS4|TMPRSS5|TMPRSS6|TMPRSS7|TPSAB1|TPSD1|TPSG1,115,ASS1|DDAH1|DDAH2|NOS1|NOS2|NOS3|OTC|PADI1|PADI2|PADI3|PADI4|PADI6,12,8.431727855510415,8.431727855510415,115,,ASS1|DDAH1|DDAH2|NOS1|NOS2|NOS3|OTC|PADI1|PADI2|PADI3|PADI4|PADI6,12
RJKFOVLPORLFTN-LEKSSAKUSA-N,RJKFOVLPORLFTN,RJKFOVLPORLFTN-LEKSSAKUSA-N,DB00396,Progesterone,full_inchikey,ABCB1|ABCB11|ABCC1|ABCG2|ABCG5|ABCG8|ACHE|AHR|AKR1C1|AKR1C2|AKR1D1|APOD|AR|CATSPER1|CATSPER2|CATSPER3|CATSPER4|CDK2|CDKN1A|CDKN1B|CGB3|CHRM1|CHRNA4|CHRNB2|CRABP1|CRABP2|CRH|CYP17A1|CYP1A1|CYP1A2|CYP1B1|CYP2A6|CYP2C19|CYP2C9|CYP2D6|CYP3A4|CYP3A5|CYP3A7|CYP51A1|EBP|ESR1|ESR2|ESRRA|ESRRB|ESRRG|F2|F2R|F2RL3|FABP1|FABP12|FABP2|FABP3|FABP4|FABP5|FABP6|FABP7|FABP9|FOXO1|GLI3|GPBAR1|HNF4A|HSD17B10|IL12A|IL12B|IL1B|INHBA|MAPK1|NCOA1|NFE2L2|NR0B1|NR0B2|NR1H2|NR1H3|NR1H4|NR1I2|NR1I3|NR2C1|NR2C2|NR2E1|NR2F1|NR2F2|NR2F6|NR3C1|NR3C2|NR6A1|OPRK1|ORM1|ORM2|P2RX3|PDGFRA|PGR|PMP2|PPARD|PPARG|RARA|RARB|RARG|RBP2|RBP5|RBP7|RORC|RXRA|RXRB|RXRG|SERPINA6|SHBG|SIGMAR1|SLC10A1|SLC22A1|SLC22A2|SLC22A3|SLC22A9|SLCO1B1|SLCO1B3|SOAT1|TARDBP|THRA|THRB|TP53|TRPC5|TSHR|VDR|VEGFA,123,AR|CYP17A1|ESR1|ESR2|NR3C1|NR3C2|OPRK1|ORM1|PGR|SHBG,10,5.537168252340574,4.94246320441094,123,G03DA04|G03FA04,AR|CYP17A1|ESR1|ESR2|NR3C1|NR3C2|OPRK1|ORM1|PGR|SHBG,10
RMUCZJUITONUFY-UHFFFAOYSA-N,RMUCZJUITONUFY,RMUCZJUITONUFY-UHFFFAOYSA-N,DB00780,Phenelzine,full_inchikey,ABAT|AICDA|ALOX12|AOC3|CYP1A2|CYP2C19|CYP2C8|CYP2C9|CYP2D6|CYP2E1|CYP3A4|CYP3A5|CYP3A7|GPT|GPT2|HTR1A|IDO1|KDM1A|KDM1B|MAOA|MAOB|PTGS1|RAB9A|SLC6A2|SLC6A3|SLC6A4,26,ABAT|AOC3|GAD65|GPT|GPT2|MAOA|MAOB,7,5.6860098100895895,5.460338164977337,26,N06AF03,ABAT|AOC3|GAD65|GPT|GPT2|MAOA|MAOB,7
ROHFNLRQFUQHCH-YFKPBYRVSA-N,ROHFNLRQFUQHCH,ROHFNLRQFUQHCH-YFKPBYRVSA-N,DB00149,Leucine,full_inchikey,AADAT|ABHD10|ABHD11|ABHD14A|ABHD14B|ABHD4|ABHD5|ALPI|ALPL|BCAT1|BCAT2|CPQ|ENOSF1|EPHX1|ERMP1|FOLH1|GLUD1|GLUD2|HBA2|HMGCL|HMGCLL1|LAP3|LARS1|LARS2|LCMT1|LCMT2|LIPA|LIPF|LIPJ|LIPK|LIPM|LIPN|NAALAD2|NAALADL1|NAALADL2|NPEPL1|PCNA|PEPD|PLAA|PPME1|PVR|SERHL2|SLC16A10|SLC16A2|SLC36A1|SLC6A1|SLC6A11|SLC6A12|SLC6A13|SLC6A15|SLC6A16|SLC6A17|SLC6A18|SLC6A19|SLC6A2|SLC6A20|SLC6A3|SLC6A4|SLC6A5|SLC6A7|SLC6A8|SLC6A9|SLC7A5|TFR2|TFRC|XPNPEP1|XPNPEP2|XPNPEP3,68,BCAT1|BCAT2|LARS1|LARS2|LCMT1|LCMT2,6,4.193617997398389,5.301029995663981,68,,BCAT1|BCAT2|LARS1|LARS2|LCMT1|LCMT2,6
RQFCJASXJCIDSX-UUOKFMHZSA-N,RQFCJASXJCIDSX,RQFCJASXJCIDSX-UUOKFMHZSA-N,DB01972,Guanosine-5'-Monophosphate,full_inchikey,ATIC|DLG4|GMDS|GMPR|GUK1|HINT1|HPRT1|PDE5A|PNP|TGM3,10,ATIC|DLG4|GMPR|GUK1|HINT1|PDE5A|TGM3,7,4.031097372081425,4.031097372081425,10,,ATIC|DLG4|GMPR|GUK1|HINT1|PDE5A|TGM3,7
RRAFCDWBNXTKKO-UHFFFAOYSA-N,RRAFCDWBNXTKKO,RRAFCDWBNXTKKO-UHFFFAOYSA-N,DB09086,Eugenol,full_inchikey,ALOX5|AR|CACNA1C|CYP1A2|CYP2C19|CYP2D6|ESR1|ESR2|MAOB|NFKB1|PPARG|PTGS1|PTGS2|RELA|TNF|TRPV3,16,AR|ESR1|ESR2|MAOB|TRPV3,5,4.4570461664325824,4.5163105054346975,16,,AR|ESR1|ESR2|MAOB|TRPV3,5
RSEPBGGWRJCQGY-RBRWEJTLSA-N,RSEPBGGWRJCQGY,RSEPBGGWRJCQGY-RBRWEJTLSA-N,DB13956,Estradiol valerate,full_inchikey,ABCB1|ABCC10|ABCG2|ADORA3|ALB|AR|BECN1|CHRNA4|CYP1A1|CYP1A2|CYP1B1|CYP2C19|CYP2C8|CYP2C9|CYP3A4|CYP3A5|CYP3A7|ESR1|ESR2|ESRRG|FABP2|GPER1|HSD17B2|IDH1|MT-ATP6|NCOA2|NR1I2|NR3C1|PGR|PTGS1|RAPGEF4|SHBG|SLC22A1|SLC22A11|SLC22A2|SLC22A3|SLC22A8|SLCO1A2|SLCO1B1|SLCO1B3|SLCO1C1|SLCO2B1|SLCO4A1|UGT1A1,44,BECN1|CHRNA4|ESR1|ESR2|ESRRG|GPER1|HSD17B2|MT-ATP6|NCOA2|NR1I2,10,5.480355948492532,5.086698801892569,44,,BECN1|CHRNA4|ESR1|ESR2|ESRRG|GPER1|HSD17B2|MT-ATP6|NCOA2|NR1I2,10
RTHCYVBBDHJXIQ-UHFFFAOYSA-N,RTHCYVBBDHJXIQ,RTHCYVBBDHJXIQ-UHFFFAOYSA-N,DB00472,Fluoxetine,full_inchikey,ABCB1|ABCC3|ABCC4|ACHE|ACKR3|ADORA1|ADORA2A|ADORA2B|ADRA1A|ADRA1B|ADRA1D|ADRA2A|ADRA2B|ADRA2C|ADRB1|ADRB2|ADRB3|AGTR1|AGTR2|ALB|APLNR|AR|ATXN2|AVPR1A|AVPR1B|AVPR2|BDKRB1|BRS3|CACNA1C|CCKAR|CCKBR|CCR1|CCR3|CCR4|CCR5|CCR9|CHRM1|CHRM2|CHRM3|CHRM4|CHRM5|CHRNA2|CHRNA3|CHRNB4|CKS1B|CNR1|CNR2|CXCR4|CXCR6|CYP1A2|CYP1B1|CYP2B6|CYP2C19|CYP2C8|CYP2C9|CYP2D6|CYP2J2|CYP3A4|CYP3A5|CYP3A7|DRD1|DRD2|DRD3|DRD4|DRD5|EDNRA|EDNRB|ESR1|ESR2|FFAR4|GALR1|GALR2|GALR3|GHSR|GLI3|GNRHR|GPR119|GPR12|GPR135|GPR139|GPR142|GPR148|GPR150|GPR151|GPR161|GPR173|GPR176|GPR19|GPR22|GPR26|GPR27|GPR3|GPR37|GPR37L1|GPR39|GPR45|GPR52|GPR6|GPR61|GPR62|GPR63|GPR65|GPR78|GPR83|GPR84|GPR85|GPR88|GRPR|HCRTR1|HCRTR2|HRH1|HRH2|HRH3|HRH4|HTR1A|HTR1B|HTR1E|HTR1F|HTR2A|HTR2B|HTR2C|HTR4|HTR5A|HTR6|HTR7|JUN|KCNH2|KCNK2|KISS1R|LPAR1|LPAR2|LPAR3|LSP1|LTB4R|LTB4R2|MC1R|MC2R|MC3R|MC4R|MC5R|MCHR1|MCHR2|MLNR|NMBR|NMUR1|NMUR2|NPBWR2|NPFFR1|NPFFR2|NPR2|NPSR1|NPY1R|NPY2R|NPY4R|NPY5R|NSD2|NTSR1|NTSR2|OPN1LW|OPN1MW2|OPN1SW|OPN3|OPN4|OPN5|OPRD1|OPRK1|OPRL1|OPRM1|ORM1|OXTR|PRLHR|PROKR1|PROKR2|PTGDR|PTGER1|PTGER2|PTGER3|PTGER4|PTGFR|PTGIR|QRFPR|RARA|RGR|RHO|RRH|RXFP3|RXFP4|SIGMAR1|SLC29A4|SLC6A1|SLC6A11|SLC6A12|SLC6A13|SLC6A15|SLC6A16|SLC6A17|SLC6A18|SLC6A19|SLC6A2|SLC6A20|SLC6A3|SLC6A4|SLC6A5|SLC6A7|SLC6A8|SLC6A9|SSTR1|SSTR2|SSTR4|SSTR5|SYK|TAAR1|TAAR2|TAAR5|TAAR6|TAAR8|TBXA2R|TMIGD3|TOR1A|TRHR|UBE2N|UTS2R,222,CHRNA2|CHRNA3|CHRNB4|CKS1B|HTR2C|KCNH2|SLC6A4,7,5.339175386554533,5.20743452774369,222,N06AB03|N06CA03,CHRNA2|CHRNA3|CHRNB4|CKS1B|HTR2C|KCNH2|SLC6A4,7
RTKIYFITIVXBLE-QEQCGCAPSA-N,RTKIYFITIVXBLE,RTKIYFITIVXBLE-QEQCGCAPSA-N,DB04297,Trichostatin A,full_inchikey,APEX1|ATAD5|CASP8|CREBBP|EP300|F3|GBA1|H3-4|H4C16|HDAC1|HDAC10|HDAC11|HDAC2|HDAC3|HDAC4|HDAC5|HDAC6|HDAC7|HDAC8|HDAC9|IFNB1|IL1B|KAT2B|KDM4E|LEF1|LTA4H|MBD2|MECP2|NCOR1|NCOR2|NR1I2|NSD2|PTGER1|RARG|SF3B3|SIRT6|SMN2|SP1|SP3|SYK|TCF4|TFAP2C|TNF|VDR|VIM,45,CASP8|HDAC7|HDAC8|PTGER1|TNF,5,,7.060240373690691,45,,CASP8|HDAC7|HDAC8|PTGER1|TNF,5
RYGMFSIKBFXOCR-UHFFFAOYSA-N,RYGMFSIKBFXOCR,RYGMFSIKBFXOCR-UHFFFAOYSA-N,DB09130,Copper,full_inchikey,A1BG|A2M|ACTG1|ACTN1|ACY1|AFM|AGT|AHCY|AHSG|AKR1A1|ALB|ANG|ANXA4|ANXA5|AOC1|APCS|APLP1|APOA1|APOA2|APOA4|APOBR|APOC2|APOC3|APOD|APOE|APOH|APP|ATOX1|ATP7A|ATP7B|AZGP1|B2M|BDNF|C1QBP|C1QC|C1S|C3|C4BPA|C4B_2|C5|C8B|C9|CALR|CBX5|CCS|CFH|CFI|CFL1|CLEC3B|CLIC1|CLU|COX17|CP|CYB5R3|DBH|EEF1A1|EIF4A1|EIF6|ENO1|F2|F5|F8|GAPDH|GLRA1|GOT1|GPI|GSN|GSR|GSS|H1-4|H2BC8|HBA2|HBB|HDGF|HEPH|HEPHL1|HNRNPA2B1|HNRNPH1|HNRNPH3|HNRNPL|HPR|HSP90AA1|HSP90B1|HSPA13|HSPA5|HSPA8|HSPD1|HTT|IAPP|IDH3A|IGFALS|IGLL1|ITIH2|KNG1|KRT1|KRT10|KRT2|KRT8|KRT9|LDHA|LOX|LRG1|LUM|MAOA|MT-CO1|MTF1|NEIL1|NEIL2|NME1|P4HB|PAM|PARK7|PDIA3|PEBP1|PGAM1|PGK1|PGLYRP2|PKM|PLG|PON1|PPBP|PPIA|PRDX1|PRDX2|PRDX6|PRNP|PSME1|PTGES3|RACK1|RANBP1|RPS2|RPSA|S100A2|S100A4|S100A8|SCO1|SERPINA1|SERPINA4|SERPINA6|SERPINA7|SERPINC1|SERPIND1|SERPINE1|SERPINF1|SERPINF2|SERPING1|SF3A2|SFPQ|SLC11A2|SLC31A1|SLC31A2|SNCA|SOD1|SRSF1|STIP1|TAC3|TF|TKT|TTR|TUBA3C|TUBB|TYR|UGDH|VTN|YWHAB,165,A1BG|ACTG1|ACTN1|ACY1|AFM|AGT|AHCY|AHSG|AKR1A1|ANXA4|ANXA5|APCS|APLP1|APOA1|APOA2|APOA4|APOBR|APOC2|APOC3|APOD|APOE|APOH|APP|AZGP1|B2M|BDNF|C1QBP|C1QC|C1S|C3|C4B|C4BPA|C5|C8B|C9|CALR|CBX5|CFH|CFI|CFL1|CLEC3B|CLIC1|CLU|CYB5R3|EEF1A1|EIF4A1|EIF6|ENO1|F2|GAPDH|GLRA1|GOT1|GPI|GSN|GSR|GSS|H1-4|H2BC4|HBA1|HBB|HDGF|HEPHL1|HNRNPA2B1|HNRNPH1|HNRNPH3|HNRNPL|HPR|HSP90AA1|HSP90B1|HSPA13|HSPA5|HSPA8|HSPD1|HTT|IAPP|IDH3A|IGFALS|IGHG1|IGHG4|IGKV3-20|IGLL1|ITIH2|KNG1|KRT1|KRT10|KRT2|KRT8|KRT9|LDHA|LRG1|LUM|NEIL1|NEIL2|NME1|P4HB|PARK7|PDIA3|PEBP1|PGAM1|PGK1|PGLYRP2|PKM|PLG|PON1|PPBP|PPIA|PRDX1|PRDX2|PRDX6|PRNP|PSME1|PTGES3|RACK1|RANBP1|RPS2|RPSA|S100A2|S100A4|S100A8|SCO1|SERPINA1|SERPINA4|SERPINA6|SERPINA7|SERPINC1|SERPIND1|SERPINE1|SERPINF1|SERPINF2|SERPING1|SF3A2|SFPQ|SNCA|SRSF1|STIP1|TAC3|TF|TKT|TTR|TUBA3C|TUBB|UGDH|VTN|YWHAB,144,,,165,,A1BG|ACTG1|ACTN1|ACY1|AFM|AGT|AHCY|AHSG|AKR1A1|ANXA4|ANXA5|APCS|APLP1|APOA1|APOA2|APOA4|APOBR|APOC2|APOC3|APOD|APOE|APOH|APP|AZGP1|B2M|BDNF|C1QBP|C1QC|C1S|C3|C4B|C4BPA|C5|C8B|C9|CALR|CBX5|CFH|CFI|CFL1|CLEC3B|CLIC1|CLU|CYB5R3|EEF1A1|EIF4A1|EIF6|ENO1|F2|GAPDH|GLRA1|GOT1|GPI|GSN|GSR|GSS|H1-4|H2BC4|HBA1|HBB|HDGF|HEPHL1|HNRNPA2B1|HNRNPH1|HNRNPH3|HNRNPL|HPR|HSP90AA1|HSP90B1|HSPA13|HSPA5|HSPA8|HSPD1|HTT|IAPP|IDH3A|IGFALS|IGHG1|IGHG4|IGKV3-20|IGLL1|ITIH2|KNG1|KRT1|KRT10|KRT2|KRT8|KRT9|LDHA|LRG1|LUM|NEIL1|NEIL2|NME1|P4HB|PARK7|PDIA3|PEBP1|PGAM1|PGK1|PGLYRP2|PKM|PLG|PON1|PPBP|PPIA|PRDX1|PRDX2|PRDX6|PRNP|PSME1|PTGES3|RACK1|RANBP1|RPS2|RPSA|S100A2|S100A4|S100A8|SCO1|SERPINA1|SERPINA4|SERPINA6|SERPINA7|SERPINC1|SERPIND1|SERPINE1|SERPINF1|SERPINF2|SERPING1|SF3A2|SFPQ|SNCA|SRSF1|STIP1|TAC3|TF|TKT|TTR|TUBA3C|TUBB|UGDH|VTN|YWHAB,144
RYYVLZVUVIJVGH-UHFFFAOYSA-N,RYYVLZVUVIJVGH,RYYVLZVUVIJVGH-UHFFFAOYSA-N,DB00201,Caffeine,full_inchikey,ABCC3|ABCC4|ABCG2|ACHE|ADORA1|ADORA2A|ADORA2B|ADORA3|AR|ATM|ATR|BCHE|CA1|CA2|CDC25C|CHI3L1|CHI3L2|CHIA|CHIT1|CNR1|CYP1A1|CYP1A2|CYP1B1|CYP2C19|CYP2C8|CYP2C9|CYP2D6|CYP2E1|CYP3A4|ESR1|ESRRA|GDA|GLI3|ITPR1|KCNH2|KCNK2|MAOB|MTOR|NFE2L2|NOTUM|NR1I2|NR2E1|NT5E|OVGP1|PDE4A|PDE4B|PDE4D|PIK3CA|PIK3CB|PIK3CD|PIK3CG|PRKDC|PYGB|PYGL|PYGM|RYR1|TMIGD3|TSHR|YWHAQ,59,ADORA1|ADORA2A|ADORA2B|ADORA3|ATM|ITPR1|NT5E|PDE4A|PDE4B|PDE4D|PIK3CA|PIK3CB|PIK3CD|PRKDC|RYR1,15,4.441371046793966,4.301029995663981,59,D11AX26|N06BC01|R03DA20|V04CG30,ADORA1|ADORA2A|ADORA2B|ADORA3|ATM|ITPR1|NT5E|PDE4A|PDE4B|PDE4D|PIK3CA|PIK3CB|PIK3CD|PRKDC|RYR1,15
RZEKVGVHFLEQIL-UHFFFAOYSA-N,RZEKVGVHFLEQIL,RZEKVGVHFLEQIL-UHFFFAOYSA-N,DB00482,Celecoxib,full_inchikey,ABCB1|ABCB11|ABCC3|ABCC4|ABCG2|ADORA3|ADRA2B|ADRB2|ADRB3|ALOX15|ALOX5|AR|CA1|CA10|CA11|CA12|CA13|CA14|CA2|CA3|CA4|CA5A|CA5B|CA6|CA7|CA8|CA9|CASP3|CASP7|CDC42|CDH11|CYP19A1|CYP2C19|CYP2C8|CYP2C9|CYP2D6|CYP3A4|CYP3A7|DRD1|DRD2|EPHX2|EPX|ESR1|ESRRA|FADD|FAS|GLI3|HDAC1|HDAC10|HDAC11|HDAC2|HDAC3|HDAC4|HDAC5|HDAC6|HDAC7|HDAC8|HDAC9|HPGD|HTR2A|IFNG|KCNH2|LPO|LTF|MAPK14|MELTF|MPO|MT-CO2|NEU1|NFE2L2|NFKB1|NR1I2|PDE5A|PDPK1|PTGER2|PTGES|PTGS1|PTGS2|PTPRG|PTPRZ1|PXDN|PXDNL|RARA|RELA|RORC|SLC6A2|SLC6A3|SLC6A4|SNAI1|STAT3|TF|TNF|TPO|TRPV1|TSHR,95,CA2|CA3|CDH11|NEU1|PDPK1|PTGS2|STAT3,7,5.324125305366392,5.138021600000611,95,C08CA51|G01AE10|L01XX33|M01AH01|N02AJ16,CA2|CA3|CDH11|NEU1|PDPK1|PTGS2|STAT3,7
RZVAJINKPMORJF-UHFFFAOYSA-N,RZVAJINKPMORJF,RZVAJINKPMORJF-UHFFFAOYSA-N,DB00316,Acetaminophen,full_inchikey,ABCB1|ABCB11|ABCC3|ABCC4|AGO2|ALB|ALOX5AP|BAZ2B|BRD4|CA1|CA12|CA14|CA2|CA3|CA4|CA5A|CA5B|CA6|CA7|CA9|CREBBP|CTNNB1|CYP1A1|CYP1A2|CYP2A6|CYP2D6|CYP2E1|CYP2J2|CYP3A4|EPX|ESR1|FAAH|GSTM1|GSTP1|INS-IGF2|LDLR|LPO|LTF|MB|MELTF|MIF|MPO|NAT2|NR3C1|PPP2R5A|PTGES3|PTGS1|PTGS2|PXDN|PXDNL|RARA|RXRA|SLC6A2|SLC6A4|SULT1A1|SULT1A3|TF|TPO|TRPV1|UGT1A1|UGT1A6|UGT1A9|UGT2B15|YY1,64,PTGES3|PTGS1|PTGS2|SLC6A2|SLC6A4|TRPV1,6,4.483533928876679,4.650283859079927,64,N02AJ01|N02AJ06|N02AJ13|N02AJ17|N02AJ22|N02BE01|N02BE51|N02BE71,PTGES3|PTGS1|PTGS2|SLC6A2|SLC6A4|TRPV1,6
SBDNJUWAMKYJOX-UHFFFAOYSA-N,SBDNJUWAMKYJOX,SBDNJUWAMKYJOX-UHFFFAOYSA-N,DB00939,Meclofenamic acid,full_inchikey,ABCB11|AKR1C1|AKR1C2|AKR1C3|AKR1C4|ALKBH3|ALOX5|FABP2|FTO|KCNQ2|KCNQ3|MAPK1|NR4A1|NR4A2|PTGS1|PTGS2|RXRA|SERPINA7|SLC22A6|SLCO1C1|TTR,21,ALOX5|KCNQ2|KCNQ3|PTGS1|PTGS2,5,5.688051832044901,5.504994553500602,21,M01AG04|M02AA18,ALOX5|KCNQ2|KCNQ3|PTGS1|PTGS2,5
SFLSHLFXELFNJZ-QMMMGPOBSA-N,SFLSHLFXELFNJZ,SFLSHLFXELFNJZ-QMMMGPOBSA-N,DB00368,Norepinephrine,full_inchikey,ACKR3|ADORA1|ADORA2A|ADORA2B|ADRA1A|ADRA1B|ADRA1D|ADRA2A|ADRA2B|ADRA2C|ADRB1|ADRB2|ADRB3|AGTR1|AGTR2|APLNR|AVPR1A|AVPR1B|AVPR2|BDKRB1|BLM|BRS3|CCKAR|CCKBR|CCR1|CCR3|CCR4|CCR5|CCR9|CNR1|CNR2|CREB1|CXCR4|CXCR6|DAO|DRD1|DRD2|DRD3|DRD4|DRD5|EDNRA|EDNRB|FEN1|FFAR4|GALR1|GALR2|GALR3|GHSR|GNRHR|GPR119|GPR12|GPR135|GPR139|GPR142|GPR148|GPR150|GPR151|GPR161|GPR173|GPR176|GPR19|GPR22|GPR26|GPR27|GPR3|GPR37|GPR37L1|GPR39|GPR45|GPR52|GPR6|GPR61|GPR62|GPR63|GPR65|GPR78|GPR83|GPR84|GPR85|GPR88|GPT2|GRPR|HCRTR1|HCRTR2|HRH2|HRH3|HRH4|HTR1A|HTR1B|HTR1E|HTR1F|HTR2B|HTR2C|HTR4|HTR5A|HTR6|HTR7|JUN|KISS1R|LPAR1|LPAR2|LPAR3|LSP1|LTB4R|LTB4R2|MAPT|MBNL1|MC1R|MC2R|MC3R|MC4R|MC5R|MCHR1|MCHR2|MLNR|NISCH|NMBR|NMUR1|NMUR2|NPBWR2|NPFFR1|NPFFR2|NPSR1|NPY1R|NPY2R|NPY4R|NPY5R|NTSR1|NTSR2|OPN1LW|OPN1MW2|OPN1SW|OPN3|OPN4|OPN5|OPRD1|OPRK1|OPRL1|OPRM1|OXTR|PAH|PNMT|POLH|POLI|POLK|POU5F1|PRLHR|PROKR1|PROKR2|PTGDR|PTGER1|PTGER2|PTGER3|PTGER4|PTGFR|PTGIR|PTGS2|QRFPR|RGR|RHO|RRH|RXFP3|RXFP4|SLC18A1|SLC18A2|SLC22A1|SLC22A2|SLC22A3|SLC22A5|SLC6A2|SSTR1|SSTR2|SSTR4|SSTR5|TAAR1|TAAR2|TAAR5|TAAR6|TAAR8|TBXA2R|TMIGD3|TRHR|TSHR|UTS2R|VDR,185,ADRA1A|ADRA1B|ADRA1D|ADRA2A|ADRA2B|ADRA2C|ADRB1|ADRB2|ADRB3|PAH|SLC18A1|SLC18A2,12,,5.549667176099972,185,C01CA03,ADRA1A|ADRA1B|ADRA1D|ADRA2A|ADRA2B|ADRA2C|ADRB1|ADRB2|ADRB3|PAH|SLC18A1|SLC18A2,12
SGTNSNPWRIOYBX-UHFFFAOYSA-N,SGTNSNPWRIOYBX,SGTNSNPWRIOYBX-UHFFFAOYSA-N,DB00661,Verapamil,full_inchikey,ABCB1|ABCB11|ABCB4|ABCB5|ABCC1|ABCC10|ABCC2|ABCC3|ABCC4|ABCG2|ACKR3|ADORA1|ADORA2A|ADORA2B|ADRA1A|ADRA1B|ADRA1D|ADRA2A|ADRA2B|ADRA2C|ADRB1|ADRB2|ADRB3|AGTR1|AGTR2|ALB|APLNR|AVPR1A|AVPR1B|AVPR2|BDKRB1|BRS3|CACNA1A|CACNA1B|CACNA1C|CACNA1D|CACNA1F|CACNA1G|CACNA1H|CACNA1S|CACNG1|CATSPER1|CCKAR|CCKBR|CCR1|CCR3|CCR4|CCR5|CCR9|CHRM2|CNR1|CNR2|CXCR4|CXCR6|CYP1A2|CYP2B6|CYP2C18|CYP2C19|CYP2C8|CYP2C9|CYP2D6|CYP2E1|CYP2J2|CYP3A4|CYP3A5|CYP3A7|DRD2|DRD3|DRD4|DRD5|EDNRA|EDNRB|FFAR4|GALR1|GALR2|GALR3|GHSR|GNRHR|GPR119|GPR12|GPR135|GPR139|GPR142|GPR148|GPR150|GPR151|GPR161|GPR173|GPR176|GPR19|GPR22|GPR26|GPR27|GPR3|GPR37|GPR37L1|GPR39|GPR45|GPR52|GPR6|GPR61|GPR62|GPR63|GPR65|GPR78|GPR83|GPR84|GPR85|GPR88|GRPR|HCRTR1|HCRTR2|HRH2|HRH3|HRH4|HTR1A|HTR1B|HTR1E|HTR1F|HTR2A|HTR2B|HTR2C|HTR4|HTR5A|HTR6|HTR7|KCNA10|KCNA3|KCNH2|KCNJ11|KISS1R|LPAR1|LPAR2|LPAR3|LSP1|LTB4R|LTB4R2|MC1R|MC2R|MC3R|MC4R|MC5R|MCHR1|MCHR2|MLNR|NALCN|NMBR|NMUR1|NMUR2|NPBWR2|NPFFR1|NPFFR2|NPSR1|NPY1R|NPY2R|NPY4R|NPY5R|NR1I2|NTSR1|NTSR2|OPN1LW|OPN1MW2|OPN1SW|OPN3|OPN4|OPN5|OPRD1|OPRK1|OPRL1|OPRM1|ORM1|OXTR|PDE4D|PRLHR|PROKR1|PROKR2|PTGDR|PTGER1|PTGER2|PTGER3|PTGER4|PTGFR|PTGIR|QRFPR|RGR|RHO|RRH|RXFP3|RXFP4|SCN10A|SCN11A|SCN1A|SCN2A|SCN3A|SCN5A|SCN8A|SCN9A|SLC22A1|SLC22A4|SLC22A5|SLC29A4|SLC47A1|SLC47A2|SLC6A4|SLCO1A2|SLCO1B1|SSTR1|SSTR2|SSTR4|SSTR5|TAAR1|TAAR2|TAAR5|TAAR6|TAAR8|TBXA2R|TPCN1|TPCN2|TRHR|TSPO|TSPO2|UTS2R,222,ABCB1|ADRA1A|ADRA1B|ADRA1D|CACNA1A|CACNA1B|CACNA1C|CACNA1G|CACNA1H|CACNG1|KCNH2|KCNJ11|SLC6A4,13,5.65722583133952,5.50950062300494,222,C08DA01|C08DA51|C09BB10,ABCB1|ADRA1A|ADRA1B|ADRA1D|CACNA1A|CACNA1B|CACNA1C|CACNA1G|CACNA1H|CACNG1|KCNH2|KCNJ11|SLC6A4,13
SHGAZHPCJJPHSC-YCNIQYBTSA-N,SHGAZHPCJJPHSC,SHGAZHPCJJPHSC-YCNIQYBTSA-N,DB00755,Tretinoin,full_inchikey,ABCB11|ABCC3|ABCC4|ADORA3|ADRB2|AKR1C3|ALB|ALDH1A1|ALDH1A2|AMBP|APOD|APP|AR|ATAD5|ATG12|ATG5|BTG2|CAMK2G|CCNA2|CCND1|CCNE1|CCNH|CDC25B|CDK2|CDKN1A|CDKN1B|CEBPA|CEBPB|CRABP1|CRABP2|CREBBP|CYP1A1|CYP26A1|CYP26B1|CYP26C1|CYP2A6|CYP2B6|CYP2C18|CYP2C19|CYP2C8|CYP2C9|CYP2E1|CYP3A4|CYP3A5|CYP3A7|CYP4A11|DAPK2|DUSP1|EP300|ESR1|ESR2|ESRRA|ESRRB|ESRRG|FABP1|FABP12|FABP2|FABP3|FABP4|FABP5|FABP6|FABP7|FABP9|FOS|GABPA|GPRC5A|GRIN1|H3-4|H4C16|HIF1A|HNF4A|HSPB1|HSPD1|HSPE1|HTR2B|IGF2|IL12A|IL12B|INS|IRF1|ITGAV|ITGB1|JUN|KAT2A|KAT2B|KCNH2|LCN1|MAPK1|MAPT|MED1|NCOA1|NCOA2|NCOA3|NFE2L2|NFIA|NFKB1|NPM1|NR0B1|NR0B2|NR1H2|NR1H3|NR1H4|NR1I2|NR1I3|NR2C1|NR2C2|NR2E1|NR2F1|NR2F2|NR2F6|NR3C1|NR3C2|NR4A1|NR6A1|NSD2|NTMT1|OBP2A|PAEP|PAX3|PCNA|PDE4A|PDGFB|PDK4|PGR|PIN1|PML|PMP2|POU2F1|PPARD|PPARG|PPP2CA|PRAME|PRMT1|PTGDS|PTGS1|PTK2|RARA|RARB|RARG|RARRES1|RB1|RBL2|RBP2|RBP4|RBP5|RBP7|RELA|RORA|RORB|RORC|RXRA|RXRB|RXRG|S1PR1|SIN3A|SNCA|SOD2|SP1|SYK|TFAP2A|THRA|THRB|TP53|TSHR|TST|TTR|UGT2B7|USP1|VDR|ZMYND8|ZNF366,171,ALDH1A1|ALDH1A2|CRABP1|GPRC5A|LCN1|OBP2A|PDK4|RARA|RARB|RARG|RARRES1|RBP4|RXRA|RXRB|RXRG,15,5.511515644916786,5.197346715045898,171,D10AD01|D10AD51|L01XF01,ALDH1A1|ALDH1A2|CRABP1|GPRC5A|LCN1|OBP2A|PDK4|RARA|RARB|RARG|RARRES1|RBP4|RXRA|RXRB|RXRG,15
SHGAZHPCJJPHSC-ZVCIMWCZSA-N,SHGAZHPCJJPHSC,SHGAZHPCJJPHSC-ZVCIMWCZSA-N,DB00523,Alitretinoin,full_inchikey,ABCB1|AR|CCNA2|CDKN1B|CRABP1|CRABP2|CYP19A1|CYP26C1|CYP2C19|CYP3A4|ESR1|ESR2|ESRRA|ESRRB|ESRRG|GLI3|H3-4|H4C16|IGFBP3|IL12A|IL12B|INS|NCOA1|NFE2L2|NR0B1|NR0B2|NR1H2|NR1H3|NR1H4|NR1I2|NR1I3|NR2C1|NR2C2|NR2E1|NR2F1|NR2F2|NR2F6|NR3C1|NR3C2|NR4A1|NR6A1|PDGFB|PGR|PPARD|PPARG|PRAME|PSG5|RARA|RARB|RARG|RB1|RORC|RXRA|RXRB|RXRG|STAT1|THRA|THRB|TSHR|VDR,60,CYP26C1|IGFBP3|PSG5|RARA|RARB|RARG|RXRA|RXRB|RXRG,9,5.841821019029881,5.627206871703779,60,D11AH04|L01XF02,CYP26C1|IGFBP3|PSG5|RARA|RARB|RARG|RXRA|RXRB|RXRG,9
SHXWCVYOXRDMCX-UHFFFAOYSA-N,SHXWCVYOXRDMCX,SHXWCVYOXRDMCX-UHFFFAOYSA-N,DB01454,Midomafetamine,full_inchikey,ADORA1|ADRA1A|ADRA1B|ADRA2A|ADRA2B|ADRA2C|ADRB1|ADRB2|AVPR1B|CACNA2D1|CHRM1|CHRM2|CHRM3|CHRM4|CHRM5|CHRNA1|CHRNA2|CHRNA3|CHRNA4|CHRNA7|CHRNB2|CNR1|CPT2|CYP2D6|DRD1|DRD2|DRD3|DRD4|DRD5|GABRA1|GABRB1|GRIN2A|GRM1|GRM2|GRM4|GRM5|HRH1|HRH2|HTR1A|HTR1B|HTR1D|HTR1E|HTR2A|HTR2B|HTR2C|HTR3A|HTR5A|HTR6|HTR7|NISCH|OPRK1|OPRM1|PTGER3|PTGER4|SLC18A2|SLC6A1|SLC6A11|SLC6A12|SLC6A13|SLC6A15|SLC6A16|SLC6A17|SLC6A18|SLC6A19|SLC6A2|SLC6A20|SLC6A3|SLC6A4|SLC6A5|SLC6A7|SLC6A8|SLC6A9|TAAR1,73,HTR2A|HTR2B|HTR2C|SLC18A2|SLC6A2|SLC6A3|SLC6A4,7,5.185683931934878,5.0,73,,HTR2A|HTR2B|HTR2C|SLC18A2|SLC6A2|SLC6A3|SLC6A4,7
SNICXCGAKADSCV-JTQLQIEISA-N,SNICXCGAKADSCV,SNICXCGAKADSCV-JTQLQIEISA-N,DB00184,Nicotine,full_inchikey,ABCC3|ABCC4|CHAT|CHRFAM7A|CHRNA1|CHRNA10|CHRNA2|CHRNA3|CHRNA4|CHRNA5|CHRNA6|CHRNA7|CHRNA9|CHRNB1|CHRNB2|CHRNB3|CHRNB4|CHRND|CHRNG|CYP19A1|CYP1A1|CYP1A2|CYP2A13|CYP2A6|CYP2B6|CYP2C19|CYP2C8|CYP2C9|CYP2D6|CYP2E1|CYP3A4|HTR3A|HTR3B|HTR3C|HTR3D|HTR3E|KCNH2|MAOA|MAOB|SIGMAR1|SLC22A1|SLC22A2|SLC22A3|SLC22A4|SLC22A5|TRPA1,46,CHAT|CHRNA10|CHRNA2|CHRNA3|CHRNA4|CHRNA5|CHRNA6|CHRNA7|CHRNA9|CHRNB2|CHRNB3|CHRNB4|CYP19A1,13,5.292805750812678,5.412013408880635,46,N07BA01,CHAT|CHRNA10|CHRNA2|CHRNA3|CHRNA4|CHRNA5|CHRNA6|CHRNA7|CHRNA9|CHRNB2|CHRNB3|CHRNB4|CYP19A1,13
SNPPWIUOZRMYNY-UHFFFAOYSA-N,SNPPWIUOZRMYNY,SNPPWIUOZRMYNY-UHFFFAOYSA-N,DB01156,Bupropion,full_inchikey,ABCC3|ABCC4|ADRA1A|ADRA2A|CHRM1|CHRM2|CHRM3|CHRM4|CHRM5|CHRNA1|CHRNA3|CHRNA4|CHRNA7|CHRNB2|CHRNB4|CYP2B6|CYP2C19|CYP2C9|CYP2D6|CYP2E1|DRD2|HRH1|HTR1A|HTR2C|HTR3A|ITGA5|KCNH2|ORM1|SLC22A2|SLC6A1|SLC6A11|SLC6A12|SLC6A13|SLC6A15|SLC6A16|SLC6A17|SLC6A18|SLC6A19|SLC6A2|SLC6A20|SLC6A3|SLC6A4|SLC6A5|SLC6A7|SLC6A8|SLC6A9,46,CHRNA3|HTR3A|SLC6A2|SLC6A3|SLC6A4,5,5.203172861645775,5.0,46,A08AA62|N06AX12|N06AX62,CHRNA3|HTR3A|SLC6A2|SLC6A3|SLC6A4,5
SQQWBSBBCSFQGC-JLHYYAGUSA-N,SQQWBSBBCSFQGC,SQQWBSBBCSFQGC-JLHYYAGUSA-N,DB08690,Ubiquinone Q2,full_inchikey,AIFM2|CYC1|MT-CYB|PMPCA|PMPCB|SDHA|SDHB|SDHC|UQCR10|UQCR11|UQCRB|UQCRC1|UQCRC2|UQCRFS1|UQCRH|UQCRQ,16,CYC1|MT-CYB|UQCR10|UQCR11|UQCRB|UQCRC1|UQCRC2|UQCRFS1|UQCRH|UQCRQ,10,,,16,,CYC1|MT-CYB|UQCR10|UQCR11|UQCRB|UQCRC1|UQCRC2|UQCRFS1|UQCRH|UQCRQ,10
SQVRNKJHWKZAKO-YRMXFSIDSA-N,SQVRNKJHWKZAKO,SQVRNKJHWKZAKO-YRMXFSIDSA-N,DB03721,N-acetyl-alpha-neuraminic acid,full_inchikey,APCS|AZGP1|CES1|CXADR|FCAR|FCGR2A|FGB|FGG|HLA-A|HLA-B|HLA-C|HLA-F|HLA-G|IGLL5|JMJD7-PLA2G4B|KLK3|LGALS3|LGALS8|LGALS9|MBL2|MR1|NEU1|PILRA|PLA2G4B|PLA2G4D|PLA2G4E|PLG|REG1A|SELE|SELP|SIGLEC1|SIGLEC7|SYT10|SYT11|SYT15|SYT17|SYT2|SYT4|SYT5|SYT7|SYT8|SYT9|SYTL4|TC2N|TF,45,AZGP1|CES1|L5|MBL2|REG1A|SELE|SELP|SIGLEC1,8,,,45,,AZGP1|CES1|L5|MBL2|REG1A|SELE|SELP|SIGLEC1,8
STJMRWALKKWQGH-UHFFFAOYSA-N,STJMRWALKKWQGH,STJMRWALKKWQGH-UHFFFAOYSA-N,DB01407,Clenbuterol,full_inchikey,ACKR3|ADORA1|ADORA2A|ADORA2B|ADRA1A|ADRA1B|ADRA1D|ADRA2A|ADRA2C|ADRB1|ADRB2|ADRB3|AGTR1|AGTR2|APLNR|AVPR1A|AVPR1B|AVPR2|BDKRB1|BRS3|CCKAR|CCKBR|CCR1|CCR3|CCR4|CCR5|CCR9|CNR1|CNR2|CREB1|CXCR4|CXCR6|CYP1A1|CYP2D6|DRD2|DRD3|DRD4|DRD5|EDNRA|EDNRB|FFAR4|GALR1|GALR2|GALR3|GHSR|GNRHR|GPR119|GPR12|GPR135|GPR139|GPR142|GPR148|GPR150|GPR151|GPR161|GPR173|GPR176|GPR19|GPR22|GPR26|GPR27|GPR3|GPR37|GPR37L1|GPR39|GPR45|GPR52|GPR6|GPR61|GPR62|GPR63|GPR65|GPR78|GPR83|GPR84|GPR85|GPR88|GRPR|HCRTR1|HCRTR2|HRH2|HRH3|HRH4|HTR1A|HTR1B|HTR1E|HTR1F|HTR2B|HTR2C|HTR4|HTR5A|HTR6|HTR7|KISS1R|LPAR1|LPAR2|LPAR3|LSP1|LTB4R|LTB4R2|MC1R|MC2R|MC3R|MC4R|MC5R|MCHR1|MCHR2|MLNR|NGF|NMBR|NMUR1|NMUR2|NPBWR2|NPFFR1|NPFFR2|NPSR1|NPY1R|NPY2R|NPY4R|NPY5R|NTSR1|NTSR2|OPN1LW|OPN1MW2|OPN1SW|OPN3|OPN4|OPN5|OPRD1|OPRK1|OPRL1|OPRM1|OXTR|PRLHR|PROKR1|PROKR2|PTGDR|PTGER1|PTGER2|PTGER3|PTGER4|PTGFR|PTGIR|QRFPR|RGR|RHO|RRH|RXFP3|RXFP4|SLC5A7|SSTR1|SSTR2|SSTR4|SSTR5|TAAR1|TAAR2|TAAR5|TAAR6|TAAR8|TBXA2R|TMIGD3|TNF|TP53|TRHR|TSHR|UTS2R,166,ADRB1|ADRB2|ADRB3|NGF|TNF,5,7.028943731187245,7.132583500560141,166,R03AC14|R03CC13|R03CC63,ADRB1|ADRB2|ADRB3|NGF|TNF,5
SYELZBGXAIXKHU-UHFFFAOYSA-N,SYELZBGXAIXKHU,SYELZBGXAIXKHU-UHFFFAOYSA-N,DB04147,Dodecyldimethylamine N-oxide,full_inchikey,ABCB6|ABCB7|ACKR3|ACOT8|ADORA1|ADORA2A|ADORA2B|ADRA1A|ADRA1B|ADRA1D|ADRA2A|ADRA2C|ADRB1|ADRB2|ADRB3|AGTR1|AGTR2|APLNR|AVPR1A|AVPR1B|AVPR2|BDKRB1|BRS3|CACNA1H|CACNA1I|CATSPER4|CCKAR|CCKBR|CCR1|CCR3|CCR4|CCR5|CCR9|CDC14A|CDC14B|CDKN3|CFL1|CFL2|CNBD2|CNR1|CNR2|CRABP1|CRABP2|CXCR4|CXCR6|CYCS|DHODH|DNAJC6|DOLPP1|DPYD|DRD2|DRD3|DRD4|DRD5|DSTN|DUSP1|DUSP10|DUSP12|DUSP15|DUSP16|DUSP18|DUSP19|DUSP2|DUSP21|DUSP22|DUSP23|DUSP26|DUSP28|DUSP29|DUSP3|DUSP4|DUSP5|DUSP6|DUSP7|DUSP8|DUSP9|EDNRA|EDNRB|EPM2A|FABP1|FABP12|FABP2|FABP3|FABP4|FABP5|FABP6|FABP7|FABP9|FFAR4|GAK|GALR1|GALR2|GALR3|GHSR|GNRHR|GPR119|GPR12|GPR135|GPR139|GPR142|GPR148|GPR150|GPR151|GPR161|GPR173|GPR176|GPR19|GPR22|GPR26|GPR27|GPR3|GPR37|GPR37L1|GPR39|GPR45|GPR52|GPR6|GPR61|GPR62|GPR63|GPR65|GPR78|GPR83|GPR84|GPR85|GPR88|GRPR|HAS1|HAS2|HAS3|HCRTR1|HCRTR2|HRH2|HRH3|HRH4|HTR1A|HTR1B|HTR1E|HTR1F|HTR2B|HTR2C|HTR4|HTR5A|HTR6|HTR7|KCNA1|KCNA10|KCNA2|KCNA3|KCNA4|KCNA5|KCNA6|KCNA7|KCNB1|KCNB2|KCNC1|KCNC2|KCNC3|KCNC4|KCND1|KCND2|KCND3|KCNF1|KCNG1|KCNG2|KCNG3|KCNG4|KCNK1|KCNK10|KCNK16|KCNK17|KCNK18|KCNK2|KCNK4|KCNK5|KCNK6|KCNK7|KCNQ1|KCNQ2|KCNQ3|KCNQ4|KCNQ5|KCNS1|KCNS2|KCNS3|KCNV1|KCNV2|KISS1R|LPAR1|LPAR2|LPAR3|LSP1|LSS|LTB4R|LTB4R2|MAOB|MC1R|MC2R|MC3R|MC4R|MC5R|MCHR1|MCHR2|MLNR|MT-CO1|MT-CO2|NFE2L1|NFE2L3|NMBR|NMUR1|NMUR2|NPBWR2|NPFFR1|NPFFR2|NPSR1|NPY1R|NPY2R|NPY4R|NPY5R|NR1I2|NTSR1|NTSR2|OPN1LW|OPN1MW2|OPN1SW|OPN3|OPN4|OPN5|OPRD1|OPRK1|OPRL1|OPRM1|OXTR|PARL|PLPP1|PLPP2|PLPP3|PLPP4|PLPP5|PLPPR2|PMP2|PNPLA6|PNPLA7|PRKAR1A|PRKAR1B|PRKAR2A|PRKAR2B|PRLHR|PROKR1|PROKR2|PSAP|PTEN|PTGDR|PTGER1|PTGER2|PTGER3|PTGER4|PTGFR|PTGIR|PTPDC1|QRFPR|RBP2|RBP5|RBP7|RGR|RHBDF1|RHBDF2|RHBDL1|RHBDL2|RHBDL3|RHO|RRH|RXFP3|RXFP4|SCN1A|SCN2A|SCN4A|SGPP1|SGPP2|SLC10A1|SLC10A2|SLC10A3|SLC10A4|SLC10A5|SLC10A6|SLC10A7|SSH1|SSH2|SSH3|SSTR1|SSTR2|SSTR4|SSTR5|STYX|STYXL1|STYXL2|TAAR1|TAAR2|TAAR5|TAAR6|TAAR8|TBXA2R|TMIGD3|TNS1|TNS2|TNS3|TRHR|UGCG|UTS2R|VDAC1|VDAC2|VDAC3,312,CFL1|DHODH|DSTN|IGHV3-23|IGKV1D-33|MAOB|NFE2L1|PMP2|RHO,9,4.8671916238277415,4.8671916238277415,312,,CFL1|DHODH|DSTN|IGHV3-23|IGKV1D-33|MAOB|NFE2L1|PMP2|RHO,9
SYTBZMRGLBWNTM-JTQLQIEISA-N,SYTBZMRGLBWNTM,SYTBZMRGLBWNTM-JTQLQIEISA-N,DB16159,Esflurbiprofen,full_inchikey,AKR1C2|CYP2C9|EPX|LPO|LTF|MELTF|MPO|PTGS1|PTGS2|PXDN|PXDNL|TARDBP|TF|TPO,14,APH1A|APH1B|NCSTN|PSEN1|PSEN2|PSENEN|PTGS1|PTGS2,8,5.396654927477599,5.699485002168009,14,M02AA29,APH1A|APH1B|NCSTN|PSEN1|PSEN2|PSENEN|PTGS1|PTGS2,8
SYTBZMRGLBWNTM-SNVBAGLBSA-N,SYTBZMRGLBWNTM,SYTBZMRGLBWNTM-SNVBAGLBSA-N,DB05289,Tarenflurbil,full_inchikey,AKR1C3|APH1A|APH1B|APP|CYP2C19|CYP2C9|EPX|HPGD|IKBKG|LPO|MPO|NCSTN|PSEN1|PSEN2|PSENEN|PTGS1|PTGS2|PXDN|PXDNL|TPO,20,APH1A|APH1B|IKBKG|NCSTN|PSEN1|PSEN2|PSENEN,7,4.440579571665154,4.358273661756907,20,,APH1A|APH1B|IKBKG|NCSTN|PSEN1|PSEN2|PSENEN,7
TUNFSRHWOTWDNC-UHFFFAOYSA-N,TUNFSRHWOTWDNC,TUNFSRHWOTWDNC-UHFFFAOYSA-N,DB08231,Myristic acid,full_inchikey,ABL1|ABL2|ACBD4|ACBD5|ACBD6|ACBD7|ACSF2|ACSF3|ALB|APOM|ARF1|ARF3|ARF4|ARF5|ARF6|ARL1|ARL10|ARL11|ARL14|ARL17A|ARL17B|ARL4A|ARL4C|ARL4D|ARL5A|ARL5B|ARL5C|ARL6|ARL9|CABP1|CABP2|CABP4|CABP5|CABP7|CALB1|CALB2|CALM1|CALM2|CALM3|CALML3|CALML4|CALML5|CALML6|CALN1|CDC42|CETN1|CETN2|CETN3|CHP1|CHP2|CIB1|CIB2|CIB3|CIB4|CLXN|COMP|CPLANE2|CRABP1|CRABP2|CYP1A2|DIP2A|DIP2B|DIP2C|DIRAS1|DIRAS2|DIRAS3|DNAJC27|DNM1|ECI2|EFCAB11|EFCAB13|EFCAB2|EFCAB3|EFCAB6|EFCAB7|EFCAB9|ERAS|FABP1|FABP12|FABP2|FABP3|FABP4|FABP5|FABP6|FABP7|FABP9|FKBP10|FKBP11|FKBP14|FKBP1A|FKBP1B|FKBP1C|FKBP2|FKBP3|FKBP4|FKBP6|FKBP7|FKBP8|FKBP9|FYN|GEM|GM2A|GPR84|GUCA1A|GUCA1B|GUCA1C|HNF4A|HPCA|HPCAL1|HPCAL4|HRAS|INS|KCNIP1|KCNIP2|KCNIP3|KCNIP4|KRAS|LRRK2|LY96|MRAS|MSRA|MYL1|MYL10|MYL11|MYL12A|MYL12B|MYL2|MYL3|MYL4|MYL5|MYL6|MYL7|MYL9|NCALD|NCOA1|NCS1|NRAS|OCM|OCM2|PAEP|PKIA|PMP2|PPARA|PPARD|PPARG|PPEF1|PPEF2|PPP2CA|PPP2CB|PPP3CA|PPP3CB|PPP3CC|PPP3R1|PPP3R2|PPP4C|PPP5C|PRKACA|PRKACB|PRKACG|PRKG1|PRKG2|PRKX|PVALB|PVR|RAB11A|RAB11B|RAB14|RAB25|RAB2A|RAB2B|RABL2A|RABL2B|RAC1|RAC2|RAC3|RALA|RALB|RAP1A|RAP1B|RAP2A|RAP2B|RAP2C|RASD1|RASD2|RASL10A|RASL11A|RASL11B|RASL12|RBP2|RBP5|RBP7|RCVRN|REM1|REM2|RERG|RERGL|RHEB|RHEBL1|RHOA|RHOB|RHOBTB1|RHOBTB2|RHOBTB3|RHOC|RHOD|RHOF|RHOG|RHOH|RHOJ|RHOQ|RHOU|RHOV|RIT1|RIT2|RND1|RND2|RND3|RRAD|RRAS|RRAS2|RRM2|RRM2B|SCGN|SIRT6|SPATA21|SRC|TESC|THBS1|THBS2|THBS3|THBS4|TLR2|TLR4|TNNC1|TNNC2|TP53|TRAPPC3|TRAPPC3L|TRIM23|USP32|VSNL1,241,ABL1|ARF1|ARF6|CALM1|CALM2|CALM3|ECI2|FKBP1A|GAG|GM2A|GUCA1A|HNF4A|INS|LY96|NCOA1|PKIA|PPARA|PPP3CA|PPP3R1|PRKACA|PVR|RCVRN|TLR4|TRAPPC3,24,4.540188065174835,4.508279673530253,241,,ABL1|ARF1|ARF6|CALM1|CALM2|CALM3|ECI2|FKBP1A|GAG|GM2A|GUCA1A|HNF4A|INS|LY96|NCOA1|PKIA|PPARA|PPP3CA|PPP3R1|PRKACA|PVR|RCVRN|TLR4|TRAPPC3,24
TVYLLZQTGLZFBW-UHFFFAOYSA-N,TVYLLZQTGLZFBW,TVYLLZQTGLZFBW-UHFFFAOYSA-N,DB00193,Tramadol,full_inchikey,CHRM2|OPRD1|OPRK1|OPRM1|SLC22A1|SLC6A2|SLC6A4,7,ADORA1|ADRA2A|CHRM1|CHRM3|CHRNA7|GRIN1|HTR2C|OPRD1|OPRK1|OPRM1|SCN2A|SLC6A2|SLC6A4|TACR1|TRPV1,15,6.180643764244382,5.832357804517834,7,N02AJ13|N02AJ14|N02AJ16|N02AX02,ADORA1|ADRA2A|CHRM1|CHRM3|CHRNA7|GRIN1|HTR2C|OPRD1|OPRK1|OPRM1|SCN2A|SLC6A2|SLC6A4|TACR1|TRPV1,15
TYMRLRRVMHJFTF-UHFFFAOYSA-N,TYMRLRRVMHJFTF,TYMRLRRVMHJFTF-UHFFFAOYSA-N,DB06795,Mafenide,full_inchikey,ABCC3|ABCC4|CA1|CA10|CA11|CA12|CA13|CA14|CA2|CA3|CA4|CA5A|CA5B|CA6|CA7|CA8|CA9|PON1|PTPRG|PTPRZ1,20,CA12|CA14|CA2|CA4|CA6,5,5.243739856838799,5.118541993797271,20,D06BA03|G01AE10,CA12|CA14|CA2|CA4|CA6,5
TZBJGXHYKVUXJN-UHFFFAOYSA-N,TZBJGXHYKVUXJN,TZBJGXHYKVUXJN-UHFFFAOYSA-N,DB01645,Genistein,full_inchikey,ABCB1|ABCC1|ABCG2|ABL1|ADORA1|ADORA2A|AHR|AKR1B1|AKT1|ALPL|AOX1|AR|ARNT|ATAD5|BID|BMX|CBR1|CDK1|CDK4|CFTR|CREB1|CSK|CYP19A1|CYP1A2|CYP1B1|CYP2C19|CYP2C8|CYP2C9|CYP3A4|CYP3A7|DAPK1|DNMT1|DNMT3B|DPP3|DPP4|EGFR|EP300|ESR1|ESR2|ESRRA|ESRRB|ESRRG|FYN|GBA1|GLI3|GPER1|GSK3B|H1-3|HDAC1|HDAC6|HDAC9|HIF1A|HLA-B|HPGD|HSD17B1|HSD17B2|HSD17B3|HTR2A|HTR2C|IFNB1|KHDRBS2|KRT78|MAOA|MAOB|MAP2K4|MAPK14|MBD2|MGAM|NCOA1|NCOA2|NCOA3|NELFE|NEU2|NFE2L2|NPC1|NR1H2|NR1H3|NR1H4|NR1I2|NR3C1|NRIP1|NSD2|NTMT1|ODC1|PGR|PNRC1|POLH|PPARG|PRKACA|PRKCA|PRKN|PSMB5|PTGS1|PTK2B|RAB9A|RARA|RPS20|RXRA|SHBG|SLC2A1|SLC6A3|SLCO1B1|SLCO1B3|SLCO2B1|SMN2|SNCA|SP1|SRC|STAT3|SYK|TBXAS1|THPO|THRA|THRB|TMEM205|TOP2A|TP53|TSPYL5|TTR|XDH,120,AKT1|CFTR|CYP1B1|ESR1|ESR2|ESRRA|ESRRB|GPER1|NCOA1|NCOA2|NR1I2|PTK2B|SHBG|TOP2A,14,5.1342493795629895,4.885800096009854,120,,AKT1|CFTR|CYP1B1|ESR1|ESR2|ESRRA|ESRRB|GPER1|NCOA1|NCOA2|NR1I2|PTK2B|SHBG|TOP2A,14
UCTWMZQNUQWSLP-VIFPVBQESA-N,UCTWMZQNUQWSLP,UCTWMZQNUQWSLP-VIFPVBQESA-N,DB00668,Epinephrine,full_inchikey,ADRA1A|ADRA1B|ADRA1D|ADRA2A|ADRA2B|ADRA2C|ADRB1|ADRB2|ADRB3|ALOX12|CA1|COMT|CREB1|CTSL|CYP2C9|CYP3A4|CYP3A7|DRD1|DRD2|DRD3|ESRRA|FEN1|GNRHR|GPT2|HIF1A|MAOA|MAPT|MTOR|NFE2L2|NTMT1|POLK|PTGS2|SLC22A1|SLC22A2|TNF|TSHR|VDR,37,ADRA1A|ADRA1B|ADRA1D|ADRA2A|ADRA2B|ADRB1|ADRB2|TNF,8,5.855716925471207,5.826439279285717,37,A01AD01|B02BC09|C01CA24|R01AA14|R03AA01|R03AK01|S01EA01|S01EA51,ADRA1A|ADRA1B|ADRA1D|ADRA2A|ADRA2B|ADRB1|ADRB2|TNF,8
UDMBCSSLTHHNCD-KQYNXXCUSA-N,UDMBCSSLTHHNCD,UDMBCSSLTHHNCD-KQYNXXCUSA-N,DB00131,Adenosine phosphate,full_inchikey,AASS|ABL1|ABL2|ACADM|ACKR3|ACP5|ACP7|ACSF2|ACSF3|ACSL1|ACSM2A|ACSS1|ACSS2|ACSS3|ADCY1|ADK|ADORA1|ADORA2A|ADORA2B|ADPRM|ADRA1A|ADRA1B|ADRA1D|ADRA2A|ADRA2C|ADRB1|ADRB2|ADRB3|ADSL|ADSS1|ADSS2|AFF4|AGO2|AGTR1|AGTR2|AIMP1|AK2|AK3|AK4|AK5|AK7|AK8|AK9|ALDH16A1|ALDH1A1|ALDH1A2|ALDH1A3|ALDH1B1|ALDH1L1|ALDH1L2|ALDH2|ALDH3A1|ALDH3A2|ALDH3B2|ALDH4A1|ALDH5A1|ALDH7A1|ALDH8A1|ALDH9A1|ALOX5|AMPD1|APLNR|APRT|APTX|ASNS|ASNSD1|ASS1|ATG7|ATP7A|ATP7B|AVPR1A|AVPR1B|AVPR2|BDKRB1|BLK|BMX|BPNT1|BPNT2|BRS3|BRSK1|BRSK2|BTD|BTK|CACNA1H|CACNA1I|CAMK1|CAMK1G|CAMK4|CAMKV|CAPS2|CAPSL|CARS1|CARS2|CASK|CATSPER4|CCKAR|CCKBR|CCNT1|CCR1|CCR3|CCR4|CCR5|CCR9|CDC42|CDK1|CDK14|CDK15|CDK16|CDK17|CDK18|CDK2|CDK3|CDK4|CDK5|CDK6|CDK9|CGAS|CHFR|CHKB|CLASRP|CMPK1|CNNM1|CNNM2|CNNM3|CNNM4|CNR1|CNR2|COASY|CREB1|CSK|CSNK2A1|CSNK2A2|CXCR4|CXCR6|DAPK1|DAPK2|DAPK3|DARS1|DCAKD|DCLK1|DCP2|DDX1|DDX10|DDX17|DDX18|DDX20|DDX21|DDX39A|DDX39B|DDX3X|DDX47|DDX5|DDX50|DDX53|DDX59|DHTKD1|DICER1|DIMT1|DIP2A|DIP2B|DIP2C|DNPH1|DPH6|DPYD|DRD2|DRD3|DRD4|DRD5|DROSHA|EDC3|EDNRA|EDNRB|EIF2AK4|EIF4A1|EIF4A2|ENPP2|ENPP3|ENPP4|ENTPD1|ENTPD2|ENTPD3|ENTPD4|ENTPD5|ENTPD6|ENTPD7|ENTPD8|EPRS1|ERI1|ESRRA|ETFA|ETFB|EXOSC10|EXOSC4|EXOSC5|EXOSC6|EXOSC7|EXOSC8|EXOSC9|FARS2|FARSA|FARSB|FBP1|FBP2|FBXW7|FFAR4|FGR|FYN|GALR1|GALR2|GALR3|GALT|GARS1|GART|GCSH|GHDC|GHSR|GLUL|GMPS|GNRHR|GPHN|GPR119|GPR12|GPR135|GPR139|GPR142|GPR148|GPR149|GPR150|GPR151|GPR161|GPR173|GPR176|GPR19|GPR22|GPR26|GPR27|GPR3|GPR37|GPR37L1|GPR39|GPR45|GPR52|GPR6|GPR61|GPR62|GPR63|GPR65|GPR78|GPR83|GPR84|GPR85|GPR88|GRK6|GRPR|GSK3B|HARS1|HARS2|HASPIN|HCK|HCRTR1|HCRTR2|HENMT1|HINT1|HINT2|HRH2|HRH3|HRH4|HSPA1B|HSPBP1|HTR1A|HTR1B|HTR1E|HTR1F|HTR2B|HTR2C|HTR4|HTR5A|HTR6|HTR7|IDH1|IDH2|IDH3A|IDH3B|IDH3G|IFFO2|IMP3|IMPDH1|IMPDH2|ITK|JAK1|JAK2|JAK3|KCNA1|KCNA10|KCNA2|KCNA3|KCNA4|KCNA5|KCNA6|KCNA7|KCNB1|KCNB2|KCNC1|KCNC2|KCNC3|KCNC4|KCND1|KCND2|KCND3|KCNF1|KCNG1|KCNG2|KCNG3|KCNG4|KCNK1|KCNK10|KCNK16|KCNK17|KCNK18|KCNK2|KCNK4|KCNK5|KCNK6|KCNK7|KCNQ1|KCNQ2|KCNQ3|KCNQ4|KCNQ5|KCNS1|KCNS2|KCNS3|KCNV1|KCNV2|KCTD19|KISS1R|LCK|LDHA|LDHAL6A|LDHAL6B|LDHB|LDHC|LGSN|LIG1|LIG3|LPAR1|LPAR2|LPAR3|LRRC47|LSP1|LTB4R|LTB4R2|LYN|MAP3K7|MAPK10|MARK1|MARK2|MARK3|MARK4|MATK|MC1R|MC2R|MC3R|MC4R|MC5R|MCHR1|MCHR2|MDH1|MDH1B|MDH2|MLNR|MOCS3|MRPL39|MRPS10|MRPS11|MRPS12|MRPS14|MRPS15|MRPS16|MRPS18A|MRPS18C|MRPS2|MRPS5|MRPS6|MRPS7|MRPS9|MYLK2|MYLK3|MYLK4|NADSYN1|NAE1|NARS1|NARS2|NAXD|NAXE|NDUFAB1|NIT1|NIT2|NMBR|NME1|NME1-NME2|NME2|NME3|NME4|NME5|NME6|NME7|NME8|NMUR1|NMUR2|NPBWR2|NPFFR1|NPFFR2|NPSR1|NPY1R|NPY2R|NPY4R|NPY5R|NTSR1|NTSR2|NUDT1|NUDT10|NUDT11|NUDT14|NUDT15|NUDT5|NUDT7|NUDT8|OBSCN|OGDH|OGDHL|OPN1LW|OPN1MW2|OPN1SW|OPN3|OPN4|OPN5|OPRD1|OPRK1|OPRL1|OPRM1|OXTR|P2RY1|P2RY11|P2RY2|PABPC1|PAICS|PCYT1A|PCYT1B|PCYT2|PDE10A|PDE4B|PDE4D|PGK1|PGK2|PIM1|PLCB3|PLCG1|PNCK|PPAT|PPEF1|PPEF2|PPP2CA|PPP2CB|PPP3CA|PPP3CB|PPP3CC|PPP4C|PPP5C|PRKAA1|PRKAA2|PRKAB1|PRKAB2|PRKACA|PRKACB|PRKACG|PRKAG1|PRKAG2|PRKAG3|PRKG1|PRKG2|PRKX|PRLHR|PROKR1|PROKR2|PRPS1|PRPS1L1|PRPS2|PRPSAP1|PRPSAP2|PRUNE1|PSKH1|PSKH2|PTGDR|PTGER1|PTGER2|PTGER3|PTGER4|PTGFR|PTGIR|PTK6|PYGB|PYGL|PYGM|PYROXD2|QARS1|QRFPR|RAB1B|RBKS|RCL1|RET|RETSAT|RFK|RGR|RHO|RNASE1|RPS11|RPS13|RPS14|RPS15|RPS15A|RPS16|RPS18|RPS2|RPS20|RPS23|RPS29|RPS3|RPS5|RPS9|RPSA|RRH|RTCA|RXFP3|RXFP4|SAE1|SARS1|SARS2|SCN1A|SCN2A|SCN4A|SDHA|SIK1|SIK2|SIRT1|SIRT2|SIRT3|SIRT4|SIRT5|SIRT6|SIRT7|SPEG|SRC|SRMS|SSTR1|SSTR2|SSTR4|SSTR5|STK17A|STK17B|STK33|TAAR1|TAAR2|TAAR5|TAAR6|TAAR8|TARS1|TARS2|TARS3|TBXA2R|TDRD12|TEC|TFB1M|TFB2M|TMCO3|TMIGD3|TPK1|TRAF7|TRHR|TRIO|TRPM2|TRPM4|TXK|TYMP|UBA1|UBA2|UBA3|UBA5|UBA52|UBA6|UBA7|UEVLD|UHMK1|UPB1|UTS2R|VNN1|VNN2|YARS1|YES1|YJEFN3|YRDC,601,ACSL1|ACSS2|ADCY1|ADK|CREB1|FBP1|HINT1|PDE4B|PDE4D|PRKAA1|PRKAB1|PYGL,12,5.215866251704465,5.229147988357856,601,,ACSL1|ACSS2|ADCY1|ADK|CREB1|FBP1|HINT1|PDE4B|PDE4D|PRKAA1|PRKAB1|PYGL,12
UEQUQVLFIPOEMF-UHFFFAOYSA-N,UEQUQVLFIPOEMF,UEQUQVLFIPOEMF-UHFFFAOYSA-N,DB06148,Mianserin,full_inchikey,ABCB11|ACKR3|ADORA1|ADORA2A|ADORA2B|ADRA1A|ADRA1B|ADRA1D|ADRA2A|ADRA2B|ADRA2C|ADRB1|ADRB2|ADRB3|AGTR1|AGTR2|APLNR|AR|AVPR1A|AVPR1B|AVPR2|BDKRB1|BRS3|CCKAR|CCKBR|CCR1|CCR3|CCR4|CCR5|CCR9|CHRFAM7A|CHRM1|CHRM2|CHRM3|CHRM4|CHRM5|CHRNA1|CHRNA10|CHRNA2|CHRNA3|CHRNA4|CHRNA5|CHRNA6|CHRNA7|CHRNA9|CHRNB1|CHRNB2|CHRNB3|CHRNB4|CHRND|CNR1|CNR2|CXCR4|CXCR6|CYP1A2|CYP2B6|CYP2D6|CYP3A4|CYP3A7|DRD1|DRD2|DRD3|DRD4|DRD5|EDNRA|EDNRB|FFAR4|GALR1|GALR2|GALR3|GHSR|GNRHR|GPR119|GPR12|GPR135|GPR139|GPR142|GPR148|GPR150|GPR151|GPR161|GPR173|GPR176|GPR19|GPR22|GPR26|GPR27|GPR3|GPR37|GPR37L1|GPR39|GPR45|GPR52|GPR6|GPR61|GPR62|GPR63|GPR65|GPR78|GPR83|GPR84|GPR85|GPR88|GRPR|HCRTR1|HCRTR2|HRH1|HRH2|HRH3|HRH4|HTR1A|HTR1B|HTR1D|HTR1E|HTR1F|HTR2A|HTR2B|HTR2C|HTR3A|HTR3B|HTR3C|HTR3D|HTR3E|HTR4|HTR5A|HTR6|HTR7|JUN|KISS1R|LPAR1|LPAR2|LPAR3|LSP1|LTB4R|LTB4R2|MC1R|MC2R|MC3R|MC4R|MC5R|MCHR1|MCHR2|MLNR|NMBR|NMUR1|NMUR2|NPBWR2|NPFFR1|NPFFR2|NPSR1|NPY1R|NPY2R|NPY4R|NPY5R|NTSR1|NTSR2|OPN1LW|OPN1MW2|OPN1SW|OPN3|OPN4|OPN5|OPRD1|OPRK1|OPRL1|OPRM1|OXTR|PRLHR|PROKR1|PROKR2|PTGDR|PTGER1|PTGER2|PTGER3|PTGER4|PTGFR|PTGIR|QRFPR|RGR|RHO|RRH|RXFP3|RXFP4|S1PR3|SCN1A|SCN2A|SCN3A|SLC6A1|SLC6A11|SLC6A12|SLC6A13|SLC6A15|SLC6A16|SLC6A17|SLC6A18|SLC6A19|SLC6A2|SLC6A20|SLC6A3|SLC6A4|SLC6A5|SLC6A7|SLC6A8|SLC6A9|SSTR1|SSTR2|SSTR4|SSTR5|TAAR1|TAAR2|TAAR5|TAAR6|TAAR8|TBXA2R|TMIGD3|TRHR|UTS2R,217,ADRA1A|ADRA2A|ADRA2B|ADRA2C|DRD1|DRD2|DRD3|HRH1|HRH4|HTR1A|HTR1F|HTR2A|HTR2B|HTR2C|HTR6|HTR7|OPRK1|SLC6A2|SLC6A3|SLC6A4,20,6.236891243181971,5.92015714291704,217,N06AX03,ADRA1A|ADRA2A|ADRA2B|ADRA2C|DRD1|DRD2|DRD3|HRH1|HRH4|HTR1A|HTR1F|HTR2A|HTR2B|HTR2C|HTR6|HTR7|OPRK1|SLC6A2|SLC6A3|SLC6A4,20
UFZTZBNSLXELAL-IOSLPCCCSA-N,UFZTZBNSLXELAL,UFZTZBNSLXELAL-IOSLPCCCSA-N,DB03909,"Adenosine-5'-[Beta, Gamma-Methylene]Triphosphate",full_inchikey,AARS1|AARS2|ABCB10|ADK|ALOX12|ARF1|ARF3|ARF4|ARF5|ARL1|ARL10|ARL11|ARL14|ARL17A|ARL17B|ARL4A|ARL4C|ARL4D|ARL5A|ARL5B|ARL5C|ARL6|ARL9|ARPC4-TTLL3|ASCC3|ATP10A|ATP11B|ATP11C|ATP12A|ATP13A1|ATP1A1|ATP1A2|ATP1A4|ATP2A1|ATP2A2|ATP2A3|ATP2C2|ATP4A|ATP7A|ATP7B|ATP8B2|ATP8B4|AURKA|BRAF|CDC42|CENPE|CLPB|CPLANE2|CSNK2A1|DAPK1|DIRAS1|DIRAS2|DIRAS3|DNAJC27|ERAS|FBXW7|FGFR1|FGFR2|FGFR3|FPGS|GEM|GK|GK2|GK5|HELQ|HFM1|HRAS|HSP90AA1|IDNK|INSR|ITPK1|KARS1|KIF11|KIF13A|KIF13B|KIF14|KIF15|KIF16B|KIF17|KIF18A|KIF19|KIF1A|KIF1B|KIF1C|KIF20A|KIF20B|KIF21A|KIF21B|KIF22|KIF23|KIF26A|KIF26B|KIF27|KIF2A|KIF2B|KIF2C|KIF3A|KIF3B|KIF3C|KIF4A|KIF4B|KIF5A|KIF5B|KIF5C|KIF6|KIF7|KIF9|KIFC1|KIFC2|KIFC3|KRAS|LRRK2|MAP2K1|MARS1|MARS2|MRAS|NMRK1|NMRK2|NRAS|OLA1|P2RX1|P2RX2|P2RX3|PDXK|PFAS|PFKFB3|PGK1|PLCG1|POLQ|PRKACA|PRKACB|PRKACG|PRKG1|PRKG2|PRKX|RAB11A|RAB11B|RAB14|RAB25|RAB2A|RAB2B|RABL2A|RABL2B|RAC1|RAC2|RAC3|RALA|RALB|RAP1A|RAP1B|RAP2A|RAP2B|RAP2C|RASD1|RASD2|RASL10A|RASL11A|RASL11B|RASL12|RBKS|REM1|REM2|RERG|RERGL|RHEB|RHEBL1|RHOA|RHOB|RHOBTB1|RHOBTB2|RHOBTB3|RHOC|RHOD|RHOF|RHOG|RHOH|RHOJ|RHOQ|RHOU|RHOV|RIT1|RIT2|RNASEL|RND1|RND2|RND3|RPS6KA1|RRAD|RRAS|RRAS2|SDS|SDSL|SHPK|SNRNP200|SRR|STARD9|STMN4|THNSL1|TNK2|TOP2A|TOP2B|TPX2|TRAF7|TTL|TTLL1|TTLL10|TTLL2|TTLL3|TTLL5|TTLL8|TTLL9|TUBA1A|TUBA1B|TUBA1C|TUBA3C|TUBA3D|TUBA3E|TUBA4A|TUBA8|TUBAL3|TUBB|TUBB1|TUBB2A|TUBB2B|TUBB3|TUBB4A|TUBB4B|TUBB6|TUBD1|TUBE1|TUBG1|TUBG2|UCK1|UCK2|UCKL1,235,ATP2A1|INSR|KIF1A|PDXK|PGK1,5,5.162876234924719,5.496167069211844,235,,ATP2A1|INSR|KIF1A|PDXK|PGK1,5
UGJMXCAKCUNAIE-UHFFFAOYSA-N,UGJMXCAKCUNAIE,UGJMXCAKCUNAIE-UHFFFAOYSA-N,DB00996,Gabapentin,full_inchikey,ADORA1|BCAT1|BCAT2|CACHD1|CACNA1A|CACNA1B|CACNA1C|CACNA1D|CACNA1E|CACNA1F|CACNA1G|CACNA1H|CACNA1I|CACNA1S|CACNA2D1|CACNA2D2|CACNA2D3|CACNA2D4|CACNB1|CACNB2|CACNB3|CACNB4|CACNG1|CACNG2|CACNG3|CACNG4|CACNG5|CACNG6|CACNG7|CACNG8|GABBR1|GABBR2|KCNQ3|KCNQ5|SLC7A5,35,ADORA1|CACNA1B|CACNA2D1|CACNA2D2|GABBR1|GABBR2|KCNQ3|KCNQ5,8,8.015019626080058,8.070726589141277,35,N02BF01,ADORA1|CACNA1B|CACNA2D1|CACNA2D2|GABBR1|GABBR2|KCNQ3|KCNQ5,8
ULSDMUVEXKOYBU-ZDUSSCGKSA-N,ULSDMUVEXKOYBU,ULSDMUVEXKOYBU-ZDUSSCGKSA-N,DB00315,Zolmitriptan,full_inchikey,ABCB1|ABCC3|ABCC4|CYP1A2|HTR1A|HTR1B|HTR1D|HTR1E|HTR1F|HTR2A|HTR2B|HTR7|MAOA|RAPGEF4,14,HTR1A|HTR1B|HTR1D|HTR1E|HTR1F|HTR2A|HTR2B|HTR7,8,5.867831322581276,5.071337916708389,14,N02CC03,HTR1A|HTR1B|HTR1D|HTR1E|HTR1F|HTR2A|HTR2B|HTR7,8
UREBDLICKHMUKA-CXSFZGCWSA-N,UREBDLICKHMUKA,UREBDLICKHMUKA-CXSFZGCWSA-N,DB01234,Dexamethasone,full_inchikey,ABCB1|ABCB11|ABCC2|ABCC3|ABCC4|ABCG2|ALB|ANXA1|AR|CYP11B1|CYP17A1|CYP1A1|CYP2A6|CYP2B6|CYP2C19|CYP2C8|CYP2E1|CYP2J2|CYP3A4|CYP3A43|CYP3A5|CYP3A7|CYP4A11|ESR1|ESR2|ESRRA|ESRRB|ESRRG|GLI3|HSD11B1|HSD11B2|NFE2L2|NOS2|NR0B1|NR0B2|NR1H2|NR1H3|NR1H4|NR1I2|NR1I3|NR2C1|NR2C2|NR2E1|NR2F1|NR2F2|NR2F6|NR3C1|NR3C2|NR6A1|NSD2|PGR|PLA2G1B|PLA2G2A|PLA2G5|PPARD|PPARG|PTGS1|PTGS2|RARA|RARB|RARG|RXRA|RXRB|RXRG|SLC22A8|SLC47A1|SLCO1A2|THRA|THRB|TSC22D3|VDR,71,ANXA1|NOS2|NR0B1|NR1I2|NR3C1,5,5.746539082050077,6.089342394042143,71,A01AC02|C05AA09|D07AB19|D07CB04|D07XB05|D10AA03|H02AB02|R01AD03|R01AD53|S01BA01|S01CA01|S01CB01|S02BA06|S02CA06|S03BA01|S03CA01,ANXA1|NOS2|NR0B1|NR1I2|NR3C1,5
USRGIUJOYOXOQJ-STHAYSLISA-N,USRGIUJOYOXOQJ,USRGIUJOYOXOQJ-STHAYSLISA-N,DB02482,Phosphonothreonine,full_inchikey,AURKA|CDK7|MAPK1|MAPK12|PIN1|PRKACA|PRKACB|PRKCQ|RHO|S100A11,10,AURKA|CDK7|MAPK1|MAPK12|PRKACA|PRKACB|PRKCQ|RHO|S100A11,9,,,10,,AURKA|CDK7|MAPK1|MAPK12|PRKACA|PRKACB|PRKCQ|RHO|S100A11,9
UZHSEJADLWPNLE-GRGSLBFTSA-N,UZHSEJADLWPNLE,UZHSEJADLWPNLE-GRGSLBFTSA-N,DB01183,Naloxone,full_inchikey,ABCB1|ABCC3|ABCC4|ACKR3|ADORA1|ADORA2A|ADORA2B|ADORA3|ADRA1A|ADRA1B|ADRA1D|ADRA2A|ADRA2C|ADRB1|ADRB2|ADRB3|AGTR1|AGTR2|ALB|APLNR|AVPR1A|AVPR1B|AVPR2|BDKRB1|BRS3|CCKAR|CCKBR|CCR1|CCR3|CCR4|CCR5|CCR9|CES1|CNR1|CNR2|CREB1|CXCR4|CXCR6|CYBB|CYP2C18|CYP2C19|CYP2D6|CYP2J2|CYP3A4|DRD2|DRD3|DRD4|DRD5|EDNRA|EDNRB|ESR1|FFAR4|GALR1|GALR2|GALR3|GHSR|GNRHR|GPR119|GPR12|GPR135|GPR139|GPR142|GPR148|GPR150|GPR151|GPR161|GPR173|GPR176|GPR19|GPR22|GPR26|GPR27|GPR3|GPR37|GPR37L1|GPR39|GPR45|GPR52|GPR6|GPR61|GPR62|GPR63|GPR65|GPR78|GPR83|GPR84|GPR85|GPR88|GRPR|HCRTR1|HCRTR2|HRH2|HRH3|HRH4|HTR1A|HTR1B|HTR1E|HTR1F|HTR2B|HTR2C|HTR4|HTR5A|HTR6|HTR7|KISS1R|LPAR1|LPAR2|LPAR3|LSP1|LTB4R|LTB4R2|MC1R|MC2R|MC3R|MC4R|MC5R|MCHR1|MCHR2|MLNR|NMBR|NMUR1|NMUR2|NPBWR1|NPBWR2|NPFFR1|NPFFR2|NPSR1|NPY1R|NPY2R|NPY4R|NPY5R|NTSR1|NTSR2|OPN1LW|OPN1MW2|OPN1SW|OPN3|OPN4|OPN5|OPRD1|OPRK1|OPRL1|OPRM1|OXTR|PRLHR|PROKR1|PROKR2|PTGDR|PTGER1|PTGER2|PTGER3|PTGER4|PTGFR|PTGIR|QRFPR|RGR|RHO|RRH|RXFP3|RXFP4|SIGMAR1|SLCO1A2|SSTR1|SSTR2|SSTR4|SSTR5|TAAR1|TAAR2|TAAR5|TAAR6|TAAR8|TBXA2R|TLR4|TMIGD3|TRHR|UGT1A1|UTS2R,177,CES1|CREB1|ESR1|OPRD1|OPRK1|OPRM1|TLR4,7,5.752636850490473,5.38868934807566,177,A06AH04|N02AA53|N02AA55|N02AD51|N02AX51|V03AB15,CES1|CREB1|ESR1|OPRD1|OPRK1|OPRM1|TLR4,7
VEJCBCPEURAYAS-MEAXDALNSA-N,VEJCBCPEURAYAS,VEJCBCPEURAYAS-MEAXDALNSA-N,DB08330,METHYL (2Z)-3-METHOXY-2-{2-[(E)-2-PHENYLVINYL]PHENYL}ACRYLATE,full_inchikey,CYC1|MT-CYB|PMPCA|PMPCB|UQCR10|UQCR11|UQCRB|UQCRC1|UQCRC2|UQCRFS1|UQCRH|UQCRQ,12,CYC1|MT-CYB|UQCR10|UQCR11|UQCRB|UQCRC1|UQCRC2|UQCRFS1|UQCRH|UQCRQ,10,,,12,,CYC1|MT-CYB|UQCR10|UQCR11|UQCRB|UQCRC1|UQCRC2|UQCRFS1|UQCRH|UQCRQ,10
VHJLVAABSRFDPM-IMJSIDKUSA-N,VHJLVAABSRFDPM,VHJLVAABSRFDPM-IMJSIDKUSA-N,DB04447,"1,4-Dithiothreitol",full_inchikey,AANAT|ADCY1|ADCY2|ADCY3|ADCY4|ADCY5|ADCY6|ADCY7|ADCY8|ADCY9|ADSL|ALAS1|ALDH1A1|AMY1A|AMY1B|AMY1C|AMY2A|AMY2B|ANKRD45|APEX1|AR|AS3MT|AXIN1|BDH2|BRCC3|BRD2|BRD4|C2ORF81|CAMK2A|CAMK2B|CAMK2D|CAMK2G|CASK|CASP8|CBR1|CBR3|CBR4|CCNA2|CDK2|CHKA|CMPK2|CNBD2|COPS5|COPS6|CRPPA|DAB2|DAPK2|DAPK3|DBT|DECR1|DECR2|DHFR|DHRS1|DHRS12|DHRS13|DHRS2|DHRS4|DHRS4L2|DHRS7B|DHRS7C|DHRSX|DLAT|DLST|DPY30|DSP|DTYMK|ENOSF1|EPRS1|FASN|FSCN1|FXR1|GCAT|GGA1|GNPNAT1|GSK3B|GSTO1|GSTZ1|GUCY1A1|GUCY1A2|GUCY1B1|GUCY2C|GUCY2D|GUCY2F|HACL1|HMGCR|HOGA1|HPGD|HRAS|HSD11B1|HSD11B1L|HSD17B1|HSD17B11|HSD17B13|HSD17B14|HSD17B8|HSDL2|HSPA12A|HSPA12B|HSPA13|HSPA14|HSPA1A|HSPA1B|HSPA1L|HSPA2|HSPA4|HSPA4L|HSPA5|HSPA6|HSPA8|HSPA9|HSPH1|IL1B|IL5|IL5RA|ILVBL|ING4|IQCB1|KCTD9|KPNA2|LACTB|LACTBL1|LGALS1|LIAS|MAP3K5|MAPK1|MPND|MRE11|MRPL27|MSRA|MYH1|MYH10|MYH11|MYH13|MYH15|MYH2|MYH4|MYH7|MYH7B|MYH8|MYH9|MYO10|MYO16|MYO18A|MYO18B|MYO1A|MYO1B|MYO1D|MYO1E|MYO1G|MYO1H|MYO3B|MYO5A|MYO5B|MYO5C|MYO6|MYO7A|MYO7B|MYO9A|MYO9B|MYSM1|NAMPT|NCF4|NFKB1|NME1|NME1-NME2|NME2|NME3|NME4|NME5|NME6|NME7|NME8|NPL|NPR1|NPR2|NPR3|NR3C1|NUDC|NUDCD2|NUDCD3|OSBPL10|OSBPL11|OSBPL5|OSBPL8|OSBPL9|PDF|PDHX|PECR|PER2|PER3|PNPLA6|PNPLA7|POLH|PPIB|PPIC|PRKAR1A|PRKAR1B|PRKAR2A|PRKAR2B|PSMD14|PSMD7|PUM1|PUM2|PYGB|PYGL|PYGM|QARS1|RASIP1|RDH10|RDH11|RDH12|RDH13|RDH14|REL|RELA|S100A2|S100A4|SAT1|SATL1|SDR16C5|SH3PXD2A|SH3PXD2B|SLC3A1|SLC3A2|SPTLC1|SPTLC2|SPTLC3|STAMBP|STAMBPL1|TIRAP|TNPO3|TP53|TPI1|TRPM1|TRPM2|TRPM3|TRPM4|TRPM7|TYMS|UMPS,240,ALDH1A1|AXIN1|CAMK2A|GSTZ1|HMGCR|LGALS1|MSRA|PPIB|TPI1|TRPM7,10,,,240,,ALDH1A1|AXIN1|CAMK2A|GSTZ1|HMGCR|LGALS1|MSRA|PPIB|TPI1|TRPM7,10
VHRGRCVQAFMJIZ-UHFFFAOYSA-N,VHRGRCVQAFMJIZ,VHRGRCVQAFMJIZ-UHFFFAOYSA-N,DB03854,Cadaverine,full_inchikey,ADH5|CA1|CA12|CA13|CA14|CA2|CA3|CA4|CA5A|CA5B|CA6|CA7|CA9|CRPPA|HRH4|MPO|ODC1,17,CA1|CA12|CA14|CA2|CA4|CA6|CA9,7,6.2386599436546195,6.301029995663981,17,,CA1|CA12|CA14|CA2|CA4|CA6|CA9,7
VOXXWSYKYCBWHO-QMMMGPOBSA-N,VOXXWSYKYCBWHO,VOXXWSYKYCBWHO-QMMMGPOBSA-N,DB02494,(S)-3-phenyllactic acid,full_inchikey,AGBL1|AGBL3|AGBL4|AGBL5|AGTPBP1|CPA1|CPA2|CPA3|CPA4|CPA6|CPB1|CPB2|CPO|DMC1|MRPL11|MRPL13|MRPL15|MRPL16|MRPL2|MRPL22|MRPL24|MRPL3|MRPL4|MRTO4|NHP2|RAD51|RAD51B|RAD51C|RAD51D|RPL10|RPL10L|RPL11|RPL12|RPL13A|RPL15|RPL17|RPL18|RPL19|RPL21|RPL23|RPL23A|RPL24|RPL26L1|RPL27A|RPL3|RPL31|RPL32|RPL35|RPL36A|RPL36A-HNRNPH2|RPL36AL|RPL37|RPL37A|RPL39|RPL39L|RPL3L|RPL4|RPL5|RPL7|RPL7A|RPL7L1|RPL8|RPL9|RPLP0|RPP38|RPS12|RSL24D1|RSRC1|SNU13|XRCC3,70,CPA1|RPL10L|RPL11|RPL13A|RPL15|RPL19|RPL23|RPL23A|RPL26L1|RPL3|RPL37|RPL8|RSL24D1|SNU13,14,,,70,,CPA1|RPL10L|RPL11|RPL13A|RPL15|RPL19|RPL23|RPL23A|RPL26L1|RPL3|RPL37|RPL8|RSL24D1|SNU13,14
VOXZDWNPVJITMN-ZBRFXRBCSA-N,VOXZDWNPVJITMN,VOXZDWNPVJITMN-ZBRFXRBCSA-N,DB00783,Estradiol,full_inchikey,ABCB1|ABCC10|ABCC3|ABCC4|ABCG2|AHR|ALB|AOX1|AR|BECN1|CACNA1C|CHRNA4|COMT|CYP19A1|CYP1A1|CYP1A2|CYP1B1|CYP2B6|CYP2C19|CYP2C8|CYP2C9|CYP2D6|CYP3A4|CYP3A5|CYP3A7|ESR1|ESR2|ESRRA|ESRRB|ESRRG|FABP2|GLI3|GPBAR1|GPER1|HSD17B1|KCNMA1|MT-ATP6|NR0B1|NR0B2|NR1H2|NR1H3|NR1H4|NR1I2|NR1I3|NR2C1|NR2C2|NR2E1|NR2F1|NR2F2|NR2F6|NR3C1|NR3C2|NR6A1|NSD2|PGR|PPARD|PPARG|PTPN11|RARA|RARB|RARG|RORC|RXRA|RXRB|RXRG|SERPINA6|SHBG|SLC22A1|SLC22A11|SLC22A2|SLC22A3|SLC22A4|SLC22A5|SLC22A8|SLC6A3|SLC6A4|SLCO1B1|SLCO1B3|SLCO1C1|SNCA|SULT1A1|SULT1E1|SYK|THRA|THRB|TP53|TSHR|UGT1A1|UGT1A6|UGT2B15|VDR,91,BECN1|CHRNA4|ESR1|ESR2|GPER1|MT-ATP6|NR1I2,7,5.714564876624601,5.169284417319911,91,G02BB01|G03AA14|G03AA17|G03AB08|G03CA03|G03CA53|G03EA01|G03EA02|G03EA03|G03FA01|G03FA02|G03FA03|G03FA04|G03FA05|G03FA06|G03FA07|G03FA08|G03FA09|G03FA10|G03FA11|G03FA12|G03FA13|G03FA14|G03FA15|G03FA16|G03FA17|G03FB01|G03FB02|G03FB03|G03FB04|G03FB05|G03FB06|G03FB07|G03FB08|G03FB09|G03FB10|G03FB11|G03FB12|G03HB01|H01CC53|H01CC54,BECN1|CHRNA4|ESR1|ESR2|GPER1|MT-ATP6|NR1I2,7
VRIVJOXICYMTAG-IYEMJOQQSA-L,VRIVJOXICYMTAG,VRIVJOXICYMTAG-IYEMJOQQSA-L,DB14488,Ferrous gluconate,full_inchikey,AHSP|CP|EGLN1|FEN1|FTH1|FXN|HBA2|HDAC8|NEIL1|NEIL2|POLB|TF|TFRC,13,AHSP|CP|EGLN1|FEN1|FTH1|FXN|HBA1|HDAC8|NEIL1|NEIL2|POLB|TF|TFRC,13,,,13,B03AA03|B03AD05,AHSP|CP|EGLN1|FEN1|FTH1|FXN|HBA1|HDAC8|NEIL1|NEIL2|POLB|TF|TFRC,13
VTTONGPRPXSUTJ-UHFFFAOYSA-N,VTTONGPRPXSUTJ,VTTONGPRPXSUTJ-UHFFFAOYSA-N,DB01445,Bufotenine,full_inchikey,ACKR3|ADORA1|ADORA2A|ADORA2B|ADRA1A|ADRA1B|ADRA1D|ADRA2A|ADRA2C|ADRB1|ADRB2|ADRB3|AGTR1|AGTR2|APLNR|AVPR1A|AVPR1B|AVPR2|BDKRB1|BRS3|CCKAR|CCKBR|CCR1|CCR3|CCR4|CCR5|CCR9|CHRFAM7A|CHRNA1|CHRNA10|CHRNA2|CHRNA3|CHRNA4|CHRNA5|CHRNA6|CHRNA7|CHRNA9|CHRNB1|CHRNB2|CHRNB3|CHRNB4|CHRND|CNR1|CNR2|CXCR4|CXCR6|CYP2C9|CYP2D6|CYP3A7|DRD2|DRD3|DRD4|DRD5|EDNRA|EDNRB|FFAR4|GALR1|GALR2|GALR3|GHSR|GLI3|GNRHR|GPR119|GPR12|GPR135|GPR139|GPR142|GPR148|GPR150|GPR151|GPR161|GPR173|GPR176|GPR19|GPR22|GPR26|GPR27|GPR3|GPR37|GPR37L1|GPR39|GPR45|GPR52|GPR6|GPR61|GPR62|GPR63|GPR65|GPR78|GPR83|GPR84|GPR85|GPR88|GRPR|HCRTR1|HCRTR2|HRH2|HRH3|HRH4|HSPB1|HTR1A|HTR1B|HTR1D|HTR1E|HTR1F|HTR2A|HTR2B|HTR2C|HTR3A|HTR3B|HTR3C|HTR3D|HTR3E|HTR4|HTR5A|HTR6|HTR7|KISS1R|LPAR1|LPAR2|LPAR3|LSP1|LTB4R|LTB4R2|MAOA|MC1R|MC2R|MC3R|MC4R|MC5R|MCHR1|MCHR2|MLNR|NFE2L2|NMBR|NMUR1|NMUR2|NPBWR2|NPFFR1|NPFFR2|NPSR1|NPY1R|NPY2R|NPY4R|NPY5R|NTSR1|NTSR2|OPN1LW|OPN1MW2|OPN1SW|OPN3|OPN4|OPN5|OPRD1|OPRK1|OPRL1|OPRM1|OXTR|PGR|PRLHR|PROKR1|PROKR2|PTGDR|PTGER1|PTGER2|PTGER3|PTGER4|PTGFR|PTGIR|QRFPR|RGR|RHO|RRH|RXFP3|RXFP4|SLC6A4|SSTR1|SSTR2|SSTR4|SSTR5|TAAR1|TAAR2|TAAR5|TAAR6|TAAR8|TBXA2R|TMIGD3|TRHR|UTS2R,189,HTR1D|HTR2A|HTR5A|HTR6|HTR7,5,5.6067023901965145,5.015668193540257,189,,HTR1D|HTR2A|HTR5A|HTR6|HTR7,5
VWFJDQUYCIWHTN-YFVJMOTDSA-N,VWFJDQUYCIWHTN,VWFJDQUYCIWHTN-YFVJMOTDSA-N,DB07780,Farnesyl diphosphate,full_inchikey,CHURC1-FNTB|DHDDS|FDFT1|FDPS|FNTA|FNTB|GGPS1|KRAS|NUS1|PDSS1|PDSS2|RABGGTA|RABGGTB|RUSC1,14,FDFT1|FDPS|FNTA|FNTB|GGPS1|KRAS|RABGGTA|RABGGTB,8,6.9709080101172365,7.689175411774282,14,,FDFT1|FDPS|FNTA|FNTB|GGPS1|KRAS|RABGGTA|RABGGTB,8
VWWQXMAJTJZDQX-UYBVJOGSSA-N,VWWQXMAJTJZDQX,VWWQXMAJTJZDQX-UYBVJOGSSA-N,DB03147,Flavin adenine dinucleotide,full_inchikey,ACAD11|ACAD8|ACADM|ACADS|ACADSB|ACADVL|ACOX1|ACOX2|ACOX3|ACTN1|ACTN2|ACTN4|AGPS|AIFM1|AIFM2|AIFM3|ALDH16A1|ALDH1A1|ALDH1A2|ALDH1A3|ALDH1B1|ALDH1L1|ALDH1L2|ALDH2|ALDH3A1|ALDH3A2|ALDH3B2|ALDH4A1|ALDH5A1|ALDH7A1|ALDH8A1|ALDH9A1|AMT|AOX1|CHDH|CLMN|COQ6|CRY1|CRY2|CYB5A|CYB5B|CYB5R1|CYB5R2|CYB5R3|CYB5R4|CYGB|D2HGDH|DAO|DBT|DHCR24|DHODH|DLAT|DLD|DLST|DMD|DMGDH|DNAJC10|DPYD|EHBP1|EHBP1L1|ERO1A|ERO1B|ERP27|ERP44|ETFA|ETFB|ETFDH|EVPLL|FDX1|FDX2|FDXR|FLAD1|FLNA|FLNB|FLNC|FMO1|FMO2|FMO3|FMO4|FMO5|FOXRED2|GCDH|GFER|GLYR1|GPD2|GSR|HACL1|HBA1|HBA2|HBB|HBE1|HBG1|HBG2|HBM|HBQ1|HBZ|HMOX1|HMOX2|IFFO2|IL4I1|ILVBL|INSM1|IVD|IYD|KDM1A|KDM1B|KMO|L2HGDH|LCP1|LDHD|MACF1|MAOA|MAOB|MB|MICAL1|MICAL2|MICAL3|MICALL1|MICALL2|MOCS3|MTHFR|MTO1|MTRR|NDOR1|NDUFA9|NGB|NOS1|NOS2|NOS3|NPIPA1|NPIPA2|NPIPA3|NPIPA5|NPIPA7|NPIPA8|NPIPA9|NPIPB11|NPIPB13|NPIPB2|NPIPB5|NQO1|NQO2|OXNAD1|P4HB|PDHX|PDIA2|PDIA3|PDIA4|PDIA5|PDIA6|PDILT|PDPR|PIPOX|PLEC|PLS1|PLS3|POR|PPOX|PRODH|PRODH2|PYROXD2|QSOX1|RCOR3|RETSAT|RNLS|SARDH|SDHA|SDHB|SDHC|SDHD|SMTN|SMTNL2|SPECC1|SPECC1L|SPTAN1|SPTB|SPTBN1|SPTBN2|SPTBN4|SPTBN5|SQLE|SQOR|SUOX|SYNE1|SYNE2|SYNE3|TMX3|TSTD1|TXN|TXN2|TXNDC11|TXNDC16|TXNDC2|TXNDC5|TXNDC8|TXNDC9|TXNRD1|TXNRD2|TXNRD3|TYW1|UTRN|XDH,202,ACAD8|ACADM|ACADS|ACOX1|AIFM1|CYB5R1|CYB5R3|DAO|DLD|DPYD|ERO1B|FDXR|GCDH|GFER|GSR|IL4I1|IVD|MAOA|MAOB|NDUFA9|NOS1|NQO1|NQO2|POR|TXNRD1|XDH,26,,,202,,ACAD8|ACADM|ACADS|ACOX1|AIFM1|CYB5R1|CYB5R3|DAO|DLD|DPYD|ERO1B|FDXR|GCDH|GFER|GSR|IL4I1|IVD|MAOA|MAOB|NDUFA9|NOS1|NQO1|NQO2|POR|TXNRD1|XDH,26
VYFYYTLLBUKUHU-UHFFFAOYSA-N,VYFYYTLLBUKUHU,VYFYYTLLBUKUHU-UHFFFAOYSA-N,DB00988,Dopamine,full_inchikey,ABCB11|ACKR3|ADORA1|ADORA2A|ADORA2B|ADRA1A|ADRA1B|ADRA1D|ADRA2A|ADRA2C|ADRB1|ADRB2|ADRB3|AGTR1|AGTR2|ALOX12|APLNR|ARPP19|AVPR1A|AVPR1B|AVPR2|BDKRB1|BRS3|CA12|CA2|CA5A|CA5B|CA7|CA9|CCKAR|CCKBR|CCR1|CCR3|CCR4|CCR5|CCR9|CNR1|CNR2|COMT|CTSL|CXCR4|CXCR6|DBH|DRD1|DRD2|DRD3|DRD4|DRD5|EDNRA|EDNRB|ENSA|FEN1|FFAR4|FOLH1|FYN|GALR1|GALR2|GALR3|GHSR|GLI3|GNRHR|GPR119|GPR12|GPR135|GPR139|GPR142|GPR148|GPR150|GPR151|GPR161|GPR173|GPR176|GPR19|GPR22|GPR26|GPR27|GPR3|GPR37|GPR37L1|GPR39|GPR45|GPR52|GPR6|GPR61|GPR62|GPR63|GPR65|GPR78|GPR83|GPR84|GPR85|GPR88|GRPR|HCRTR1|HCRTR2|HIF1A|HRH2|HRH3|HRH4|HTR1A|HTR1B|HTR1E|HTR1F|HTR2A|HTR2B|HTR2C|HTR3A|HTR3B|HTR4|HTR5A|HTR6|HTR7|KDM4E|KISS1R|LPAR1|LPAR2|LPAR3|LSP1|LTB4R|LTB4R2|MAOA|MAOB|MC1R|MC2R|MC3R|MC4R|MC5R|MCHR1|MCHR2|MLNR|MPHOSPH8|MTNR1A|MTNR1B|MTRR|NDOR1|NFE2L2|NMBR|NMUR1|NMUR2|NOS1|NOS2|NOS3|NPBWR2|NPFFR1|NPFFR2|NPSR1|NPY1R|NPY2R|NPY4R|NPY5R|NQO2|NSD2|NTMT1|NTSR1|NTSR2|OPN1LW|OPN1MW2|OPN1SW|OPN3|OPN4|OPN5|OPRD1|OPRK1|OPRL1|OPRM1|OXTR|PAH|POR|POU5F1|PRLHR|PROKR1|PROKR2|PTGDR|PTGER1|PTGER2|PTGER3|PTGER4|PTGFR|PTGIR|PTGS1|QRFPR|RGR|RHO|RRH|RXFP3|RXFP4|SLC18A2|SLC22A1|SLC22A2|SLC22A3|SLC22A5|SLC6A1|SLC6A11|SLC6A12|SLC6A13|SLC6A15|SLC6A16|SLC6A17|SLC6A18|SLC6A19|SLC6A2|SLC6A20|SLC6A3|SLC6A4|SLC6A5|SLC6A7|SLC6A8|SLC6A9|SNCA|SOD1|SSTR1|SSTR2|SSTR4|SSTR5|SYK|TAAR1|TAAR2|TAAR5|TAAR6|TAAR8|TBXA2R|TMIGD3|TP53|TRHR|TYW1|UTS2R,226,DBH|DRD1|DRD2|DRD3|DRD4|DRD5|HTR1A|HTR3A|HTR3B|HTR7|SLC18A2|SLC6A2|SLC6A3|SLC6A4|SOD1,15,,5.59999938302362,226,C01CA04,DBH|DRD1|DRD2|DRD3|DRD4|DRD5|HTR1A|HTR3A|HTR3B|HTR7|SLC18A2|SLC6A2|SLC6A3|SLC6A4|SOD1,15
WAEMQWOKJMHJLA-UHFFFAOYSA-N,WAEMQWOKJMHJLA,WAEMQWOKJMHJLA-UHFFFAOYSA-N,DB06757,Manganese cation,full_inchikey,ACO1|ALB|ARG1|CP|GLUL|IDH3A|IDH3G|PCK2|PPP1CC|SLC11A2|SLC30A10|SLC39A14|SOD2|TAB1|TF|TRPM7,16,ARG1|GLUL|IDH3A|IDH3G|PCK2|PPP1CC|SOD2|TAB1,8,,,16,,ARG1|GLUL|IDH3A|IDH3G|PCK2|PPP1CC|SOD2|TAB1,8
WAEXFXRVDQXREF-UHFFFAOYSA-N,WAEXFXRVDQXREF,WAEXFXRVDQXREF-UHFFFAOYSA-N,DB02546,Vorinostat,full_inchikey,ABCC3|ABCC4|ABL1|APP|ATAD5|ATG12|ATG5|BRD4|CASP3|CASP7|CASP8|CFTR|CREBBP|CYP1A2|CYP2C19|CYP2D6|CYP3A4|EGFR|EIF2AK3|EP300|ESR1|ESRRA|FADD|FAS|FLT3|GLI3|GMNN|HDAC1|HDAC10|HDAC11|HDAC2|HDAC3|HDAC4|HDAC5|HDAC6|HDAC7|HDAC8|HDAC9|HMGCR|HSP90AA1|HSPA5|HTT|IFNB1|JAK2|KCNH2|KDM1A|KDM4E|KDM6A|KDR|LTA4H|MDM2|NCOR1|NCOR2|NFE2L2|NFKB1|NR0B1|NR1I2|NR3C1|NR5A1|NSD2|PAX8|PIK3R1|PML|PSMB5|RARA|RCOR3|RELA|SIRT5|SP100|SUMO1|SYK|THRA|TNF|TP53|UGT1A3|UGT2B17,76,HDAC1|HDAC2|HDAC3|HDAC6|HDAC8,5,5.5684884173176155,5.364415404104301,76,L01XH01,HDAC1|HDAC2|HDAC3|HDAC6|HDAC8,5
WBWWGRHZICKQGZ-HZAMXZRMSA-N,WBWWGRHZICKQGZ,WBWWGRHZICKQGZ-HZAMXZRMSA-N,DB04348,Taurocholic acid,full_inchikey,ABCB1|ABCB11|ABCC1|ABCC10|ABCC11|ABCC2|ABCC3|ABCC4|ABCG2|CEL|CES1|FABP6|GPBAR1|NR1H4|OC90|PLA2G10|PLA2G1B|PLA2G2A|PLA2G2C|PLA2G2D|PLA2G2E|PLA2G2F|PLA2G5|SLC10A1|SLC10A2|SLC10A3|SLC10A4|SLC10A5|SLC10A6|SLC10A7|SLC16A1|SLC22A6|SLC22A8|SLC51A|SLC51B|SLC7A11|SLCO1A2|SLCO1B1|SLCO1B3|SLCO1C1|SLCO2B1|SLCO3A1|SLCO4A1,43,CEL|FABP6|GPBAR1|NR1H4|SLC10A2,5,4.905646227398536,5.195235116536839,43,,CEL|FABP6|GPBAR1|NR1H4|SLC10A2,5
WCGUUGGRBIKTOS-GPOJBZKASA-N,WCGUUGGRBIKTOS,WCGUUGGRBIKTOS-GPOJBZKASA-N,DB15588,Ursolic acid,full_inchikey,ACP1|AKR1B1|AKR1B10|ALOX15B|ALOX5|CES1|CETP|CTSD|CYP19A1|CYP1A2|EGLN1|ELANE|GAA|GPBAR1|HIF1A|HRAS|HSD11B1|LIG1|NR1H4|PLA2G1B|POLB|PPARA|PTGS1|PTGS2|PTPN1|PTPN2|PTPN6|PTPRA|PTPRE|PTPRF|PYGM|RELA|RORC|SENP1|SLCO1B1|SLCO1B3|SYK|USP47|USP7,39,ELANE|HRAS|HSD11B1|PLA2G1B|PTPN1|PYGM,6,,4.769982166188344,39,,ELANE|HRAS|HSD11B1|PLA2G1B|PTPN1|PYGM,6
WCUXLLCKKVVCTQ-UHFFFAOYSA-M,WCUXLLCKKVVCTQ,WCUXLLCKKVVCTQ-UHFFFAOYSA-M,DB00761,Potassium chloride,full_inchikey,ATP1A3|CA1|CA2|CA4|CA5A|CA9|SLC12A1|SLC12A2|SLC12A4|SLC12A5|SLC12A6|SLC12A7|SLC24A2|SLC24A4,14,SLC12A1|SLC12A2|SLC12A4|SLC12A5|SLC12A6|SLC12A7,6,1.5099073830536491,0.8068754016455384,14,A12BA01|A12BA51|B05XA01,SLC12A1|SLC12A2|SLC12A4|SLC12A5|SLC12A6|SLC12A7,6
WDJUZGPOPHTGOT-XUDUSOBPSA-N,WDJUZGPOPHTGOT,WDJUZGPOPHTGOT-XUDUSOBPSA-N,DB01396,Digitoxin,full_inchikey,ABCB1|ABCB11|ABCC3|ABCC4|ALB|AR|ATAD5|ATP10A|ATP11B|ATP11C|ATP12A|ATP13A1|ATP1A1|ATP1A2|ATP1A3|ATP1A4|ATP1B1|ATP1B2|ATP1B3|ATP2A1|ATP2A2|ATP2A3|ATP2C2|ATP4A|ATP8B2|ATP8B4|ATXN2|CYP11A1|CYP3A4|ESR1|ESRRA|FXYD2|GMNN|IDH1|IFNB1|NFE2L2|NR3C1|NSD2|SLCO1A2|SLCO4C1|SMAD3|STAT1|STAT3|SYK|TP53|TSHR,46,ATP1A1|ATP1A2|ATP1A3|ATP1B1|ATP1B2|ATP1B3,6,6.662655509449689,6.936275895531328,46,C01AA04,ATP1A1|ATP1A2|ATP1A3|ATP1B1|ATP1B2|ATP1B3,6
WHTCPDAXWFLDIH-KQYNXXCUSA-N,WHTCPDAXWFLDIH,WHTCPDAXWFLDIH-KQYNXXCUSA-N,DB01812,"Adenosine 3',5'-diphosphate",full_inchikey,BPNT2|EDC3|FASN|FLAD1|HS3ST1|HS3ST3A1|HS3ST5|IMP3|MRPS10|MRPS11|MRPS12|MRPS14|MRPS15|MRPS16|MRPS18A|MRPS18C|MRPS2|MRPS5|MRPS6|MRPS7|MRPS9|NAXD|NAXE|NDST1|P2RY1|RNASE1|RNASE2|RPS11|RPS13|RPS14|RPS15|RPS15A|RPS16|RPS18|RPS2|RPS20|RPS23|RPS29|RPS3|RPS5|RPS9|RPSA|SULT1A1|SULT1A2|SULT1B1|SULT1C2|SULT1C3|SULT1C4|SULT1E1|SULT2A1|SULT2B1|TOP3A|TOP3B|TPST2|YJEFN3,55,HS3ST1|HS3ST3A1|NDST1|RNASE1|RNASE2|SULT1A1|SULT1B1|SULT1E1|SULT2A1|SULT2B1,10,,,55,,HS3ST1|HS3ST3A1|NDST1|RNASE1|RNASE2|SULT1A1|SULT1B1|SULT1E1|SULT2A1|SULT2B1,10
WHTVZRBIWZFKQO-UHFFFAOYSA-N,WHTVZRBIWZFKQO,WHTVZRBIWZFKQO-UHFFFAOYSA-N,DB00608,Chloroquine,full_inchikey,ABCB1|ABCC3|ABCC4|ACE2|ACKR1|ADRA2A|ADRA2C|ALB|APP|BACE1|CHRM1|CHRM2|CHRM3|CHRM5|CXCR4|CYP1A1|CYP2C8|CYP2D6|CYP3A4|CYP3A5|GSTA2|GSTM1|HMGB1|KCNH2|LDHAL6A|LDHAL6B|LDHB|LDHC|MDH1|MDH1B|MDH2|MTOR|NQO2|NR4A2|NSD1|ORM1|PRNP|SIGMAR1|TLR9|TMEM97|TNF|UEVLD,42,ACE2|ACKR1|GSTA2|GSTM1|HMGB1|TLR9|TNF,7,5.313272020160181,5.330000131185909,42,P01BA01|P01BB52,ACE2|ACKR1|GSTA2|GSTM1|HMGB1|TLR9|TNF,7
WHUUTDBJXJRKMK-VKHMYHEASA-N,WHUUTDBJXJRKMK,WHUUTDBJXJRKMK-VKHMYHEASA-N,DB00142,Glutamic acid,full_inchikey,AADAT|AASS|ABAT|ACCS|ACCSL|ADORA3|AKR1A1|AKR1B1|AKR1B10|AKR1B15|AKR1C1|AKR1C2|AKR1C3|AKR1C4|AKR1D1|AKR1E2|ALDH16A1|ALDH18A1|ALDH1A1|ALDH1A2|ALDH1A3|ALDH1B1|ALDH1L1|ALDH1L2|ALDH2|ALDH3A1|ALDH3A2|ALDH3B2|ALDH4A1|ALDH5A1|ALDH7A1|ALDH8A1|ALDH9A1|ALKBH8|ANTKMT|ASNS|ASPG|BCAT1|BCAT2|BTD|CA1|CACNA1H|CACNA1I|CASR|CATSPER4|CPA2|CPQ|DNPEP|EARS2|EEF1E1|EEF1G|ELOB|ELOC|ENOSF1|ENPEP|EPRS1|FOLH1|FPGS|FTCD|FTO|GAD1|GAD2|GCLC|GCLM|GFPT1|GFPT2|GGCX|GGT5|GGT6|GGT7|GGTLC1|GGTLC2|GLS|GLS2|GLUD1|GLUD2|GLUL|GMPS|GNMT|GOT1|GOT2|GPRC6A|GPT|GPT2|GRIA1|GRIA2|GRIA3|GRIA4|GRIK1|GRIK2|GRIK3|GRIK4|GRIK5|GRIN1|GRIN2A|GRIN2B|GRIN2C|GRIN2D|GRIN3A|GRIN3B|GRM1|GRM2|GRM3|GRM4|GRM5|GRM6|GRM7|GRM8|GSR|GSTA4|GSTT2B|GSTZ1|IFFO2|KCNA1|KCNA10|KCNA2|KCNA3|KCNA4|KCNA5|KCNA6|KCNA7|KCNB1|KCNB2|KCNC1|KCNC2|KCNC3|KCNC4|KCND1|KCND2|KCND3|KCNF1|KCNG1|KCNG2|KCNG3|KCNG4|KCNK1|KCNK10|KCNK16|KCNK17|KCNK18|KCNK2|KCNK4|KCNK5|KCNK6|KCNK7|KCNQ1|KCNQ2|KCNQ3|KCNQ4|KCNQ5|KCNS1|KCNS2|KCNS3|KCNV1|KCNV2|KYAT1|KYAT3|LGSN|MARS1|METTL21C|METTL27|NAALAD2|NADSYN1|NAGS|NDUFAF5|NIT1|NIT2|OPLAH|PFAS|PRMT7|PSAT1|PVR|PYCR1|QARS1|RIMKLA|RIMKLB|SCN1A|SCN2A|SCN4A|SLC16A1|SLC16A10|SLC1A1|SLC1A2|SLC1A3|SLC1A6|SLC1A7|SLC25A18|SLC25A22|SLC7A11|TAS1R1|TAS1R2|TAS1R3|TAT|TMIGD3|TRMT9B|UPB1|VARS1|VHL|VNN1|VNN2,200,AADAT|AASS|ABAT|ALDH18A1|ASNS|BCAT1|BCAT2|CPQ|DNPEP|EARS2|ENPEP|EPRS1|FOLH1|FPGS|FTCD|GAD1|GAD2|GCLC|GCLM|GGCX|GLS|GLS2|GLUD1|GLUD2|GLUL|GMPS|GOT1|GOT2|GPT|GPT2|GRIA1|GRIA2|GRIA3|GRIA4|GRIK1|GRIK2|GRIK3|GRIK4|GRIK5|GRIN1|GRIN2A|GRIN2B|GRIN2C|GRIN2D|GRIN3A|GRM1|GRM4|GRM7|GRM8|NADSYN1|NAGS|OPLAH|PFAS|PSAT1|SLC1A1|SLC1A2|SLC1A3|SLC1A6|SLC1A7|SLC7A11|TAT,61,,5.410622398958868,200,A09AB01,AADAT|AASS|ABAT|ALDH18A1|ASNS|BCAT1|BCAT2|CPQ|DNPEP|EARS2|ENPEP|EPRS1|FOLH1|FPGS|FTCD|GAD1|GAD2|GCLC|GCLM|GGCX|GLS|GLS2|GLUD1|GLUD2|GLUL|GMPS|GOT1|GOT2|GPT|GPT2|GRIA1|GRIA2|GRIA3|GRIA4|GRIK1|GRIK2|GRIK3|GRIK4|GRIK5|GRIN1|GRIN2A|GRIN2B|GRIN2C|GRIN2D|GRIN3A|GRM1|GRM4|GRM7|GRM8|NADSYN1|NAGS|OPLAH|PFAS|PSAT1|SLC1A1|SLC1A2|SLC1A3|SLC1A6|SLC1A7|SLC7A11|TAT,61
WMBWREPUVVBILR-WIYYLYMNSA-N,WMBWREPUVVBILR,WMBWREPUVVBILR-WIYYLYMNSA-N,DB12116,Epigallocatechin gallate,full_inchikey,ABCB1|ABCB11|ACE|ADAM17|ADAMTS4|ADAMTS5|AHR|AMY1A|APP|AR|BACE1|BAD|BAX|BAZ2B|BCL2|BCL2A1|BCL2L10|BCL2L2|BDH2|BID|C2ORF81|CASP3|CASP9|CBR1|CBR3|CBR4|CDK5|CDK5R1|CLK1|CLK2|CLK3|CLK4|CNR1|CNR2|COQ6|CREBBP|CSNK1E|CYP2C19|CYP2C9|CYP3A4|DECR1|DECR2|DHFR|DHFR2|DHRS1|DHRS12|DHRS13|DHRS2|DHRS4|DHRS4L2|DHRS7B|DHRS7C|DHRSX|DNMT1|DPP4|DRD2|DYRK1A|DYRK1B|DYRK2|DYRK3|DYRK4|EGF|EGFR|ELANE|EP300|FASN|FUT6|FUT7|FYN|GALK1|GLI3|GSK3B|HIF1A|HPGD|HSD11B1|HSD11B1L|HSD11B2|HSD17B1|HSD17B11|HSD17B13|HSD17B14|HSD17B8|HSDL2|HSP90AB1|HSPD1|HSPE1|JUN|KAT2B|KAT5|KMO|MAPK14|MAPKAPK5|MAPT|MCL1|MET|MMP14|MMP2|MMP7|MTOR|NADK|NFKB1|PECR|PGAM1|PGD|PIK3CA|PIN1|POLB|PSMB5|PTGES|RAD52|RDH10|RDH11|RDH12|RDH13|RDH14|RPSA|SDR16C5|SERPINE1|SQLE|ST3GAL1|STAT1|STAT3|TERT|TGM2|TPTEP2-CSNK1E|TST|TTR|ZFP36L1|ZFP36L2,129,AHR|DHFR2|DNMT1|ELANE|FASN|MMP14|MMP2|SQLE|STAT3|TGM2,10,5.519959893028807,5.721414888850743,129,,AHR|DHFR2|DNMT1|ELANE|FASN|MMP14|MMP2|SQLE|STAT3|TGM2,10
WQZGKKKJIJFFOK-VFUOTHLCSA-N,WQZGKKKJIJFFOK,WQZGKKKJIJFFOK-VFUOTHLCSA-N,DB02379,Beta-D-Glucose,full_inchikey,ABHD14A-ACY1|ACY1|ADAMTS13|ADK|ALG1|ALG11|ALG2|AMY1A|AMY1B|AMY1C|AMY2A|AMY2B|APMAP|ASGR1|B4GALT1|BACE1|BACE2|BDH2|C2ORF81|C5|C6|CBR1|CBR3|CBR4|CD1D|CD1E|CD207|CNDP1|CNDP2|CTSD|CTSE|DECR1|DECR2|DHRS1|DHRS12|DHRS13|DHRS2|DHRS4|DHRS4L2|DHRS7B|DHRS7C|DHRSX|DNM1|DNM1L|DNM2|DNMT1|EFNA1|EFNA2|EFNA3|EFNA4|EFNA5|EFNB1|EFNB3|F2|F3|F5|F7|FCN2|FLAD1|GAA|GALM|GANAB|GANC|GBE1|GBGT1|GCK|GLT6D1|GNE|GNPDA1|GYS1|GYS2|HAS1|HAS2|HAS3|HHIPL1|HHIPL2|HK1|HK2|HK3|HKDC1|HPGD|HSD11B1|HSD11B1L|HSD17B1|HSD17B11|HSD17B13|HSD17B14|HSD17B8|HSDL2|IFNB1|IL5|IL5RA|IQCB1|JMJD7-PLA2G4B|KRTAP5-2|KRTAP5-3|LALBA|LCTL|LGALS1|LGALS2|LGALS3|LGALS7B|LGALS8|LGALS9|LTF|MB|MELTF|MFN1|MFN2|MGAM|MGAM2|MX1|MX2|MYH1|MYH10|MYH11|MYH13|MYH15|MYH2|MYH4|MYH7|MYH7B|MYH8|MYH9|MYO10|MYO16|MYO18A|MYO18B|MYO1A|MYO1B|MYO1D|MYO1E|MYO1G|MYO1H|MYO3B|MYO5A|MYO5B|MYO5C|MYO6|MYO7A|MYO7B|MYO9A|MYO9B|MYORG|NAGA|NAGK|NAPSA|NCAN|NEU1|NRXN1|NRXN2|NRXN3|NUDT9|OGG1|OPA1|PECR|PGA3|PGA4|PGA5|PGC|PGGHG|PHF8|PIGA|PLA2G4B|PLA2G4D|PLA2G4E|PM20D1|PROZ|PTER|PTGS1|PYGB|PYGL|PYGM|RASIP1|RBKS|RDH10|RDH11|RDH12|RDH13|RDH14|REN|RENBP|RGN|RIDA|SDR16C5|SERPINA10|SFTPD|SI|SIGLEC1|SIGLEC7|SLC14A1|SLC14A2|SLC2A10|SLC2A12|SLC2A13|SLC2A6|SLC2A8|SLC3A1|SLC3A2|SMARCA5|SORD|SYT10|SYT11|SYT15|SYT17|SYT2|SYT4|SYT5|SYT7|SYT8|SYT9|SYTL4|TC2N|TF|TRPV4|UGCG|ZG16,217,AMY2A|AMY2B|GAA|GANAB|GANC|GCK|GLT6D1|GNPDA1|HK1|IFNB1|KRTAP5-2|KRTAP5-3|LCTL|LGALS2|LGALS7|MB|NCAN|NUDT9|PTGS1|PYGL|PYGM|SFTPD|SIGLEC1|SMARCA5,24,1.7614393726401687,1.7614393726401687,217,,AMY2A|AMY2B|GAA|GANAB|GANC|GCK|GLT6D1|GNPDA1|HK1|IFNB1|KRTAP5-2|KRTAP5-3|LCTL|LGALS2|LGALS7|MB|NCAN|NUDT9|PTGS1|PYGL|PYGM|SFTPD|SIGLEC1|SMARCA5,24
WRYLYDPHFGVWKC-UHFFFAOYSA-N,WRYLYDPHFGVWKC,WRYLYDPHFGVWKC-UHFFFAOYSA-N,DB12816,Terpinen-4-ol,full_inchikey,ACHE|ALPI|BCL2|CYP2A6|NFKB2|XIAP,6,ACHE|ALPI|BCL2|NFKB2|XIAP,5,,,6,,ACHE|ALPI|BCL2|NFKB2|XIAP,5
WTDRDQBEARUVNC-LURJTMIESA-N,WTDRDQBEARUVNC,WTDRDQBEARUVNC-LURJTMIESA-N,DB01235,Levodopa,full_inchikey,ABCC3|ABCC4|ALB|AR|BLM|CA1|CA12|CA5A|CA5B|CBX1|DDC|DRD1|DRD2|DRD3|DRD4|DRD5|EGFR|FARS2|FARSA|FARSB|FEN1|FOLH1|FYN|LCK|LRRC47|MPHOSPH8|PAH|POLH|POLI|POLK|PSIP1|PTGS1|RRM2|RRM2B|SLC15A1|SLC16A10|SLC7A5|SLC7A8|TYR|WRN|XDH,41,DRD1|DRD2|DRD3|DRD4|DRD5,5,5.0203510768279465,5.230869337257218,41,N04BA01|N04BA02|N04BA03,DRD1|DRD2|DRD3|DRD4|DRD5,5
WUBBRNOQWQTFEX-UHFFFAOYSA-N,WUBBRNOQWQTFEX,WUBBRNOQWQTFEX-UHFFFAOYSA-N,DB00233,Aminosalicylic acid,full_inchikey,ALOX5|CA1|CA2|CHUK|DHFR|MITF|MPO|PLA2G2E|PTGS1|PTGS2|PTPN1,11,ALOX5|CHUK|DHFR|PLA2G2E|PTGS1|PTGS2,6,4.286021278275581,3.8367342694795137,11,J04AA01|J04AA02|J04AA03,ALOX5|CHUK|DHFR|PLA2G2E|PTGS1|PTGS2,6
WUUGFSXJNOTRMR-IOSLPCCCSA-N,WUUGFSXJNOTRMR,WUUGFSXJNOTRMR-IOSLPCCCSA-N,DB02282,5'-S-methyl-5'-thioadenosine,full_inchikey,ADORA1|ADORA2A|ADORA2B|ADORA3|ALKBH8|ANTKMT|COMT|DIMT1|FASN|FBL|GDA|IMPDH1|IMPDH2|INMT|LIAS|METTL21C|METTL27|MTAP|NDUFAF5|PRKAG1|PRKAG2|PRMT5|PRMT7|SMS|SRM|TFB1M|TFB2M|TMIGD3|TRMT12|TRMT5|TRMT9B|UPP1|WDR77,33,ADORA1|ADORA2A|ADORA2B|ADORA3|MTAP,5,4.507187640701404,5.066175510742109,33,,ADORA1|ADORA2A|ADORA2B|ADORA3|MTAP,5
XEEYBQQBJWHFJM-UHFFFAOYSA-N,XEEYBQQBJWHFJM,XEEYBQQBJWHFJM-UHFFFAOYSA-N,DB01592,Iron,full_inchikey,ACP5|ACR|ADD1|ADD2|ADD3|ADHFE1|AHSP|AIFM1|AIFM3|ALKBH1|ALKBH2|ALKBH3|ALKBH7|ALKBH8|ALOX12|ALOX15|ALOX15B|ALOX5|AMDHD2|AMZ1|AMZ2|APIP|ATF4|AZU1|B2M|BBOX1|BCO1|BCO2|C1RL|C1S|C2|CDO1|CEBPA|CELA1|CELA2A|CELA2B|CELA3A|CELA3B|CFB|CFD|CFI|CIAO3|CMA1|CORIN|CP|CRMP1|CTRB1|CTRB2|CTRC|CTRL|CTSG|CYCS|CYP11A1|CYP11B1|CYP11B2|CYP17A1|CYP1A1|CYP1A2|CYP20A1|CYP24A1|CYP26A1|CYP26B1|CYP27A1|CYP27B1|CYP27C1|CYP2A13|CYP2A6|CYP2A7|CYP2B6|CYP2C18|CYP2C19|CYP2C8|CYP2C9|CYP2E1|CYP2F1|CYP2J2|CYP2R1|CYP2S1|CYP2U1|CYP2W1|CYP39A1|CYP3A4|CYP3A43|CYP3A5|CYP3A7|CYP46A1|CYP4A11|CYP4A22|CYP4B1|CYP4F11|CYP4F12|CYP4F2|CYP4F22|CYP4F3|CYP4V2|CYP4X1|CYP4Z1|CYP51A1|CYP7A1|CYP7B1|CYP8B1|DAO|DBP|DDO|DMGDH|DNAJC10|DPYS|DPYSL2|DPYSL3|DPYSL4|DPYSL5|EGLN1|ELANE|ERP27|ERP44|ETHE1|F10|F11|F12|F2|F7|F9|FASN|FBXL5|FECH|FEN1|FKBP10|FKBP11|FKBP14|FKBP1A|FKBP1B|FKBP1C|FKBP2|FKBP3|FKBP4|FKBP6|FKBP7|FKBP8|FKBP9|FTH1|FTHL17|FTL|FTMT|FTO|FXN|GALT|GDA|GLRX3|GSTP1|GZMA|GZMB|GZMH|GZMK|GZMM|HAAO|HABP2|HAGH|HAGHL|HBA1|HBA2|HDAC8|HFE|HGD|HGF|HGFAC|HIF1A|HIF1AN|HLF|HMOX1|HMOX2|HP|HPD|HPDL|HPN|HPR|IFNG|IGFBP1|IL12A|IL12B|IMPDH1|IMPDH2|JMJD6|KDM2A|KDM4A|KDM4D|KDM5A|KDM5B|KDM5C|KDM5D|KDM6B|KDM7A|KLK1|KLK10|KLK11|KLK12|KLK13|KLK14|KLK15|KLK2|KLK3|KLK4|KLK5|KLK6|KLK7|KLK8|KLKB1|LACTB2|LCN2|LPA|LTF|MASP1|MASP2|MBLAC2|MCEE|MELTF|METAP1|METAP1D|METAP2|MIOX|MOCS3|MSRB1|MST1|MT-CO1|MT-CO2|NAPEPLD|NARF|NDRG1|NEIL1|NEIL2|NIF3L1|OGFOD1|ORAI2|ORAI3|OSGEP|OSGEPL1|OVCH1|P4HB|PA2G4|PAH|PAM|PDF|PDIA2|PDIA3|PDIA4|PDIA5|PDIA6|PDILT|PEPD|PHF2|PHF8|PHYH|PHYHD1|PIPOX|PIR|PLAT|PLAU|PLG|PNKD|POLB|PPEF1|PPEF2|PPIA|PPP2CA|PPP2CB|PPP3CA|PPP3CB|PPP3CC|PPP3R1|PPP4C|PPP5C|PRKAG1|PRKAG2|PROC|PROZ|PRSS1|PRSS12|PRSS21|PRSS22|PRSS27|PRSS3|PRSS33|PRSS36|PRSS37|PRSS38|PRSS48|PRSS50|PRSS53|PRSS54|PRSS55|PRSS57|PRSS58|PRSS8|PRTN3|PRUNE1|PTER|PTGIS|RNASE3|RPE|RPE65|RRM1|RRM2|RRM2B|SLC11A2|SOD2|SQOR|ST14|TEF|TET2|TF|TFR2|TFRC|TH|TMLHE|TMPRSS11A|TMPRSS11B|TMPRSS11D|TMPRSS11E|TMPRSS11F|TMPRSS12|TMPRSS13|TMPRSS15|TMPRSS2|TMPRSS4|TMPRSS5|TMPRSS6|TMPRSS7|TMX3|TPH1|TPH2|TPSAB1|TPSD1|TPSG1|TSTD1|TXN|TXN2|TXNDC11|TXNDC16|TXNDC2|TXNDC5|TXNDC8|TXNDC9|UTY|XPNPEP1|XPNPEP2|XPNPEP3,345,AHSP|CP|EGLN1|FEN1|FTH1|FXN|HBA1|HDAC8|NEIL1|NEIL2|POLB|TF|TFRC,13,,,345,A11AA01|B03AE01|B03AE02|B03AE03|B03AE04,AHSP|CP|EGLN1|FEN1|FTH1|FXN|HBA1|HDAC8|NEIL1|NEIL2|POLB|TF|TFRC,13
XEFQLINVKFYRCS-UHFFFAOYSA-N,XEFQLINVKFYRCS,XEFQLINVKFYRCS-UHFFFAOYSA-N,DB08604,Triclosan,full_inchikey,ADORA3|ADRB2|AHR|AR|ATXN2|CASP3|CASP7|CBR1|CYP19A1|CYP1A2|CYP2C19|CYP2C9|CYP2D6|CYP3A7|DRD2|ESR1|ESRRA|GLI3|HPGD|HSP90AA1|HSPA5|HSPB1|HTR2A|NFE2L2|NR1I2|NR1I3|NSD2|PGR|PPARG|RAPGEF4|RARA|RXRA|SLC6A2|SMAD3|SYK|TP53|TPO|TTR,38,AR|NR1I2|NR1I3|PPARG|TPO,5,4.827039558912904,4.707261076682838,38,D08AE04|D09AA06,AR|NR1I2|NR1I3|PPARG|TPO,5
XEYBRNLFEZDVAW-ARSRFYASSA-N,XEYBRNLFEZDVAW,XEYBRNLFEZDVAW-ARSRFYASSA-N,DB00917,Dinoprostone,full_inchikey,ABCC4|ABCC5|ACKR3|ADORA1|ADORA2A|ADORA2B|ADRA1A|ADRA1B|ADRA1D|ADRA2A|ADRA2C|ADRB1|ADRB2|ADRB3|AGTR1|AGTR2|APLNR|AR|AVPR1A|AVPR1B|AVPR2|BDKRB1|BRS3|CATSPER1|CATSPER2|CATSPER3|CATSPER4|CCKAR|CCKBR|CCR1|CCR3|CCR4|CCR5|CCR9|CNR1|CNR2|CREB1|CXCR4|CXCR6|DRD2|DRD3|DRD4|DRD5|EDNRA|EDNRB|ESRRA|FFAR4|GALR1|GALR2|GALR3|GHSR|GLI3|GNRHR|GPR119|GPR12|GPR135|GPR139|GPR142|GPR148|GPR150|GPR151|GPR161|GPR173|GPR176|GPR19|GPR22|GPR26|GPR27|GPR3|GPR37|GPR37L1|GPR39|GPR45|GPR52|GPR6|GPR61|GPR62|GPR63|GPR65|GPR78|GPR83|GPR84|GPR85|GPR88|GRPR|HCRTR1|HCRTR2|HPGDS|HRH2|HRH3|HRH4|HTR1A|HTR1B|HTR1E|HTR1F|HTR2B|HTR2C|HTR4|HTR5A|HTR6|HTR7|KISS1R|LPAR1|LPAR2|LPAR3|LSP1|LTB4R|LTB4R2|MC1R|MC2R|MC3R|MC4R|MC5R|MCHR1|MCHR2|MLNR|NMBR|NMUR1|NMUR2|NPBWR2|NPFFR1|NPFFR2|NPSR1|NPY1R|NPY2R|NPY4R|NPY5R|NR1I2|NTSR1|NTSR2|OPN1LW|OPN1MW2|OPN1SW|OPN3|OPN4|OPN5|OPRD1|OPRK1|OPRL1|OPRM1|OXTR|PGR|PRLHR|PROKR1|PROKR2|PTGDR|PTGDR2|PTGER1|PTGER2|PTGER3|PTGER4|PTGFR|PTGIR|QRFPR|RGR|RHO|RRH|RXFP3|RXFP4|SLC22A1|SLC22A11|SLC22A2|SLC22A6|SLC22A7|SLC22A8|SLC51A|SLC51B|SLCO1A2|SLCO1B1|SLCO1C1|SLCO2A1|SLCO2B1|SLCO3A1|SLCO4A1|SSTR1|SSTR2|SSTR4|SSTR5|TAAR1|TAAR2|TAAR5|TAAR6|TAAR8|TBXA2R|TMIGD3|TRHR|TSHR|UTS2R,188,PTGDR2|PTGER1|PTGER2|PTGER3|PTGER4|PTGFR,6,7.239645089920185,7.548750709557487,188,G02AD02,PTGDR2|PTGER1|PTGER2|PTGER3|PTGER4|PTGFR,6
XJLXINKUBYWONI-NNYOXOHSSA-N,XJLXINKUBYWONI,XJLXINKUBYWONI-NNYOXOHSSA-N,DB03461,Nicotinamide adenine dinucleotide phosphate,full_inchikey,ADH1B|ADHFE1|AIFM1|AIFM3|AKR1A1|AKR1B1|AKR1B10|AKR1C1|AKR1C2|AKR1C3|AKR1C4|AKR1D1|AKR1E2|AKR7A2|AKR7A3|ALDH16A1|ALDH1A1|ALDH1A2|ALDH1A3|ALDH1B1|ALDH1L1|ALDH1L2|ALDH2|ALDH3A1|ALDH3A2|ALDH3B2|ALDH4A1|ALDH5A1|ALDH7A1|ALDH8A1|ALDH9A1|BDH2|BLVRA|BLVRB|C2ORF81|CACNA1H|CACNA1I|CATSPER4|CBR1|CBR3|CBR4|CNP|CRYZ|CRYZL1|CYGB|DCXR|DECR1|DECR2|DHDH|DHFR|DHFR2|DHRS1|DHRS11|DHRS12|DHRS13|DHRS2|DHRS4|DHRS4L2|DHRS7B|DHRS7C|DHRSX|DLD|DPYD|EDC3|FASN|FDXR|FMO1|FMO2|FMO3|FMO4|FMO5|FOXRED2|G6PD|GAPDH|GAPDHS|GATA1|GATA2|GATA3|GATA4|GATA5|GATA6|GFOD1|GFOD2|GFUS|GLYR1|GRHPR|GSR|HBA1|HBA2|HBB|HBE1|HBG1|HBG2|HBM|HBQ1|HBZ|HIBADH|HMGCR|HMOX1|HMOX2|HPGD|HSD11B1|HSD11B1L|HSD17B1|HSD17B11|HSD17B13|HSD17B14|HSD17B8|HSDL2|HTATIP2|IDH1|IDH2|IDH3A|IDH3B|IDH3G|IFFO2|IMPA1|IMPA2|KCNA1|KCNA10|KCNA2|KCNA3|KCNA4|KCNA5|KCNA6|KCNA7|KCNAB1|KCNAB2|KCNAB3|KCNB1|KCNB2|KCNC1|KCNC2|KCNC3|KCNC4|KCND1|KCND2|KCND3|KCNF1|KCNG1|KCNG2|KCNG3|KCNG4|KCNK1|KCNK10|KCNK16|KCNK17|KCNK18|KCNK2|KCNK4|KCNK5|KCNK6|KCNK7|KCNQ1|KCNQ2|KCNQ3|KCNQ4|KCNQ5|KCNS1|KCNS2|KCNS3|KCNV1|KCNV2|LDHAL6A|LDHAL6B|LDHB|LDHC|MAT2B|MB|MDH1|MDH1B|MDH2|ME1|MECR|MTHFD1|MTRR|NAXD|NAXE|NDOR1|NDUFA9|NGB|NMRAL1|NNT|NOS1|NOS2|NOS3|NQO1|NQO2|PECR|PGD|PNMA8B|POR|PTGR1|PTGR2|PTGR3|PYCR1|RDH10|RDH11|RDH12|RDH13|RDH14|RNASE1|RTN4IP1|SCN1A|SCN2A|SCN4A|SDR16C5|SORD|SPR|SQOR|STEAP2|STEAP3|STEAP4|TP53I3|TRPS1|TXNRD1|TXNRD2|TXNRD3|TYMS|TYW1|UEVLD|VAT1|VAT1L|YJEFN3|ZGLP1,225,ADH1B|AKR1A1|AKR1B1|AKR1B10|AKR1C1|AKR1C2|AKR1C3|BLVRB|CRYZ|DCXR|DECR1|DHFR|DHRS11|DHRS4L1|FDXR|G6PD|HMGCR|HSD11B1|HSD17B1|HSD17B8|IDH1|MDH1|ME1|MTHFD1|NNT|NOS1|POR|PTGR1|SPR,29,,,225,,ADH1B|AKR1A1|AKR1B1|AKR1B10|AKR1C1|AKR1C2|AKR1C3|BLVRB|CRYZ|DCXR|DECR1|DHFR|DHRS11|DHRS4L1|FDXR|G6PD|HMGCR|HSD11B1|HSD17B1|HSD17B8|IDH1|MDH1|ME1|MTHFD1|NNT|NOS1|POR|PTGR1|SPR,29
XKMLYUALXHKNFT-UUOKFMHZSA-N,XKMLYUALXHKNFT,XKMLYUALXHKNFT-UUOKFMHZSA-N,DB04137,Guanosine-5'-Triphosphate,full_inchikey,ADSS1|ARF1|CDC42|FUT9|GCH1|GLUD1|GUCY1A1|GUCY1B1|HRAS|HRH1|HRH3|KRAS|LRRK2|MTNR1B|PFKFB1|RAB5A|RAB7A|RAC1|RAP1B|RAP2A|RHEB|RHOA|RND3|SOS1|TGM2|UCKL1,26,ADSS1|ARF1|GCH1|GLUD1|HRAS|PFKFB1|RAB5A|RAP2A|RHEB|RND3|UCKL1,11,5.3362361374194744,5.3362361374194744,26,,ADSS1|ARF1|GCH1|GLUD1|HRAS|PFKFB1|RAB5A|RAP2A|RHEB|RND3|UCKL1,11
XMAYWYJOQHXEEK-UHFFFAOYSA-N,XMAYWYJOQHXEEK,XMAYWYJOQHXEEK-UHFFFAOYSA-N,DB01026,Ketoconazole,full_inchikey,ABCB1|ABCB11|ABCC3|ABCC4|ALB|AR|CYP11A1|CYP11B1|CYP11B2|CYP17A1|CYP19A1|CYP1A1|CYP1A2|CYP1B1|CYP20A1|CYP21A2|CYP24A1|CYP26A1|CYP26B1|CYP27A1|CYP27B1|CYP27C1|CYP2A13|CYP2A6|CYP2A7|CYP2B6|CYP2C18|CYP2C19|CYP2C8|CYP2C9|CYP2D6|CYP2E1|CYP2F1|CYP2J2|CYP2R1|CYP2S1|CYP2U1|CYP2W1|CYP39A1|CYP3A4|CYP3A43|CYP3A5|CYP3A7|CYP46A1|CYP4A11|CYP4A22|CYP4B1|CYP4F11|CYP4F12|CYP4F2|CYP4F22|CYP4F3|CYP4V2|CYP4X1|CYP4Z1|CYP51A1|CYP7A1|CYP7B1|CYP8B1|GNRHR|IDO1|KCNA10|KCNH2|NR1H2|NR1I2|NR1I3|PTGIS|RARB|SHBG|SLC22A1|SLC6A4|SLCO1B1|UGT1A1|UGT1A7|UGT2B7,75,AR|CYP17A1|CYP21A2|KCNH2|NR1I2|NR1I3,6,5.7596795997594965,5.573003710738779,75,D01AC08|G01AF11|G01AF20|H02CA03|J02AB02,AR|CYP17A1|CYP21A2|KCNH2|NR1I2|NR1I3,6
XMAYWYJOQHXEEK-ZEQKJWHPSA-N,XMAYWYJOQHXEEK,XMAYWYJOQHXEEK-ZEQKJWHPSA-N,DB05667,Levoketoconazole,full_inchikey,ABCB1|ABCB11|ADRA2A|ADRA2B|AR|ATF1|CD247|CD28|CD3D|CD3E|CD3G|CHRM2|CREB1|CYP11A1|CYP11B1|CYP11B2|CYP17A1|CYP19A1|CYP1A1|CYP1A2|CYP20A1|CYP21A2|CYP24A1|CYP26A1|CYP26B1|CYP27A1|CYP27B1|CYP27C1|CYP2A13|CYP2A6|CYP2A7|CYP2B6|CYP2C18|CYP2C19|CYP2C8|CYP2C9|CYP2E1|CYP2F1|CYP2J2|CYP2R1|CYP2S1|CYP2U1|CYP2W1|CYP39A1|CYP3A4|CYP3A43|CYP3A5|CYP3A7|CYP46A1|CYP4A11|CYP4A22|CYP4B1|CYP4F11|CYP4F12|CYP4F2|CYP4F22|CYP4F3|CYP4V2|CYP4X1|CYP4Z1|CYP51A1|CYP7A1|CYP7B1|CYP8B1|GNRHR|HRH2|HSP90AA1|IDO1|KCNH2|MDH1|NCOA1|NCOR2|NR1H4|NR1I2|NR1I3|NR3C1|OPRD1|PTGIS|SLC10A1|SLC22A2|SLC47A1|SLC6A2|SLC6A3|SLC6A4|SNCA|TACR2|TBXAS1|UGT1A1|VDR,89,CYP11A1|CYP11B1|CYP11B2|CYP17A1|CYP51A1,5,5.3772768821076475,5.119309501476868,89,H02CA04,CYP11A1|CYP11B1|CYP11B2|CYP17A1|CYP51A1,5
XNGIFLGASWRNHJ-UHFFFAOYSA-N,XNGIFLGASWRNHJ,XNGIFLGASWRNHJ-UHFFFAOYSA-N,DB02746,Phthalic Acid,full_inchikey,CYP2C19|ESR1|ESR2|LCK|PGR|PPARA|PPARD|PPARG|QPRT|RXRA|RXRB|RXRG|SLCO2B1,13,ESR1|ESR2|PGR|PPARA|PPARD|PPARG|RXRA|RXRB|RXRG,9,3.5772168044348907,3.5772168044348907,13,,ESR1|ESR2|PGR|PPARA|PPARD|PPARG|RXRA|RXRB|RXRG,9
XOAAWQZATWQOTB-UHFFFAOYSA-N,XOAAWQZATWQOTB,XOAAWQZATWQOTB-UHFFFAOYSA-N,DB01956,Taurine,full_inchikey,AHR|BAAT|BBOX1|CYP2C9|ESRRA|GABBR1|GABRA1|GLRA1|GLRA2|GLRA3|GLRB|GRIN2B|JUN|NEU1|NFE2L2|POLA1|POLD1|POLE|RARA|REV3L|SLC15A1|SLC36A1|SLC6A6|TGM6|TMLHE,25,GABBR1|GABRA1|GLRA1|GLRA2|GLRA3|GLRB|GRIN2B,7,4.408963925630871,4.664574096599612,25,,GABBR1|GABRA1|GLRA1|GLRA2|GLRA3|GLRB|GRIN2B,7
XUJNEKJLAYXESH-REOHCLBHSA-N,XUJNEKJLAYXESH,XUJNEKJLAYXESH-REOHCLBHSA-N,DB00151,Cysteine,full_inchikey,ABHD14A-ACY1|ACLY|ACY1|CARS1|CARS2|CBS|CD200|CD200R1|CD200R1L|CDO1|CIAO3|CNDP1|CNDP2|CS|CSAD|CTH|EPX|F8|FCGRT|GCLC|GCLM|GOT1|GOT2|GSS|HAL|HLA-A|HLA-B|HLA-C|HLA-F|HLA-G|IL6R|IQCB1|KIF11|LEPR|LPO|LYZ|MCEE|MGMT|MIOX|MPO|MR1|MYH1|MYH10|MYH11|MYH13|MYH15|MYH2|MYH4|MYH7|MYH7B|MYH8|MYH9|MYO10|MYO16|MYO18A|MYO18B|MYO1A|MYO1B|MYO1D|MYO1E|MYO1G|MYO1H|MYO3B|MYO5A|MYO5B|MYO5C|MYO6|MYO7A|MYO7B|MYO9A|MYO9B|NARF|NFS1|PM20D1|PTGS1|PTGS2|PXDN|PXDNL|RASIP1|SCLY|SERPINA1|SERPINA6|SIGLEC7|SLC16A10|SLC1A1|SLC1A3|SLC36A1|SLC7A11|SOD1|TPO|TUFM|XDH,92,CARS1|CARS2|CBS|CDO1|CSAD|CTH|GCLC|GCLM|GOT1|GOT2|GSS|MGMT|NFS1,13,3.777318720963641,4.131563333043646,92,,CARS1|CARS2|CBS|CDO1|CSAD|CTH|GCLC|GCLM|GOT1|GOT2|GSS|MGMT|NFS1,13
YASAKCUCGLMORW-UHFFFAOYSA-N,YASAKCUCGLMORW,YASAKCUCGLMORW-UHFFFAOYSA-N,DB00412,Rosiglitazone,full_inchikey,ABCB11|ABCC3|ABCC4|ACSL4|ADRA2A|ALB|CA2|CISD1|CISD2|CPT1A|CPT1B|CPT2|CYP1A2|CYP2B6|CYP2C8|CYP2C9|CYP2D6|CYP2E1|CYP3A4|CYP3A7|FFAR1|KCNH2|MAOA|MAOB|MPC1|MPC2|NCOA2|PPARA|PPARD|PPARG|PTGS1|PTPN1|RXRA|RXRB|RXRG|SLC10A1|SLCO1B1|SYK|TBXAS1|TRHR|TRPC5,41,ACSL4|PPARA|PPARD|PPARG|RXRA|RXRB|RXRG,7,5.333575790694516,5.381597720198082,41,A10BD03|A10BD04|A10BG02,ACSL4|PPARA|PPARD|PPARG|RXRA|RXRB|RXRG,7
YBJHBAHKTGYVGT-ZKWXMUAHSA-N,YBJHBAHKTGYVGT,YBJHBAHKTGYVGT-ZKWXMUAHSA-N,DB00121,Biotin,full_inchikey,ABL1|ACACA|ACACB|CARNS1|CYP1A2|CYP1B1|CYP2C19|DMC1|HLCS|IDE|MCCC1|MCCC2|MRPL11|MRPL13|MRPL15|MRPL16|MRPL2|MRPL22|MRPL24|MRPL3|MRPL4|MRTO4|NHP2|PC|PCCA|PCCB|RAD51|RAD51B|RAD51C|RAD51D|RIN1|RPL10|RPL10L|RPL11|RPL12|RPL13A|RPL15|RPL17|RPL18|RPL19|RPL21|RPL23|RPL23A|RPL24|RPL26L1|RPL27A|RPL3|RPL31|RPL32|RPL35|RPL36A|RPL36A-HNRNPH2|RPL36AL|RPL37A|RPL39|RPL39L|RPL3L|RPL4|RPL5|RPL7|RPL7A|RPL7L1|RPL8|RPL9|RPLP0|RPP38|RPRD1B|RPS12|RSL24D1|RSRC1|SCAF8|SLC5A6|SLC5A8|SNU13|TRIM24|XRCC3,76,ACACA|ACACB|HLCS|MCCC1|MCCC2|PC|PCCA|PCCB,8,6.449301329486173,5.615657059115336,76,A11HA05,ACACA|ACACB|HLCS|MCCC1|MCCC2|PC|PCCA|PCCB,8
YGSDEFSMJLZEOE-UHFFFAOYSA-N,YGSDEFSMJLZEOE,YGSDEFSMJLZEOE-UHFFFAOYSA-N,DB00936,Salicylic acid,full_inchikey,ABCB11|ACHE|AKR1B1|AKR1C1|ALB|AOX1|APP|CA1|CA12|CA14|CA2|CA3|CA4|CA5A|CA5B|CA6|CA7|CA9|CTH|CYP2C9|FECH|GHDC|HMGB1|MMP3|NAPRT|PTGS1|PTGS2|PTPN1|SLC16A1|SLC22A10|SLC22A11|SLC22A6|SLC22A7|SLC22A8|SLCO2B1|UBLCP1|XDH,37,AKR1C1|CA1|CA12|CA2|CA4|CA6|PTGS1|PTGS2,8,4.030750052450606,4.094920527630373,37,D01AE12|G04BX17|N02BA04|N02BA12|S01BC08,AKR1C1|CA1|CA12|CA2|CA4|CA6|PTGS1|PTGS2,8
YPZRWBKMTBYPTK-BJDJZHNGSA-N,YPZRWBKMTBYPTK,YPZRWBKMTBYPTK-BJDJZHNGSA-N,DB03310,Glutathione disulfide,full_inchikey,ABCB6|ABCB7|ABCC1|AR|EEF1E1|EEF1G|EHMT1|ESR1|GSR|GSTA1|GSTM2|GSTO1|GSTT2B|GSTZ1|MARS1|MGST1|VARS1,17,GPX5|GSR|GSTA1|GSTM2|MGST1,5,5.546680011547886,5.194946723749196,17,,GPX5|GSR|GSTA1|GSTM2|MGST1,5
ZAKOWWREFLAJOT-CEFNRUSXSA-N,ZAKOWWREFLAJOT,ZAKOWWREFLAJOT-CEFNRUSXSA-N,DB14002,D-alpha-Tocopherol acetate,full_inchikey,ALOX5|AR|GCLC|GLI3|GSTA2|GSTM3|GSTO1|GSTP1|HMOX1|NQO1|NR1I2|PDE4A|PRKCA|PRKCB|SEC14L2|SEC14L3|SOD1|TTPA,18,ALOX5|NR1I2|PRKCA|PRKCB|SEC14L2|SEC14L3,6,4.800537459830383,5.02782031226365,18,,ALOX5|NR1I2|PRKCA|PRKCB|SEC14L2|SEC14L3,6
ZCVAOQKBXKSDMS-UHFFFAOYSA-N,ZCVAOQKBXKSDMS,ZCVAOQKBXKSDMS-UHFFFAOYSA-N,DB13746,Bioallethrin,full_inchikey,AR|ATXN2|CYP19A1|CYP1A2|CYP2C19|CYP2C9|CYP2D6|CYP3A4|CYP3A7|DRD2|ESR1|ESRRA|GLI3|HSPB1|JUN|KCNH2|NFE2L2|NR1I2|NSD2|RARA|SYK|TSHR,22,CACNA1A|CACNA1C|CACNA1G|CACNG1|SCN1A,5,4.718825426894001,4.636454984307112,22,P03AC02|P03AC52,CACNA1A|CACNA1C|CACNA1G|CACNG1|SCN1A,5
ZFXYFBGIUFBOJW-UHFFFAOYSA-N,ZFXYFBGIUFBOJW,ZFXYFBGIUFBOJW-UHFFFAOYSA-N,DB00277,Theophylline,full_inchikey,ABCC3|ABCC4|ADA|ADORA1|ADORA2A|ADORA2B|ADORA3|ADRB1|ADRB2|ADRB3|ALPI|ALPL|BRS3|CHI3L1|CHI3L2|CHIA|CHIT1|CNR1|CPNE1|CYP1A1|CYP1A2|CYP1B1|CYP2D6|CYP2E1|CYP3A4|DRD2|DRD4|DRD5|EDC3|ESR1|GRPR|HDAC2|HM13|HRH2|HTR7|KCNK2|LTB4R|LTB4R2|NAXE|NMBR|NOMO1|NT5E|OVGP1|P2RY1|P2RY11|PARP1|PDE1B|PDE2A|PDE3A|PDE3B|PDE4A|PDE4B|PDE4C|PDE4D|PDE5A|PDE7A|PDXK|PIK3CA|PIK3CB|PIK3CD|PIK3CG|PLAA|PTGIR|RARA|RHO|RIC3|RXRA|SLC22A7|TMIGD3|TTLL3|YJEFN3,71,ADORA1|ADORA2A|ADORA2B|CPNE1|HDAC2|HM13|NOMO1|NT5E|PARP1|PDE3A|PDE4A|PDE4B|PDE5A|RIC3|TTLL3,15,4.381372821587075,4.3693040358200665,71,R03DA04|R03DA20|R03DA54|R03DA74|R03DB04,ADORA1|ADORA2A|ADORA2B|CPNE1|HDAC2|HM13|NOMO1|NT5E|PARP1|PDE3A|PDE4A|PDE4B|PDE5A|RIC3|TTLL3,15
ZGUGWUXLJSTTMA-UHFFFAOYSA-N,ZGUGWUXLJSTTMA,ZGUGWUXLJSTTMA-UHFFFAOYSA-N,DB00420,Promazine,full_inchikey,ACKR3|ADORA1|ADORA2A|ADORA2B|ADRA1A|ADRA1B|ADRA1D|ADRA2A|ADRA2B|ADRA2C|ADRB1|ADRB2|ADRB3|AGTR1|AGTR2|APLNR|AVPR1A|AVPR1B|AVPR2|BDKRB1|BRS3|CCKAR|CCKBR|CCR1|CCR3|CCR4|CCR5|CCR9|CHRM1|CHRM2|CHRM3|CHRM4|CHRM5|CNR1|CNR2|CXCR4|CXCR6|CYP1A2|CYP2C19|CYP2C9|CYP2D6|CYP3A4|DRD1|DRD2|DRD3|DRD4|DRD5|EDNRA|EDNRB|FFAR4|GALR1|GALR2|GALR3|GHSR|GNRHR|GPR119|GPR12|GPR135|GPR139|GPR142|GPR148|GPR150|GPR151|GPR161|GPR173|GPR176|GPR19|GPR22|GPR26|GPR27|GPR3|GPR37|GPR37L1|GPR39|GPR45|GPR52|GPR6|GPR61|GPR62|GPR63|GPR65|GPR78|GPR83|GPR84|GPR85|GPR88|GRPR|GSTP1|HCRTR1|HCRTR2|HIF1A|HRH1|HRH2|HRH3|HRH4|HTR1A|HTR1B|HTR1E|HTR1F|HTR2A|HTR2B|HTR2C|HTR4|HTR5A|HTR6|HTR7|KCNH2|KDM1A|KISS1R|LPAR1|LPAR2|LPAR3|LSP1|LTB4R|LTB4R2|MC1R|MC2R|MC3R|MC4R|MC5R|MCHR1|MCHR2|MLNR|NMBR|NMUR1|NMUR2|NOX1|NPBWR2|NPFFR1|NPFFR2|NPSR1|NPY1R|NPY2R|NPY4R|NPY5R|NTSR1|NTSR2|OPN1LW|OPN1MW2|OPN1SW|OPN3|OPN4|OPN5|OPRD1|OPRK1|OPRL1|OPRM1|OXTR|PRLHR|PRNP|PROKR1|PROKR2|PTGDR|PTGER1|PTGER2|PTGER3|PTGER4|PTGFR|PTGIR|QRFPR|RGR|RHO|RRH|RXFP3|RXFP4|SCN1A|SCN2A|SCN3A|SIGMAR1|SLC22A1|SLC6A2|SLC6A4|SSTR1|SSTR2|SSTR4|SSTR5|TAAR1|TAAR2|TAAR5|TAAR6|TAAR8|TBXA2R|TMIGD3|TRHR|UTS2R,185,ADRA1A|CHRM1|CHRM5|DRD2|HRH1|HTR2A|HTR2C,7,6.23057322605243,6.263706747187616,185,N05AA03,ADRA1A|CHRM1|CHRM5|DRD2|HRH1|HTR2A|HTR2C,7
ZJUKTBDSGOFHSH-WFMPWKQPSA-N,ZJUKTBDSGOFHSH,ZJUKTBDSGOFHSH-WFMPWKQPSA-N,DB01752,S-adenosyl-L-homocysteine,full_inchikey,AEBP2|ALKBH8|ANTKMT|ASH2L|ATMIN|BCL11A|BCL11B|BCL6|BCL6B|BHMT|BHMT2|CAMKMT|CARM1|COMT|COMTD1|COQ3|CTCF|CTCFL|DIMT1|DNMT1|DNMT3A|DNMT3B|DNMT3L|DOT1L|DPH5|DPY30|E4F1|EEF1AKMT3|EEF1AKMT4-ECE2|EGR1|EGR2|EGR3|EGR4|EHMT1|EHMT2|EZH1|EZH2|FASN|FBL|FEZF1|FEZF2|FIZ1|GAMT|GFI1|GFI1B|GLI1|GLI2|GLI3|GLI4|GLIS1|GLIS2|GLIS3|GNMT|GTF3A|GZF1|HEMK1|HEMK2|HENMT1|HIC1|HIC2|HIVEP1|HIVEP2|HNMT|ICMT|IKZF1|IKZF2|IKZF3|IKZF4|IKZF5|INMT|KLF1|KLF10|KLF11|KLF13|KLF15|KLF16|KLF17|KLF2|KLF3|KLF4|KLF5|KLF6|KLF7|KLF8|KLF9|KMT2A|KMT5B|KMT5C|KRBOX1|KRBOX4|KRBOX5|LCMT1|LIAS|LRTOMT|MAZ|MECOM|METTL1|METTL15|METTL16|METTL21A|METTL21C|METTL27|METTL3|METTL5|MRPL11|MTF1|MTR|MTRF1|MTRF1L|MTRFR|MYNN|MZF1|NACC1|NACC2|NDUFAF5|NHP2|NKRF|NNMT|NOP56|NOP58|NSD2|NTMT1|OSR1|OSR2|PATZ1|PCMT1|PEG3|PLAG1|PLAGL1|PLAGL2|PNMT|POGZ|PRDM10|PRDM13|PRDM14|PRDM15|PRDM16|PRDM4|PRDM5|PRDM6|PRDM8|PRDM9|PRMT1|PRMT3|PRMT5|PRMT6|PRMT7|PRMT8|PRPF31|RBAK|RBBP5|REPIN1|REST|RLF|RNMT|RPL12|RPL7A|RPP38|RPS12|RREB1|RRP8|RSRC1|SCAND1|SCAND3|SCGB2B2|SETD2|SETD7|SETDB1|SETMAR|SMYD2|SNU13|SP1|SP2|SP3|SP4|SP5|SP6|SP7|SP8|SP9|SUV39H1|SUV39H2|TARBP1|TFB1M|TFB2M|TGS1|THUMPD2|THUMPD3|TPMT|TRDMT1|TRMT1|TRMT10A|TRMT1L|TRMT2A|TRMT2B|TRMT61A|TRMT61B|TRMT9B|UHRF2|VEZF1|WDR5|WDR77|WIZ|WT1|YY1|YY2|ZBTB10|ZBTB11|ZBTB12|ZBTB14|ZBTB16|ZBTB17|ZBTB18|ZBTB2|ZBTB20|ZBTB21|ZBTB24|ZBTB26|ZBTB3|ZBTB32|ZBTB33|ZBTB37|ZBTB38|ZBTB39|ZBTB4|ZBTB40|ZBTB41|ZBTB42|ZBTB43|ZBTB44|ZBTB45|ZBTB46|ZBTB47|ZBTB48|ZBTB49|ZBTB5|ZBTB6|ZBTB7A|ZBTB7B|ZBTB8A|ZBTB9|ZFAT|ZFP1|ZFP14|ZFP2|ZFP28|ZFP3|ZFP30|ZFP37|ZFP41|ZFP42|ZFP57|ZFP62|ZFP64|ZFP69|ZFP69B|ZFP82|ZFP90|ZFP91|ZFP92|ZFPM1|ZFPM2|ZFX|ZFY|ZIC1|ZIC2|ZIC3|ZIC4|ZIC5|ZIK1|ZIM3|ZKSCAN1|ZKSCAN2|ZKSCAN3|ZKSCAN4|ZKSCAN5|ZKSCAN7|ZKSCAN8|ZNF10|ZNF100|ZNF101|ZNF106|ZNF107|ZNF112|ZNF114|ZNF117|ZNF12|ZNF121|ZNF124|ZNF131|ZNF132|ZNF133|ZNF134|ZNF135|ZNF136|ZNF138|ZNF14|ZNF140|ZNF141|ZNF142|ZNF143|ZNF146|ZNF148|ZNF154|ZNF155|ZNF157|ZNF16|ZNF160|ZNF165|ZNF169|ZNF17|ZNF174|ZNF175|ZNF18|ZNF180|ZNF181|ZNF184|ZNF189|ZNF19|ZNF195|ZNF197|ZNF20|ZNF200|ZNF202|ZNF205|ZNF208|ZNF211|ZNF212|ZNF213|ZNF214|ZNF215|ZNF217|ZNF219|ZNF22|ZNF221|ZNF222|ZNF223|ZNF224|ZNF225|ZNF226|ZNF227|ZNF23|ZNF230|ZNF232|ZNF233|ZNF234|ZNF235|ZNF236|ZNF239|ZNF24|ZNF248|ZNF25|ZNF250|ZNF251|ZNF253|ZNF254|ZNF256|ZNF257|ZNF26|ZNF260|ZNF263|ZNF264|ZNF267|ZNF268|ZNF273|ZNF274|ZNF276|ZNF28|ZNF280A|ZNF280C|ZNF280D|ZNF281|ZNF283|ZNF284|ZNF286A|ZNF287|ZNF292|ZNF296|ZNF3|ZNF30|ZNF300|ZNF302|ZNF304|ZNF311|ZNF317|ZNF319|ZNF32|ZNF320|ZNF322|ZNF324|ZNF324B|ZNF329|ZNF331|ZNF333|ZNF334|ZNF335|ZNF337|ZNF33A|ZNF33B|ZNF34|ZNF341|ZNF343|ZNF345|ZNF347|ZNF35|ZNF350|ZNF354A|ZNF354B|ZNF354C|ZNF362|ZNF366|ZNF367|ZNF37A|ZNF382|ZNF383|ZNF384|ZNF391|ZNF394|ZNF396|ZNF397|ZNF398|ZNF404|ZNF407|ZNF408|ZNF41|ZNF410|ZNF414|ZNF415|ZNF416|ZNF417|ZNF418|ZNF419|ZNF420|ZNF425|ZNF426|ZNF429|ZNF43|ZNF430|ZNF431|ZNF432|ZNF433|ZNF436|ZNF438|ZNF439|ZNF44|ZNF440|ZNF441|ZNF442|ZNF443|ZNF444|ZNF445|ZNF446|ZNF449|ZNF45|ZNF454|ZNF460|ZNF461|ZNF462|ZNF467|ZNF468|ZNF469|ZNF470|ZNF471|ZNF473|ZNF479|ZNF48|ZNF480|ZNF483|ZNF484|ZNF485|ZNF486|ZNF490|ZNF491|ZNF492|ZNF493|ZNF496|ZNF497|ZNF500|ZNF501|ZNF502|ZNF507|ZNF510|ZNF512|ZNF513|ZNF514|ZNF516|ZNF517|ZNF518B|ZNF519|ZNF521|ZNF524|ZNF525|ZNF526|ZNF527|ZNF528|ZNF529|ZNF530|ZNF532|ZNF534|ZNF536|ZNF540|ZNF543|ZNF544|ZNF546|ZNF547|ZNF548|ZNF549|ZNF550|ZNF551|ZNF552|ZNF554|ZNF555|ZNF556|ZNF557|ZNF558|ZNF559|ZNF560|ZNF561|ZNF562|ZNF563|ZNF564|ZNF565|ZNF566|ZNF567|ZNF568|ZNF569|ZNF57|ZNF570|ZNF572|ZNF573|ZNF574|ZNF575|ZNF576|ZNF577|ZNF578|ZNF579|ZNF580|ZNF581|ZNF582|ZNF583|ZNF584|ZNF585A|ZNF585B|ZNF586|ZNF587|ZNF587B|ZNF589|ZNF592|ZNF594|ZNF596|ZNF597|ZNF599|ZNF600|ZNF605|ZNF606|ZNF607|ZNF610|ZNF611|ZNF613|ZNF614|ZNF615|ZNF616|ZNF619|ZNF620|ZNF621|ZNF624|ZNF625|ZNF626|ZNF627|ZNF629|ZNF630|ZNF639|ZNF641|ZNF644|ZNF646|ZNF648|ZNF649|ZNF652|ZNF653|ZNF655|ZNF66|ZNF660|ZNF662|ZNF664|ZNF665|ZNF667|ZNF668|ZNF669|ZNF670|ZNF671|ZNF672|ZNF674|ZNF675|ZNF676|ZNF677|ZNF678|ZNF679|ZNF680|ZNF681|ZNF682|ZNF684|ZNF687|ZNF688|ZNF689|ZNF69|ZNF692|ZNF695|ZNF696|ZNF697|ZNF699|ZNF70|ZNF700|ZNF701|ZNF705A|ZNF705B|ZNF705D|ZNF705G|ZNF707|ZNF708|ZNF709|ZNF71|ZNF710|ZNF711|ZNF713|ZNF716|ZNF721|ZNF724|ZNF728|ZNF729|ZNF732|ZNF736|ZNF737|ZNF738|ZNF740|ZNF746|ZNF747|ZNF749|ZNF75A|ZNF75D|ZNF76|ZNF763|ZNF764|ZNF765|ZNF766|ZNF768|ZNF77|ZNF770|ZNF771|ZNF772|ZNF773|ZNF774|ZNF775|ZNF776|ZNF777|ZNF778|ZNF780A|ZNF780B|ZNF782|ZNF783|ZNF784|ZNF785|ZNF786|ZNF789|ZNF79|ZNF790|ZNF791|ZNF792|ZNF793|ZNF799|ZNF80|ZNF800|ZNF805|ZNF808|ZNF81|ZNF813|ZNF814|ZNF816|ZNF816-ZNF321P|ZNF823|ZNF827|ZNF829|ZNF83|ZNF831|ZNF835|ZNF837|ZNF84|ZNF841|ZNF843|ZNF844|ZNF845|ZNF846|ZNF85|ZNF850|ZNF852|ZNF853|ZNF860|ZNF862|ZNF865|ZNF875|ZNF878|ZNF879|ZNF880|ZNF90|ZNF91|ZNF92|ZNF93|ZNF98|ZSCAN1|ZSCAN10|ZSCAN12|ZSCAN16|ZSCAN18|ZSCAN2|ZSCAN21|ZSCAN22|ZSCAN23|ZSCAN29|ZSCAN30|ZSCAN31|ZSCAN32|ZSCAN4|ZSCAN5A|ZSCAN9|ZXDA|ZXDB|ZXDC,726,COMTD1|DNMT3B|DPH5|GAMT|GNMT|HNMT|PCMT1|PNMT|PRMT1|PRMT3|SETD7|TRDMT1,12,5.602608595223664,5.79167749753269,726,,COMTD1|DNMT3B|DPH5|GAMT|GNMT|HNMT|PCMT1|PNMT|PRMT1|PRMT3|SETD7|TRDMT1,12
ZKHQWZAMYRWXGA-KQYNXXCUSA-N,ZKHQWZAMYRWXGA,ZKHQWZAMYRWXGA-KQYNXXCUSA-N,DB00171,ATP,full_inchikey,AARS1|AARS2|ABCA1|ABCB1|ABCB10|ABCB11|ABCB4|ABCB5|ABCB6|ABCB8|ABCB9|ABCC1|ABCC10|ABCC11|ABCC12|ABCC2|ABCC3|ABCC4|ABCC5|ABCC6|ABCC8|ABCC9|ABCE1|ABCG1|ABL1|ABL2|ACACB|ACAD10|ACAD11|ACSF2|ACSF3|ACSL1|ACSM2A|ACSS1|ACSS2|ACTA1|ACTA2|ACTBL2|ACTC1|ACTG2|ACTL6A|ACTL6B|ACTL7A|ACTL7B|ACTL8|ACTL9|ACTR10|ACTR1A|ACTR1B|ACTR2|ACTR3|ACTR3B|ACTR3C|ACTR8|ACTRT1|ACTRT2|ACTRT3|ACVR1|ACVR1B|ACVRL1|ADCY1|ADCY10|ADCY2|ADCY3|ADCY4|ADCY5|ADCY6|ADCY7|ADCY8|ADCY9|ADGRA1|ADGRA2|ADGRA3|ADK|AFG3L2|AGO2|AIFM1|AIFM3|AK1|AK2|AK3|AK4|AK5|AK7|AK8|AK9|AKT1|ALK|AMHR2|ANKRD45|APAF1|ARAF|ARPC1A|ARPC2|ARPC3|ARPC4|ARPC4-TTLL3|ARPC5|ARPC5L|ASNS|ASNSD1|ASPN|ASS1|ATG7|ATP10A|ATP11B|ATP11C|ATP12A|ATP13A1|ATP1A1|ATP1A2|ATP1A4|ATP2A1|ATP2A2|ATP2A3|ATP2C2|ATP4A|ATP5F1A|ATP5F1B|ATP5F1C|ATP5F1D|ATP5F1E|ATP5IF1|ATP5MC1|ATP5MC2|ATP5MC3|ATP5PB|ATP5PD|ATP5PF|ATP5PO|ATP6V0B|ATP6V0C|ATP6V1B1|ATP6V1B2|ATP7A|ATP7B|ATP8B2|ATP8B4|ATR|AURKA|AVIL|BCL2|BCL2A1|BCL2L1|BCL2L14|BCL2L2-PABPN1|BGN|BOK|BOLA2-SMG1P6|BRSK1|BRSK2|BTD|BUB1|CAB39|CAD|CAMK1|CAPG|CARNS1|CCNA2|CCNE2|CCNT1|CCT2|CCT3|CCT4|CCT5|CCT7|CD180|CDC34|CDK15|CDK2|CDK7|CDK9|CDKN3|CEP97|CFTR|CGAS|CHAD|CHADL|CISD1|CLCN5|CLP1|CLYBL|CMPK1|CNOT6|COASY|CPN2|CPS1|CSNK1G1|CSNK1G2|CSNK1G3|CSNK2A1|CSNK2A2|CSNK2B|CTU1|CYCS|DAO|DAPK1|DAPK2|DAPK3|DARS1|DCAKD|DCN|DCP2|DDO|DHDH|DIP2A|DIP2B|DIP2C|DKC1|DLAT|DMC1|DMGDH|DNAAF11|DNAL1|DNASE1|DNASE1L1|DNASE1L2|DPH6|DTYMK|ECM2|EDC3|EIF2AK4|EPRS1|EPYC|ERBIN|ETF1|FAAH|FAAH2|FAU|FBXW7|FICD|FLAD1|FLII|FLRT1|FLRT3|FMNL1|FMNL2|FMNL3|FMOD|GABARAP|GABARAPL1|GABARAPL2|GALK1|GALK2|GAR1|GARS1|GART|GATB|GC|GET3|GET4|GFOD1|GFOD2|GFUS|GK|GMFB|GMFG|GMPR|GMPR2|GNAL|GNAS|GP1BA|GP1BB|GP9|GPR17|GRK1|GRK2|GRK3|GRK4|GRK5|GRK6|GRK7|GSN|GSPT1|GUCY1A1|GUCY1A2|GUCY1B1|GUCY2C|GUCY2D|GUCY2F|HARS1|HARS2|HLCS|HSD3B1|HSD3B2|HSD3B7|HSP90AA1|HSP90AB1|HSP90B1|HSPA12A|HSPA12B|HSPA13|HSPA14|HSPA1A|HSPA1B|HSPA1L|HSPA2|HSPA4|HSPA4L|HSPA5|HSPA6|HSPA8|HSPA9|HSPD1|HSPH1|HTRA1|HTRA2|HTRA3|HTRA4|IDE|IDH1|IDH2|IDNK|IFIT5|IGFALS|ILF2|ILK|IMPDH1|IMPDH2|INSR|IP6K1|IP6K2|IPMK|IQCB1|ISLR|ISLR2|ITPKA|ITPKB|ITPKC|JAK2|KARS1|KERA|KIFC1|KSR2|KTI12|LGR4|LGR5|LGR6|LIG1|LIG3|LINGO1|LINGO4|LRCH1|LRCH2|LRCH3|LRCH4|LRFN1|LRFN2|LRFN3|LRFN4|LRFN5|LRG1|LRGUK|LRIG1|LRIG2|LRIG3|LRIT2|LRMDA|LRR1|LRRC1|LRRC10|LRRC10B|LRRC17|LRRC18|LRRC19|LRRC2|LRRC23|LRRC24|LRRC26|LRRC28|LRRC3|LRRC30|LRRC32|LRRC38|LRRC39|LRRC3B|LRRC3C|LRRC4|LRRC40|LRRC43|LRRC46|LRRC47|LRRC49|LRRC4B|LRRC4C|LRRC52|LRRC53|LRRC55|LRRC56|LRRC57|LRRC58|LRRC61|LRRC63|LRRC66|LRRC69|LRRC70|LRRC8A|LRRC8B|LRRC8C|LRRC8D|LRRC8E|LRRC9|LRRCC1|LRRD1|LRRIQ1|LRRIQ3|LRRIQ4|LRRK1|LRRK2|LRRN1|LRRN2|LRRN3|LRRN4|LRRTM1|LRRTM2|LRRTM3|LRRTM4|LRSAM1|LRTM1|LRTM2|LRWD1|LUM|MAP1LC3A|MAP1LC3B|MAP1LC3C|MAP2K1|MAP2K2|MAP3K7|MAPK1|MAPK11|MAPK12|MAPK13|MAPK14|MAPK15|MAPK3|MAPK4|MAPK6|MAPK7|MAPKAPK2|MARK1|MARK2|MARK3|MARK4|MAT2A|MCL1|ME2|MED26|MET|MFHAS1|MKKS|MLH1|MMAB|MOCS3|MRPL11|MRPL39|MRPS11|MRTFA|MRTFB|MRTO4|MS4A13|MSH2|MSH3|MSH4|MSH5|MSH6|MTFMT|MTOR|MTPAP|MVK|MXRA5|MYH1|MYH10|MYH11|MYH13|MYH15|MYH2|MYH4|MYH7|MYH7B|MYH8|MYH9|MYO10|MYO16|MYO18A|MYO18B|MYO1A|MYO1B|MYO1D|MYO1E|MYO1G|MYO1H|MYO3B|MYO5A|MYO5B|MYO5C|MYO6|MYO7A|MYO7B|MYO9A|MYO9B|NADSYN1|NAE1|NAGS|NARS1|NARS2|NAXD|NAXE|NDUFAB1|NEDD8|NHP2|NIT1|NIT2|NME1|NME1-NME2|NME2|NME3|NME4|NME5|NME6|NME7|NME8|NMNAT1|NMNAT2|NMNAT3|NOP10|NPR1|NPR2|NPR3|NRDC|NRROS|NSDHL|NT5C2|NT5E|NUDT1|NUDT10|NUDT11|NUDT14|NUDT5|NUDT7|NUDT8|NYX|OGN|OMD|OMG|OPTC|OSGEP|OSGEPL1|P2RX1|P2RX2|P2RX3|P2RX4|P2RX5|P2RX6|P2RX7|P2RY1|P2RY11|P2RY12|P2RY13|P2RY2|P2RY4|P2RY6|PAICS|PAK3|PAPOLA|PAPOLB|PAPOLG|PARS2|PARVA|PC|PDE4D|PDK2|PDPK1|PDXK|PELO|PFAS|PFKL|PFKM|PFKP|PFN1|PGK1|PGK2|PHACTR1|PHACTR2|PHKG1|PHKG2|PHLPP1|PIK3C2A|PIK3C2B|PIK3C3|PIK3CA|PIK3CD|PIK3CG|PIKFYVE|PIPOX|PKM|PODN|PODNL1|POLB|POLI|POLK|POLR1A|POLR1B|POLR1D|POLR1H|POLR2B|POLR2C|POLR2E|POLR2F|POLR2I|POLR2J|POLR2J3|POLR2K|POLR2L|POLR3A|POLR3B|POLR3K|POTEE|POTEI|POTEJ|PPAN-P2RY11|PPEF1|PPEF2|PPIP5K2|PPP1R7|PPP2CA|PPP2CB|PPP2R5A|PPP3CA|PPP3CB|PPP3CC|PPP4C|PPP5C|PRDX1|PRELP|PRKAA1|PRKAA2|PRKAB1|PRKAB2|PRKACA|PRKACB|PRKACG|PRKAG1|PRKAG2|PRKAR1B|PRKCI|PRKDC|PRKG1|PRKG2|PRKX|PRUNE1|PSMD9|PTGES3|PTGES3L-AARSD1|PTK2|QARS1|QRSL1|RAD23A|RAD23B|RAD51|RAD51B|RAD51C|RAD51D|RASIP1|RBKS|RCL1|RIGI|RIOK1|RIOK2|RIOK3|RNASE1|RNASE2|RNF146|RPL12|RPL23|RPL7A|RPL9|RPLP0|RPP38|RPS12|RPS14|RPS24|RPS6|RRM1|RRM2|RRM2B|RSRC1|RSU1|RTCA|RTN4R|RTN4RL1|RTN4RL2|RUVBL1|RUVBL2|RXFP1|RXFP2|SAE1|SARS1|SARS2|SCIN|SCRIB|SDR42E1|SHOC2|SIK1|SIK2|SLC25A4|SLIT1|SLIT2|SLIT3|SMC1A|SMC1B|SMC2|SMC3|SMC4|SMC5|SMC6|SMG1|SNRNP200|SNRPA1|SNU13|SPIRE1|SPIRE2|SQOR|SRPK1|SRPK2|SRPK3|SRXN1|STK24|STRADA|SUMO1|SYN1|TAF3|TAOK1|TAOK2|TAOK3|TAP1|TARS1|TARS2|TARS3|TCEA1|TCEA2|TCEA3|TCEANC2|TCP1|TCTE1|TENT2|TENT4A|TENT4B|TGM2|THNSL1|TLR1|TLR10|TLR2|TLR3|TLR4|TLR6|TLR7|TLR8|TLR9|TMOD1|TNK2|TP53|TPBG|TRAF7|TRAP1|TRNT1|TRPM4|TRPV1|TRPV4|TRRAP|TRUB1|TSKU|TTBK1|TTK|TUT1|TUT4|TUT7|TWF1|TWF2|TYSND1|UBA1|UBA2|UBA3|UBA5|UBA52|UBA6|UBA7|UBE2A|UBE2B|UBE2D1|UBE2D2|UBE2D3|UBE2D4|UBE2E1|UBE2E2|UBE2E3|UBE2G1|UBE2I|UBE2J1|UBE2K|UBE2L3|UBE2L6|UBE2M|UBE2N|UBE2R2|UBE2S|UBE2U|UBE2W|UBE2Z|UBXN7|UPB1|UXS1|VASN|VDAC1|VDAC2|VDAC3|VIL1|VILL|VNN1|VNN2|VPS4A|VPS4B|WARS1|WASL|XRCC3|XRRA1|XYLB|YARS1|YARS2|YJEFN3|ZFR|ZFR2,831,ABCA1|ABCB1|ABCB11|ABCC1|ABCC2|ABCC4|ABCC6|ABCC8|ABCC9|ABCG1|ABL1|ABL2|ACSL1|ACSS1|ACSS2|ACVR1|ACVR1B|ACVRL1|ADCY1|AFG3L2|AKT1|ALK|AMHR2|APAF1|ARAF|ASNS|ASS1|CDK15|CFTR|CSNK2A1|CSNK2B|GET3|GRK2|GRK3|NAE1|NT5C2|P2RY11|PIK3CA|PPP5C|PRKAA1|SLC25A4|TNK2,42,5.632256404260316,5.509971033643318,831,,ABCA1|ABCB1|ABCB11|ABCC1|ABCC2|ABCC4|ABCC6|ABCC8|ABCC9|ABCG1|ABL1|ABL2|ACSL1|ACSS1|ACSS2|ACVR1|ACVR1B|ACVRL1|ADCY1|AFG3L2|AKT1|ALK|AMHR2|APAF1|ARAF|ASNS|ASS1|CDK15|CFTR|CSNK2A1|CSNK2B|GET3|GRK2|GRK3|NAE1|NT5C2|P2RY11|PIK3CA|PPP5C|PRKAA1|SLC25A4|TNK2,42
ZPEIMTDSQAKGNT-UHFFFAOYSA-N,ZPEIMTDSQAKGNT,ZPEIMTDSQAKGNT-UHFFFAOYSA-N,DB00477,Chlorpromazine,full_inchikey,ABCB1|ABCB11|ABCC3|ABCC4|ACKR3|ADORA1|ADORA2A|ADORA2B|ADRA1A|ADRA1B|ADRA1D|ADRA2A|ADRA2B|ADRA2C|ADRB1|ADRB2|ADRB3|AGTR1|AGTR2|ALB|AOX1|APLNR|AR|ATXN2|AVPR1A|AVPR1B|AVPR2|BCHE|BDKRB1|BRS3|CACNA1C|CACNA1D|CACNA1F|CACNA1S|CALM1|CALM2|CALM3|CCKAR|CCKBR|CCR1|CCR3|CCR4|CCR5|CCR9|CHRM1|CHRM2|CHRM3|CHRM4|CHRM5|CNR1|CNR2|CXCR4|CXCR6|CYP1A2|CYP2C19|CYP2C9|CYP2D6|CYP2E1|CYP2J2|CYP3A4|CYP3A7|DRD1|DRD2|DRD3|DRD4|DRD5|EDNRA|EDNRB|EGFR|ERBB2|ESR2|FFAR4|FYN|GALR1|GALR2|GALR3|GHSR|GNRHR|GPR119|GPR12|GPR135|GPR139|GPR142|GPR148|GPR150|GPR151|GPR161|GPR173|GPR176|GPR19|GPR22|GPR26|GPR27|GPR3|GPR37|GPR37L1|GPR39|GPR45|GPR52|GPR6|GPR61|GPR62|GPR63|GPR65|GPR78|GPR83|GPR84|GPR85|GPR88|GRIN1|GRIN2A|GRIN2B|GRIN2C|GRIN2D|GRIN3A|GRIN3B|GRPR|HCRTR1|HCRTR2|HRH1|HRH2|HRH3|HRH4|HTR1A|HTR1B|HTR1E|HTR1F|HTR2A|HTR2B|HTR2C|HTR3A|HTR3B|HTR3C|HTR3D|HTR3E|HTR4|HTR5A|HTR6|HTR7|IDH1|JUN|KCNH2|KCNK2|KDM1A|KISS1R|LPAR1|LPAR2|LPAR3|LSP1|LTB4R|LTB4R2|MC1R|MC2R|MC3R|MC4R|MC5R|MCHR1|MCHR2|MLNR|NMBR|NMUR1|NMUR2|NOX1|NPBWR2|NPFFR1|NPFFR2|NPR2|NPSR1|NPY1R|NPY2R|NPY4R|NPY5R|NR1H4|NSD2|NTSR1|NTSR2|OPN1LW|OPN1MW2|OPN1SW|OPN3|OPN4|OPN5|OPRD1|OPRK1|OPRL1|OPRM1|ORM1|ORM2|OXTR|PGR|PRLHR|PRNP|PROKR1|PROKR2|PSMA1|PSMA2|PSMA3|PSMA4|PSMA5|PSMA6|PSMA7|PSMA8|PSMB10|PSMB11|PSMB2|PSMB3|PSMB4|PSMB5|PSMB6|PSMB7|PSMB8|PSMB9|PTGDR|PTGER1|PTGER2|PTGER3|PTGER4|PTGFR|PTGIR|QRFPR|RARA|RGR|RHO|RRH|RXFP3|RXFP4|S100B|SCN10A|SCN11A|SCN1A|SCN2A|SCN3A|SCN4A|SCN5A|SCN7A|SCN8A|SIGMAR1|SLC22A1|SLC6A2|SLC6A3|SLC6A4|SMPD1|SSTR1|SSTR2|SSTR4|SSTR5|SYK|TAAR1|TAAR2|TAAR5|TAAR6|TAAR8|TACR2|TBXA2R|THPO|TMIGD3|TP53|TRHR|TRPV1|TRPV2|TRPV3|TRPV4|TRPV5|TRPV6|TSHR|UTS2R,266,ADRA1A|ADRA1B|ADRA2A|CALM1|CHRM1|CHRM3|DRD1|DRD2|DRD3|DRD4|DRD5|HRH1|HRH4|HTR1A|HTR2A|HTR2C|HTR6|HTR7|KCNH2|ORM1|SMPD1,21,5.653996602918059,5.348496306313869,266,N05AA01,ADRA1A|ADRA1B|ADRA2A|CALM1|CHRM1|CHRM3|DRD1|DRD2|DRD3|DRD4|DRD5|HRH1|HRH4|HTR1A|HTR2A|HTR2C|HTR6|HTR7|KCNH2|ORM1|SMPD1,21
ZPUCINDJVBIVPJ-LJISPDSOSA-N,ZPUCINDJVBIVPJ,ZPUCINDJVBIVPJ-LJISPDSOSA-N,DB00907,Cocaine,full_inchikey,ADRA1A|BCHE|CES1|CHRFAM7A|CHRM1|CHRM2|CHRNA1|CHRNA10|CHRNA2|CHRNA3|CHRNA4|CHRNA5|CHRNA6|CHRNA7|CHRNA9|CHRNB1|CHRNB2|CHRNB3|CHRNB4|CHRND|CYP2C8|CYP2D6|CYP3A4|DRD1|DRD2|HRH1|HTR1A|HTR1B|HTR3A|HTR3B|HTR3C|HTR3D|HTR3E|KCNH2|ORM1|SCN10A|SCN11A|SCN1A|SCN2A|SCN3A|SCN4A|SCN5A|SCN7A|SCN8A|SCN9A|SIGMAR1|SLC22A2|SLC6A1|SLC6A11|SLC6A12|SLC6A13|SLC6A15|SLC6A16|SLC6A17|SLC6A18|SLC6A19|SLC6A2|SLC6A20|SLC6A3|SLC6A4|SLC6A5|SLC6A7|SLC6A8|SLC6A9,64,CES1|CHRM1|CHRM2|SCN1A|SIGMAR1|SLC6A2|SLC6A3|SLC6A4,8,6.127953536239179,5.837053038998242,64,N01BC01|R02AD03|S01HA01|S02DA02,CES1|CHRM1|CHRM2|SCN1A|SIGMAR1|SLC6A2|SLC6A3|SLC6A4,8
ZQPPMHVWECSIRJ-MDZDMXLPSA-N,ZQPPMHVWECSIRJ,ZQPPMHVWECSIRJ-MDZDMXLPSA-N,DB04224,Oleic Acid,full_inchikey,ALB|CYP2C19|CYP2C9|FABP1|FABP3|FABP4|FABP7|GC|GPX4|PMP2|PPARA|PPARD|PPARG|RXRA|TOP1,15,FABP1|FABP4|PMP2|PPARA|PPARD|PPARG|RXRA,7,4.497657759695996,4.849999245077863,15,,FABP1|FABP4|PMP2|PPARA|PPARD|PPARG|RXRA,7
ZQSIJRDFPHDXIC-UHFFFAOYSA-N,ZQSIJRDFPHDXIC,ZQSIJRDFPHDXIC-UHFFFAOYSA-N,DB13182,Daidzein,full_inchikey,AHR|AKR1B1|AKR1B10|ALDH2|ALOX12|ALOX15|ATAD5|CA1|CA12|CA2|CA4|CA7|CYP19A1|CYP1A2|CYP2C19|CYP2C9|CYP2D6|CYP3A4|CYP3A7|EGFR|ESR1|ESR2|ESRRA|GLI3|HDAC6|HDAC9|HTR2A|HTT|LTA4H|NFE2L2|NPC1|NR1I2|PSMB5|RAB9A|RACGAP1|RARA|SMN2|TP53|TRPC5|TTR|UGT1A1|XDH,42,AKR1B1|ESR1|ESR2|ESRRA|TRPC5,5,5.157004959570945,4.823908740944319,42,,AKR1B1|ESR1|ESR2|ESRRA|TRPC5,5
ZROLHBHDLIHEMS-HUUCEWRRSA-N,ZROLHBHDLIHEMS,ZROLHBHDLIHEMS-HUUCEWRRSA-N,DB11755,Tetrahydrocannabivarin,full_inchikey,CNR1|CNR2|DAGLA|GPR55|HTR1A|TRPA1|TRPM8|TRPV1|TRPV2|TRPV3|TRPV4|TRPV5|TRPV6,13,CNR1|CNR2|GPR55|HTR1A|TRPA1|TRPM8|TRPV2|TRPV3,8,6.157844119401655,6.057758663924916,13,,CNR1|CNR2|GPR55|HTR1A|TRPA1|TRPM8|TRPV2|TRPV3,8
ZYGHJZDHTFUPRJ-UHFFFAOYSA-N,ZYGHJZDHTFUPRJ,ZYGHJZDHTFUPRJ-UHFFFAOYSA-N,DB04665,Coumarin,full_inchikey,AKR1B1|BACE1|CA1|CA12|CA13|CA14|CA2|CA3|CA4|CA5A|CA5B|CA6|CA7|CA9|CYP1A2|CYP2A6|CYP2C9|ESR1|GAPDH|LTF|MCL1|MELTF|NFE2L2|NR1I2|SORD|TF|TP53|XPO1,28,CA1|CA12|CA14|CA2|CA4|CA6|CA9|CYP2A6,8,4.374855477463579,4.516619288826482,28,,CA1|CA12|CA14|CA2|CA4|CA6|CA9|CYP2A6,8
